dim,prec,M,N_total,N_per_dim,tol,max_sp,subprob,npts,size1,size2,size3,cells,off1,off2,off3
2,d,10000000,9998244,3162,1e-06,2500,0,2500,629,11,1,6919,-3,-3,0
2,d,10000000,9998244,3162,1e-06,2500,1,2500,642,11,1,7062,605,-3,0
2,d,10000000,9998244,3162,1e-06,2500,2,2500,648,11,1,7128,1229,-3,0
2,d,10000000,9998244,3162,1e-06,2500,3,2500,631,11,1,6941,1854,-3,0
2,d,10000000,9998244,3162,1e-06,2500,4,2500,640,11,1,7040,2469,-3,0
2,d,10000000,9998244,3162,1e-06,2500,5,2500,3169,15,1,47535,-2,-3,0
2,d,10000000,9998244,3162,1e-06,2500,6,2500,662,11,1,7282,542,1,0
2,d,10000000,9998244,3162,1e-06,2500,7,2500,648,11,1,7128,1181,1,0
2,d,10000000,9998244,3162,1e-06,2500,8,2500,663,11,1,7293,1806,1,0
2,d,10000000,9998244,3162,1e-06,2500,9,2500,630,11,1,6930,2446,1,0
2,d,10000000,9998244,3162,1e-06,2500,10,2500,3170,15,1,47550,-3,1,0
2,d,10000000,9998244,3162,1e-06,2500,11,2500,648,11,1,7128,525,5,0
2,d,10000000,9998244,3162,1e-06,2500,12,2500,631,11,1,6941,1149,5,0
2,d,10000000,9998244,3162,1e-06,2500,13,2500,680,11,1,7480,1757,5,0
2,d,10000000,9998244,3162,1e-06,2500,14,2500,647,11,1,7117,2414,5,0
2,d,10000000,9998244,3162,1e-06,2500,15,2500,3170,15,1,47550,-3,5,0
2,d,10000000,9998244,3162,1e-06,2500,16,2500,648,11,1,7128,509,9,0
2,d,10000000,9998244,3162,1e-06,2500,17,2500,663,11,1,7293,1134,9,0
2,d,10000000,9998244,3162,1e-06,2500,18,2500,632,11,1,6952,1773,9,0
2,d,10000000,9998244,3162,1e-06,2500,19,2500,664,11,1,7304,2381,9,0
2,d,10000000,9998244,3162,1e-06,2500,20,2500,3170,15,1,47550,-3,9,0
2,d,10000000,9998244,3162,1e-06,2500,21,2500,632,11,1,6952,509,13,0
2,d,10000000,9998244,3162,1e-06,2500,22,2500,632,11,1,6952,1117,13,0
2,d,10000000,9998244,3162,1e-06,2500,23,2500,657,11,1,7227,1725,13,0
2,d,10000000,9998244,3162,1e-06,2500,24,2500,647,11,1,7117,2365,13,0
2,d,10000000,9998244,3162,1e-06,2500,25,2500,3170,15,1,47550,-3,13,0
2,d,10000000,9998244,3162,1e-06,2500,26,2500,643,11,1,7073,431,17,0
2,d,10000000,9998244,3162,1e-06,2500,27,2500,647,11,1,7117,1054,17,0
2,d,10000000,9998244,3162,1e-06,2500,28,2500,662,11,1,7282,1677,17,0
2,d,10000000,9998244,3162,1e-06,2500,29,2500,648,11,1,7128,2317,17,0
2,d,10000000,9998244,3162,1e-06,2500,30,2500,3170,15,1,47550,-3,17,0
2,d,10000000,9998244,3162,1e-06,2500,31,2500,647,11,1,7117,414,21,0
2,d,10000000,9998244,3162,1e-06,2500,32,2500,647,11,1,7117,1038,21,0
2,d,10000000,9998244,3162,1e-06,2500,33,2500,647,11,1,7117,1661,21,0
2,d,10000000,9998244,3162,1e-06,2500,34,2500,632,11,1,6952,2285,21,0
2,d,10000000,9998244,3162,1e-06,2500,35,2500,3170,15,1,47550,-3,21,0
2,d,10000000,9998244,3162,1e-06,2500,36,2500,631,11,1,6941,381,25,0
2,d,10000000,9998244,3162,1e-06,2500,37,2500,631,11,1,6941,990,25,0
2,d,10000000,9998244,3162,1e-06,2500,38,2500,648,11,1,7128,1597,25,0
2,d,10000000,9998244,3162,1e-06,2500,39,2500,631,11,1,6941,2221,25,0
2,d,10000000,9998244,3162,1e-06,2500,40,2500,3170,15,1,47550,-3,25,0
2,d,10000000,9998244,3162,1e-06,2500,41,2500,632,11,1,6952,301,29,0
2,d,10000000,9998244,3162,1e-06,2500,42,2500,646,11,1,7106,910,29,0
2,d,10000000,9998244,3162,1e-06,2500,43,2500,648,11,1,7128,1533,29,0
2,d,10000000,9998244,3162,1e-06,2500,44,2500,661,11,1,7271,2160,29,0
2,d,10000000,9998244,3162,1e-06,2500,45,2500,3170,15,1,47550,-3,29,0
2,d,10000000,9998244,3162,1e-06,2500,46,2500,650,11,1,7150,253,33,0
2,d,10000000,9998244,3162,1e-06,2500,47,2500,616,11,1,6776,893,33,0
2,d,10000000,9998244,3162,1e-06,2500,48,2500,655,11,1,7205,1494,33,0
2,d,10000000,9998244,3162,1e-06,2500,49,2500,648,11,1,7128,2125,33,0
2,d,10000000,9998244,3162,1e-06,2500,50,2500,3170,15,1,47550,-3,33,0
2,d,10000000,9998244,3162,1e-06,2500,51,2500,648,11,1,7128,221,37,0
2,d,10000000,9998244,3162,1e-06,2500,52,2500,644,11,1,7084,845,37,0
2,d,10000000,9998244,3162,1e-06,2500,53,2500,647,11,1,7117,1469,37,0
2,d,10000000,9998244,3162,1e-06,2500,54,2500,648,11,1,7128,2093,37,0
2,d,10000000,9998244,3162,1e-06,2500,55,2500,3168,15,1,47520,-2,37,0
2,d,10000000,9998244,3162,1e-06,2500,56,2500,640,11,1,7040,189,41,0
2,d,10000000,9998244,3162,1e-06,2500,57,2500,648,11,1,7128,813,41,0
2,d,10000000,9998244,3162,1e-06,2500,58,2500,648,11,1,7128,1437,41,0
2,d,10000000,9998244,3162,1e-06,2500,59,2500,648,11,1,7128,2061,41,0
2,d,10000000,9998244,3162,1e-06,2500,60,2500,3170,15,1,47550,-3,41,0
2,d,10000000,9998244,3162,1e-06,2500,61,2500,631,11,1,6941,142,45,0
2,d,10000000,9998244,3162,1e-06,2500,62,2500,631,11,1,6941,750,45,0
2,d,10000000,9998244,3162,1e-06,2500,63,2500,664,11,1,7304,1357,45,0
2,d,10000000,9998244,3162,1e-06,2500,64,2500,647,11,1,7117,1998,45,0
2,d,10000000,9998244,3162,1e-06,2500,65,2500,3170,15,1,47550,-3,45,0
2,d,10000000,9998244,3162,1e-06,2500,66,2500,631,11,1,6941,93,49,0
2,d,10000000,9998244,3162,1e-06,2500,67,2500,631,11,1,6941,702,49,0
2,d,10000000,9998244,3162,1e-06,2500,68,2500,678,11,1,7458,1311,49,0
2,d,10000000,9998244,3162,1e-06,2500,69,2500,646,11,1,7106,1965,49,0
2,d,10000000,9998244,3162,1e-06,2500,70,2500,3170,15,1,47550,-3,49,0
2,d,10000000,9998244,3162,1e-06,2500,71,2500,664,11,1,7304,45,53,0
2,d,10000000,9998244,3162,1e-06,2500,72,2500,647,11,1,7117,686,53,0
2,d,10000000,9998244,3162,1e-06,2500,73,2500,663,11,1,7293,1309,53,0
2,d,10000000,9998244,3162,1e-06,2500,74,2500,631,11,1,6941,1949,53,0
2,d,10000000,9998244,3162,1e-06,2500,75,2500,3169,15,1,47535,-3,53,0
2,d,10000000,9998244,3162,1e-06,2500,76,2500,647,11,1,7117,29,57,0
2,d,10000000,9998244,3162,1e-06,2500,77,2500,647,11,1,7117,654,57,0
2,d,10000000,9998244,3162,1e-06,2500,78,2500,663,11,1,7293,1278,57,0
2,d,10000000,9998244,3162,1e-06,2500,79,2500,647,11,1,7117,1918,57,0
2,d,10000000,9998244,3162,1e-06,2500,80,2500,3170,15,1,47550,-3,57,0
2,d,10000000,9998244,3162,1e-06,2500,81,2500,662,11,1,7282,-2,61,0
2,d,10000000,9998244,3162,1e-06,2500,82,2500,631,11,1,6941,637,61,0
2,d,10000000,9998244,3162,1e-06,2500,83,2500,663,11,1,7293,1245,61,0
2,d,10000000,9998244,3162,1e-06,2500,84,2500,648,11,1,7128,1885,61,0
2,d,10000000,9998244,3162,1e-06,2500,85,2500,654,11,1,7194,2509,61,0
2,d,10000000,9998244,3162,1e-06,2500,86,2500,3170,15,1,47550,-3,61,0
2,d,10000000,9998244,3162,1e-06,2500,87,2500,648,11,1,7128,605,65,0
2,d,10000000,9998244,3162,1e-06,2500,88,2500,648,11,1,7128,1229,65,0
2,d,10000000,9998244,3162,1e-06,2500,89,2500,631,11,1,6941,1870,65,0
2,d,10000000,9998244,3162,1e-06,2500,90,2500,648,11,1,7128,2477,65,0
2,d,10000000,9998244,3162,1e-06,2500,91,2500,3170,15,1,47550,-3,65,0
2,d,10000000,9998244,3162,1e-06,2500,92,2500,645,11,1,7095,575,69,0
2,d,10000000,9998244,3162,1e-06,2500,93,2500,661,11,1,7271,1198,69,0
2,d,10000000,9998244,3162,1e-06,2500,94,2500,663,11,1,7293,1837,69,0
2,d,10000000,9998244,3162,1e-06,2500,95,2500,632,11,1,6952,2477,69,0
2,d,10000000,9998244,3162,1e-06,2500,96,2500,3170,15,1,47550,-3,69,0
2,d,10000000,9998244,3162,1e-06,2500,97,2500,646,11,1,7106,527,73,0
2,d,10000000,9998244,3162,1e-06,2500,98,2500,659,11,1,7249,1152,73,0
2,d,10000000,9998244,3162,1e-06,2500,99,2500,658,11,1,7238,1789,73,0
2,d,10000000,9998244,3162,1e-06,2500,100,2500,616,11,1,6776,2429,73,0
2,d,10000000,9998244,3162,1e-06,2500,101,2500,3170,15,1,47550,-3,73,0
2,d,10000000,9998244,3162,1e-06,2500,102,2500,647,11,1,7117,493,77,0
2,d,10000000,9998244,3162,1e-06,2500,103,2500,631,11,1,6941,1118,77,0
2,d,10000000,9998244,3162,1e-06,2500,104,2500,648,11,1,7128,1725,77,0
2,d,10000000,9998244,3162,1e-06,2500,105,2500,664,11,1,7304,2349,77,0
2,d,10000000,9998244,3162,1e-06,2500,106,2500,3170,15,1,47550,-3,77,0
2,d,10000000,9998244,3162,1e-06,2500,107,2500,658,11,1,7238,463,81,0
2,d,10000000,9998244,3162,1e-06,2500,108,2500,630,11,1,6930,1102,81,0
2,d,10000000,9998244,3162,1e-06,2500,109,2500,661,11,1,7271,1711,81,0
2,d,10000000,9998244,3162,1e-06,2500,110,2500,648,11,1,7128,2349,81,0
2,d,10000000,9998244,3162,1e-06,2500,111,2500,3170,15,1,47550,-3,81,0
2,d,10000000,9998244,3162,1e-06,2500,112,2500,647,11,1,7117,430,85,0
2,d,10000000,9998244,3162,1e-06,2500,113,2500,646,11,1,7106,1055,85,0
2,d,10000000,9998244,3162,1e-06,2500,114,2500,632,11,1,6952,1677,85,0
2,d,10000000,9998244,3162,1e-06,2500,115,2500,646,11,1,7106,2286,85,0
2,d,10000000,9998244,3162,1e-06,2500,116,2500,3170,15,1,47550,-3,85,0
2,d,10000000,9998244,3162,1e-06,2500,117,2500,646,11,1,7106,381,89,0
2,d,10000000,9998244,3162,1e-06,2500,118,2500,647,11,1,7117,1005,89,0
2,d,10000000,9998244,3162,1e-06,2500,119,2500,631,11,1,6941,1630,89,0
2,d,10000000,9998244,3162,1e-06,2500,120,2500,629,11,1,6919,2239,89,0
2,d,10000000,9998244,3162,1e-06,2500,121,2500,3170,15,1,47550,-3,89,0
2,d,10000000,9998244,3162,1e-06,2500,122,2500,632,11,1,6952,317,93,0
2,d,10000000,9998244,3162,1e-06,2500,123,2500,638,11,1,7018,933,93,0
2,d,10000000,9998244,3162,1e-06,2500,124,2500,632,11,1,6952,1549,93,0
2,d,10000000,9998244,3162,1e-06,2500,125,2500,632,11,1,6952,2173,93,0
2,d,10000000,9998244,3162,1e-06,2500,126,2500,3170,15,1,47550,-3,93,0
2,d,10000000,9998244,3162,1e-06,2500,127,2500,646,11,1,7106,253,97,0
2,d,10000000,9998244,3162,1e-06,2500,128,2500,657,11,1,7227,877,97,0
2,d,10000000,9998244,3162,1e-06,2500,129,2500,647,11,1,7117,1517,97,0
2,d,10000000,9998244,3162,1e-06,2500,130,2500,630,11,1,6930,2143,97,0
2,d,10000000,9998244,3162,1e-06,2500,131,2500,3170,15,1,47550,-3,97,0
2,d,10000000,9998244,3162,1e-06,2500,132,2500,648,11,1,7128,205,101,0
2,d,10000000,9998244,3162,1e-06,2500,133,2500,664,11,1,7304,829,101,0
2,d,10000000,9998244,3162,1e-06,2500,134,2500,647,11,1,7117,1469,101,0
2,d,10000000,9998244,3162,1e-06,2500,135,2500,648,11,1,7128,2093,101,0
2,d,10000000,9998244,3162,1e-06,2500,136,2500,3170,15,1,47550,-3,101,0
2,d,10000000,9998244,3162,1e-06,2500,137,2500,647,11,1,7117,173,105,0
2,d,10000000,9998244,3162,1e-06,2500,138,2500,632,11,1,6952,797,105,0
2,d,10000000,9998244,3162,1e-06,2500,139,2500,647,11,1,7117,1405,105,0
2,d,10000000,9998244,3162,1e-06,2500,140,2500,632,11,1,6952,2029,105,0
2,d,10000000,9998244,3162,1e-06,2500,141,2500,3170,15,1,47550,-3,105,0
2,d,10000000,9998244,3162,1e-06,2500,142,2500,679,11,1,7469,110,109,0
2,d,10000000,9998244,3162,1e-06,2500,143,2500,646,11,1,7106,766,109,0
2,d,10000000,9998244,3162,1e-06,2500,144,2500,630,11,1,6930,1390,109,0
2,d,10000000,9998244,3162,1e-06,2500,145,2500,646,11,1,7106,1998,109,0
2,d,10000000,9998244,3162,1e-06,2500,146,2500,3170,15,1,47550,-3,109,0
2,d,10000000,9998244,3162,1e-06,2500,147,2500,647,11,1,7117,93,113,0
2,d,10000000,9998244,3162,1e-06,2500,148,2500,663,11,1,7293,717,113,0
2,d,10000000,9998244,3162,1e-06,2500,149,2500,648,11,1,7128,1357,113,0
2,d,10000000,9998244,3162,1e-06,2500,150,2500,647,11,1,7117,1982,113,0
2,d,10000000,9998244,3162,1e-06,2500,151,2500,3170,15,1,47550,-3,113,0
2,d,10000000,9998244,3162,1e-06,2500,152,2500,631,11,1,6941,77,117,0
2,d,10000000,9998244,3162,1e-06,2500,153,2500,645,11,1,7095,685,117,0
2,d,10000000,9998244,3162,1e-06,2500,154,2500,648,11,1,7128,1309,117,0
2,d,10000000,9998244,3162,1e-06,2500,155,2500,679,11,1,7469,1933,117,0
2,d,10000000,9998244,3162,1e-06,2500,156,2500,3170,15,1,47550,-3,117,0
2,d,10000000,9998244,3162,1e-06,2500,157,2500,632,11,1,6952,45,121,0
2,d,10000000,9998244,3162,1e-06,2500,158,2500,645,11,1,7095,655,121,0
2,d,10000000,9998244,3162,1e-06,2500,159,2500,648,11,1,7128,1277,121,0
2,d,10000000,9998244,3162,1e-06,2500,160,2500,632,11,1,6952,1901,121,0
2,d,10000000,9998244,3162,1e-06,2500,161,2500,648,11,1,7128,2509,121,0
2,d,10000000,9998244,3162,1e-06,2500,162,2500,3170,15,1,47550,-3,121,0
2,d,10000000,9998244,3162,1e-06,2500,163,2500,632,11,1,6952,605,125,0
2,d,10000000,9998244,3162,1e-06,2500,164,2500,647,11,1,7117,1213,125,0
2,d,10000000,9998244,3162,1e-06,2500,165,2500,647,11,1,7117,1837,125,0
2,d,10000000,9998244,3162,1e-06,2500,166,2500,632,11,1,6952,2461,125,0
2,d,10000000,9998244,3162,1e-06,2500,167,2500,3170,15,1,47550,-3,125,0
2,d,10000000,9998244,3162,1e-06,2500,168,2500,664,11,1,7304,525,129,0
2,d,10000000,9998244,3162,1e-06,2500,169,2500,647,11,1,7117,1166,129,0
2,d,10000000,9998244,3162,1e-06,2500,170,2500,645,11,1,7095,1789,129,0
2,d,10000000,9998244,3162,1e-06,2500,171,2500,632,11,1,6952,2413,129,0
2,d,10000000,9998244,3162,1e-06,2500,172,2500,3170,15,1,47550,-3,129,0
2,d,10000000,9998244,3162,1e-06,2500,173,2500,630,11,1,6930,479,133,0
2,d,10000000,9998244,3162,1e-06,2500,174,2500,648,11,1,7128,1085,133,0
2,d,10000000,9998244,3162,1e-06,2500,175,2500,643,11,1,7073,1710,133,0
2,d,10000000,9998244,3162,1e-06,2500,176,2500,616,11,1,6776,2333,133,0
2,d,10000000,9998244,3162,1e-06,2500,177,2500,3170,15,1,47550,-3,133,0
2,d,10000000,9998244,3162,1e-06,2500,178,2500,647,11,1,7117,397,137,0
2,d,10000000,9998244,3162,1e-06,2500,179,2500,648,11,1,7128,1021,137,0
2,d,10000000,9998244,3162,1e-06,2500,180,2500,661,11,1,7271,1645,137,0
2,d,10000000,9998244,3162,1e-06,2500,181,2500,648,11,1,7128,2285,137,0
2,d,10000000,9998244,3162,1e-06,2500,182,2500,3170,15,1,47550,-3,137,0
2,d,10000000,9998244,3162,1e-06,2500,183,2500,660,11,1,7260,368,141,0
2,d,10000000,9998244,3162,1e-06,2500,184,2500,647,11,1,7117,1006,141,0
2,d,10000000,9998244,3162,1e-06,2500,185,2500,646,11,1,7106,1631,141,0
2,d,10000000,9998244,3162,1e-06,2500,186,2500,648,11,1,7128,2253,141,0
2,d,10000000,9998244,3162,1e-06,2500,187,2500,3170,15,1,47550,-3,141,0
2,d,10000000,9998244,3162,1e-06,2500,188,2500,648,11,1,7128,333,145,0
2,d,10000000,9998244,3162,1e-06,2500,189,2500,639,11,1,7029,965,145,0
2,d,10000000,9998244,3162,1e-06,2500,190,2500,632,11,1,6952,1581,145,0
2,d,10000000,9998244,3162,1e-06,2500,191,2500,648,11,1,7128,2189,145,0
2,d,10000000,9998244,3162,1e-06,2500,192,2500,3170,15,1,47550,-3,145,0
2,d,10000000,9998244,3162,1e-06,2500,193,2500,643,11,1,7073,274,149,0
2,d,10000000,9998244,3162,1e-06,2500,194,2500,632,11,1,6952,893,149,0
2,d,10000000,9998244,3162,1e-06,2500,195,2500,677,11,1,7447,1503,149,0
2,d,10000000,9998244,3162,1e-06,2500,196,2500,664,11,1,7304,2157,149,0
2,d,10000000,9998244,3162,1e-06,2500,197,2500,3169,15,1,47535,-3,149,0
2,d,10000000,9998244,3162,1e-06,2500,198,2500,632,11,1,6952,253,153,0
2,d,10000000,9998244,3162,1e-06,2500,199,2500,654,11,1,7194,870,153,0
2,d,10000000,9998244,3162,1e-06,2500,200,2500,664,11,1,7304,1501,153,0
2,d,10000000,9998244,3162,1e-06,2500,201,2500,630,11,1,6930,2141,153,0
2,d,10000000,9998244,3162,1e-06,2500,202,2500,3170,15,1,47550,-3,153,0
2,d,10000000,9998244,3162,1e-06,2500,203,2500,663,11,1,7293,205,157,0
2,d,10000000,9998244,3162,1e-06,2500,204,2500,632,11,1,6952,845,157,0
2,d,10000000,9998244,3162,1e-06,2500,205,2500,628,11,1,6908,1456,157,0
2,d,10000000,9998244,3162,1e-06,2500,206,2500,640,11,1,7040,2062,157,0
2,d,10000000,9998244,3162,1e-06,2500,207,2500,3170,15,1,47550,-3,157,0
2,d,10000000,9998244,3162,1e-06,2500,208,2500,648,11,1,7128,157,161,0
2,d,10000000,9998244,3162,1e-06,2500,209,2500,652,11,1,7172,782,161,0
2,d,10000000,9998244,3162,1e-06,2500,210,2500,632,11,1,6952,1421,161,0
2,d,10000000,9998244,3162,1e-06,2500,211,2500,644,11,1,7084,2033,161,0
2,d,10000000,9998244,3162,1e-06,2500,212,2500,3170,15,1,47550,-3,161,0
2,d,10000000,9998244,3162,1e-06,2500,213,2500,664,11,1,7304,125,165,0
2,d,10000000,9998244,3162,1e-06,2500,214,2500,629,11,1,6919,765,165,0
2,d,10000000,9998244,3162,1e-06,2500,215,2500,642,11,1,7062,1375,165,0
2,d,10000000,9998244,3162,1e-06,2500,216,2500,648,11,1,7128,1997,165,0
2,d,10000000,9998244,3162,1e-06,2500,217,2500,3170,15,1,47550,-3,165,0
2,d,10000000,9998244,3162,1e-06,2500,218,2500,662,11,1,7282,78,169,0
2,d,10000000,9998244,3162,1e-06,2500,219,2500,632,11,1,6952,717,169,0
2,d,10000000,9998244,3162,1e-06,2500,220,2500,648,11,1,7128,1325,169,0
2,d,10000000,9998244,3162,1e-06,2500,221,2500,647,11,1,7117,1949,169,0
2,d,10000000,9998244,3162,1e-06,2500,222,2500,3170,15,1,47550,-3,169,0
2,d,10000000,9998244,3162,1e-06,2500,223,2500,647,11,1,7117,30,173,0
2,d,10000000,9998244,3162,1e-06,2500,224,2500,648,11,1,7128,653,173,0
2,d,10000000,9998244,3162,1e-06,2500,225,2500,630,11,1,6930,1278,173,0
2,d,10000000,9998244,3162,1e-06,2500,226,2500,623,11,1,6853,1888,173,0
2,d,10000000,9998244,3162,1e-06,2500,227,2500,646,11,1,7106,2494,173,0
2,d,10000000,9998244,3162,1e-06,2500,228,2500,3170,15,1,47550,-3,173,0
2,d,10000000,9998244,3162,1e-06,2500,229,2500,631,11,1,6941,590,177,0
2,d,10000000,9998244,3162,1e-06,2500,230,2500,651,11,1,7161,1208,177,0
2,d,10000000,9998244,3162,1e-06,2500,231,2500,657,11,1,7227,1837,177,0
2,d,10000000,9998244,3162,1e-06,2500,232,2500,646,11,1,7106,2478,177,0
2,d,10000000,9998244,3162,1e-06,2500,233,2500,3169,15,1,47535,-3,177,0
2,d,10000000,9998244,3162,1e-06,2500,234,2500,644,11,1,7084,590,181,0
2,d,10000000,9998244,3162,1e-06,2500,235,2500,647,11,1,7117,1213,181,0
2,d,10000000,9998244,3162,1e-06,2500,236,2500,647,11,1,7117,1838,181,0
2,d,10000000,9998244,3162,1e-06,2500,237,2500,662,11,1,7282,2462,181,0
2,d,10000000,9998244,3162,1e-06,2500,238,2500,3170,15,1,47550,-3,181,0
2,d,10000000,9998244,3162,1e-06,2500,239,2500,629,11,1,6919,559,185,0
2,d,10000000,9998244,3162,1e-06,2500,240,2500,646,11,1,7106,1167,185,0
2,d,10000000,9998244,3162,1e-06,2500,241,2500,646,11,1,7106,1790,185,0
2,d,10000000,9998244,3162,1e-06,2500,242,2500,631,11,1,6941,2413,185,0
2,d,10000000,9998244,3162,1e-06,2500,243,2500,3169,15,1,47535,-2,185,0
2,d,10000000,9998244,3162,1e-06,2500,244,2500,648,11,1,7128,491,189,0
2,d,10000000,9998244,3162,1e-06,2500,245,2500,647,11,1,7117,1117,189,0
2,d,10000000,9998244,3162,1e-06,2500,246,2500,647,11,1,7117,1742,189,0
2,d,10000000,9998244,3162,1e-06,2500,247,2500,664,11,1,7304,2365,189,0
2,d,10000000,9998244,3162,1e-06,2500,248,2500,3170,15,1,47550,-3,189,0
2,d,10000000,9998244,3162,1e-06,2500,249,2500,648,11,1,7128,461,193,0
2,d,10000000,9998244,3162,1e-06,2500,250,2500,647,11,1,7117,1086,193,0
2,d,10000000,9998244,3162,1e-06,2500,251,2500,643,11,1,7073,1710,193,0
2,d,10000000,9998244,3162,1e-06,2500,252,2500,632,11,1,6952,2333,193,0
2,d,10000000,9998244,3162,1e-06,2500,253,2500,3170,15,1,47550,-3,193,0
2,d,10000000,9998244,3162,1e-06,2500,254,2500,664,11,1,7304,413,197,0
2,d,10000000,9998244,3162,1e-06,2500,255,2500,647,11,1,7117,1053,197,0
2,d,10000000,9998244,3162,1e-06,2500,256,2500,647,11,1,7117,1677,197,0
2,d,10000000,9998244,3162,1e-06,2500,257,2500,647,11,1,7117,2301,197,0
2,d,10000000,9998244,3162,1e-06,2500,258,2500,3170,15,1,47550,-3,197,0
2,d,10000000,9998244,3162,1e-06,2500,259,2500,648,11,1,7128,397,201,0
2,d,10000000,9998244,3162,1e-06,2500,260,2500,646,11,1,7106,1022,201,0
2,d,10000000,9998244,3162,1e-06,2500,261,2500,647,11,1,7117,1646,201,0
2,d,10000000,9998244,3162,1e-06,2500,262,2500,660,11,1,7260,2272,201,0
2,d,10000000,9998244,3162,1e-06,2500,263,2500,3170,15,1,47550,-3,201,0
2,d,10000000,9998244,3162,1e-06,2500,264,2500,663,11,1,7293,350,205,0
2,d,10000000,9998244,3162,1e-06,2500,265,2500,632,11,1,6952,989,205,0
2,d,10000000,9998244,3162,1e-06,2500,266,2500,661,11,1,7271,1600,205,0
2,d,10000000,9998244,3162,1e-06,2500,267,2500,672,11,1,7392,2239,205,0
2,d,10000000,9998244,3162,1e-06,2500,268,2500,3170,15,1,47550,-3,205,0
2,d,10000000,9998244,3162,1e-06,2500,269,2500,647,11,1,7117,365,209,0
2,d,10000000,9998244,3162,1e-06,2500,270,2500,662,11,1,7282,989,209,0
2,d,10000000,9998244,3162,1e-06,2500,271,2500,662,11,1,7282,1629,209,0
2,d,10000000,9998244,3162,1e-06,2500,272,2500,647,11,1,7117,2270,209,0
2,d,10000000,9998244,3162,1e-06,2500,273,2500,3169,15,1,47535,-3,209,0
2,d,10000000,9998244,3162,1e-06,2500,274,2500,656,11,1,7216,357,213,0
2,d,10000000,9998244,3162,1e-06,2500,275,2500,669,11,1,7359,1000,213,0
2,d,10000000,9998244,3162,1e-06,2500,276,2500,632,11,1,6952,1645,213,0
2,d,10000000,9998244,3162,1e-06,2500,277,2500,648,11,1,7128,2253,213,0
2,d,10000000,9998244,3162,1e-06,2500,278,2500,3170,15,1,47550,-3,213,0
2,d,10000000,9998244,3162,1e-06,2500,279,2500,659,11,1,7249,333,217,0
2,d,10000000,9998244,3162,1e-06,2500,280,2500,645,11,1,7095,973,217,0
2,d,10000000,9998244,3162,1e-06,2500,281,2500,631,11,1,6941,1598,217,0
2,d,10000000,9998244,3162,1e-06,2500,282,2500,648,11,1,7128,2205,217,0
2,d,10000000,9998244,3162,1e-06,2500,283,2500,3170,15,1,47550,-3,217,0
2,d,10000000,9998244,3162,1e-06,2500,284,2500,664,11,1,7304,285,221,0
2,d,10000000,9998244,3162,1e-06,2500,285,2500,632,11,1,6952,925,221,0
2,d,10000000,9998244,3162,1e-06,2500,286,2500,646,11,1,7106,1535,221,0
2,d,10000000,9998244,3162,1e-06,2500,287,2500,664,11,1,7304,2157,221,0
2,d,10000000,9998244,3162,1e-06,2500,288,2500,3170,15,1,47550,-3,221,0
2,d,10000000,9998244,3162,1e-06,2500,289,2500,647,11,1,7117,269,225,0
2,d,10000000,9998244,3162,1e-06,2500,290,2500,648,11,1,7128,893,225,0
2,d,10000000,9998244,3162,1e-06,2500,291,2500,663,11,1,7293,1517,225,0
2,d,10000000,9998244,3162,1e-06,2500,292,2500,645,11,1,7095,2158,225,0
2,d,10000000,9998244,3162,1e-06,2500,293,2500,3170,15,1,47550,-3,225,0
2,d,10000000,9998244,3162,1e-06,2500,294,2500,644,11,1,7084,237,229,0
2,d,10000000,9998244,3162,1e-06,2500,295,2500,615,11,1,6765,861,229,0
2,d,10000000,9998244,3162,1e-06,2500,296,2500,632,11,1,6952,1453,229,0
2,d,10000000,9998244,3162,1e-06,2500,297,2500,664,11,1,7304,2061,229,0
2,d,10000000,9998244,3162,1e-06,2500,298,2500,3170,15,1,47550,-3,229,0
2,d,10000000,9998244,3162,1e-06,2500,299,2500,662,11,1,7282,174,233,0
2,d,10000000,9998244,3162,1e-06,2500,300,2500,642,11,1,7062,818,233,0
2,d,10000000,9998244,3162,1e-06,2500,301,2500,647,11,1,7117,1437,233,0
2,d,10000000,9998244,3162,1e-06,2500,302,2500,632,11,1,6952,2061,233,0
2,d,10000000,9998244,3162,1e-06,2500,303,2500,3170,15,1,47550,-3,233,0
2,d,10000000,9998244,3162,1e-06,2500,304,2500,664,11,1,7304,141,237,0
2,d,10000000,9998244,3162,1e-06,2500,305,2500,662,11,1,7282,782,237,0
2,d,10000000,9998244,3162,1e-06,2500,306,2500,648,11,1,7128,1421,237,0
2,d,10000000,9998244,3162,1e-06,2500,307,2500,647,11,1,7117,2046,237,0
2,d,10000000,9998244,3162,1e-06,2500,308,2500,3169,15,1,47535,-2,237,0
2,d,10000000,9998244,3162,1e-06,2500,309,2500,632,11,1,6952,141,241,0
2,d,10000000,9998244,3162,1e-06,2500,310,2500,648,11,1,7128,763,241,0
2,d,10000000,9998244,3162,1e-06,2500,311,2500,648,11,1,7128,1389,241,0
2,d,10000000,9998244,3162,1e-06,2500,312,2500,664,11,1,7304,2013,241,0
2,d,10000000,9998244,3162,1e-06,2500,313,2500,3170,15,1,47550,-3,241,0
2,d,10000000,9998244,3162,1e-06,2500,314,2500,646,11,1,7106,125,245,0
2,d,10000000,9998244,3162,1e-06,2500,315,2500,637,11,1,7007,749,245,0
2,d,10000000,9998244,3162,1e-06,2500,316,2500,662,11,1,7282,1373,245,0
2,d,10000000,9998244,3162,1e-06,2500,317,2500,646,11,1,7106,2014,245,0
2,d,10000000,9998244,3162,1e-06,2500,318,2500,3170,15,1,47550,-3,245,0
2,d,10000000,9998244,3162,1e-06,2500,319,2500,641,11,1,7051,109,249,0
2,d,10000000,9998244,3162,1e-06,2500,320,2500,631,11,1,6941,734,249,0
2,d,10000000,9998244,3162,1e-06,2500,321,2500,673,11,1,7403,1346,249,0
2,d,10000000,9998244,3162,1e-06,2500,322,2500,646,11,1,7106,1998,249,0
2,d,10000000,9998244,3162,1e-06,2500,323,2500,3170,15,1,47550,-3,249,0
2,d,10000000,9998244,3162,1e-06,2500,324,2500,632,11,1,6952,77,253,0
2,d,10000000,9998244,3162,1e-06,2500,325,2500,644,11,1,7084,687,253,0
2,d,10000000,9998244,3162,1e-06,2500,326,2500,647,11,1,7117,1310,253,0
2,d,10000000,9998244,3162,1e-06,2500,327,2500,648,11,1,7128,1933,253,0
2,d,10000000,9998244,3162,1e-06,2500,328,2500,3169,15,1,47535,-2,253,0
2,d,10000000,9998244,3162,1e-06,2500,329,2500,646,11,1,7106,30,257,0
2,d,10000000,9998244,3162,1e-06,2500,330,2500,632,11,1,6952,653,257,0
2,d,10000000,9998244,3162,1e-06,2500,331,2500,646,11,1,7106,1262,257,0
2,d,10000000,9998244,3162,1e-06,2500,332,2500,647,11,1,7117,1886,257,0
2,d,10000000,9998244,3162,1e-06,2500,333,2500,647,11,1,7117,2509,257,0
2,d,10000000,9998244,3162,1e-06,2500,334,2500,3170,15,1,47550,-3,257,0
2,d,10000000,9998244,3162,1e-06,2500,335,2500,648,11,1,7128,605,261,0
2,d,10000000,9998244,3162,1e-06,2500,336,2500,644,11,1,7084,1229,261,0
2,d,10000000,9998244,3162,1e-06,2500,337,2500,632,11,1,6952,1853,261,0
2,d,10000000,9998244,3162,1e-06,2500,338,2500,631,11,1,6941,2462,261,0
2,d,10000000,9998244,3162,1e-06,2500,339,2500,3170,15,1,47550,-3,261,0
2,d,10000000,9998244,3162,1e-06,2500,340,2500,645,11,1,7095,558,265,0
2,d,10000000,9998244,3162,1e-06,2500,341,2500,661,11,1,7271,1181,265,0
2,d,10000000,9998244,3162,1e-06,2500,342,2500,616,11,1,6776,1821,265,0
2,d,10000000,9998244,3162,1e-06,2500,343,2500,630,11,1,6930,2415,265,0
2,d,10000000,9998244,3162,1e-06,2500,344,2500,3170,15,1,47550,-3,265,0
2,d,10000000,9998244,3162,1e-06,2500,345,2500,648,11,1,7128,477,269,0
2,d,10000000,9998244,3162,1e-06,2500,346,2500,631,11,1,6941,1102,269,0
2,d,10000000,9998244,3162,1e-06,2500,347,2500,630,11,1,6930,1711,269,0
2,d,10000000,9998244,3162,1e-06,2500,348,2500,663,11,1,7293,2317,269,0
2,d,10000000,9998244,3162,1e-06,2500,349,2500,3170,15,1,47550,-3,269,0
2,d,10000000,9998244,3162,1e-06,2500,350,2500,661,11,1,7271,429,273,0
2,d,10000000,9998244,3162,1e-06,2500,351,2500,647,11,1,7117,1069,273,0
2,d,10000000,9998244,3162,1e-06,2500,352,2500,647,11,1,7117,1694,273,0
2,d,10000000,9998244,3162,1e-06,2500,353,2500,647,11,1,7117,2318,273,0
2,d,10000000,9998244,3162,1e-06,2500,354,2500,3170,15,1,47550,-3,273,0
2,d,10000000,9998244,3162,1e-06,2500,355,2500,632,11,1,6952,413,277,0
2,d,10000000,9998244,3162,1e-06,2500,356,2500,660,11,1,7260,1023,277,0
2,d,10000000,9998244,3162,1e-06,2500,357,2500,647,11,1,7117,1661,277,0
2,d,10000000,9998244,3162,1e-06,2500,358,2500,631,11,1,6941,2285,277,0
2,d,10000000,9998244,3162,1e-06,2500,359,2500,3169,15,1,47535,-2,277,0
2,d,10000000,9998244,3162,1e-06,2500,360,2500,655,11,1,7205,357,281,0
2,d,10000000,9998244,3162,1e-06,2500,361,2500,632,11,1,6952,989,281,0
2,d,10000000,9998244,3162,1e-06,2500,362,2500,662,11,1,7282,1599,281,0
2,d,10000000,9998244,3162,1e-06,2500,363,2500,657,11,1,7227,2243,281,0
2,d,10000000,9998244,3162,1e-06,2500,364,2500,3169,15,1,47535,-2,281,0
2,d,10000000,9998244,3162,1e-06,2500,365,2500,645,11,1,7095,349,285,0
2,d,10000000,9998244,3162,1e-06,2500,366,2500,632,11,1,6952,973,285,0
2,d,10000000,9998244,3162,1e-06,2500,367,2500,657,11,1,7227,1584,285,0
2,d,10000000,9998244,3162,1e-06,2500,368,2500,647,11,1,7117,2221,285,0
2,d,10000000,9998244,3162,1e-06,2500,369,2500,3170,15,1,47550,-3,285,0
2,d,10000000,9998244,3162,1e-06,2500,370,2500,662,11,1,7282,317,289,0
2,d,10000000,9998244,3162,1e-06,2500,371,2500,648,11,1,7128,957,289,0
2,d,10000000,9998244,3162,1e-06,2500,372,2500,662,11,1,7282,1582,289,0
2,d,10000000,9998244,3162,1e-06,2500,373,2500,664,11,1,7304,2221,289,0
2,d,10000000,9998244,3162,1e-06,2500,374,2500,3170,15,1,47550,-3,289,0
2,d,10000000,9998244,3162,1e-06,2500,375,2500,648,11,1,7128,317,293,0
2,d,10000000,9998244,3162,1e-06,2500,376,2500,648,11,1,7128,941,293,0
2,d,10000000,9998244,3162,1e-06,2500,377,2500,663,11,1,7293,1566,293,0
2,d,10000000,9998244,3162,1e-06,2500,378,2500,645,11,1,7095,2208,293,0
2,d,10000000,9998244,3162,1e-06,2500,379,2500,3170,15,1,47550,-3,293,0
2,d,10000000,9998244,3162,1e-06,2500,380,2500,631,11,1,6941,301,297,0
2,d,10000000,9998244,3162,1e-06,2500,381,2500,648,11,1,7128,909,297,0
2,d,10000000,9998244,3162,1e-06,2500,382,2500,632,11,1,6952,1533,297,0
2,d,10000000,9998244,3162,1e-06,2500,383,2500,648,11,1,7128,2141,297,0
2,d,10000000,9998244,3162,1e-06,2500,384,2500,3170,15,1,47550,-3,297,0
2,d,10000000,9998244,3162,1e-06,2500,385,2500,647,11,1,7117,237,301,0
2,d,10000000,9998244,3162,1e-06,2500,386,2500,646,11,1,7106,861,301,0
2,d,10000000,9998244,3162,1e-06,2500,387,2500,648,11,1,7128,1485,301,0
2,d,10000000,9998244,3162,1e-06,2500,388,2500,662,11,1,7282,2109,301,0
2,d,10000000,9998244,3162,1e-06,2500,389,2500,3170,15,1,47550,-3,301,0
2,d,10000000,9998244,3162,1e-06,2500,390,2500,663,11,1,7293,190,305,0
2,d,10000000,9998244,3162,1e-06,2500,391,2500,648,11,1,7128,829,305,0
2,d,10000000,9998244,3162,1e-06,2500,392,2500,648,11,1,7128,1453,305,0
2,d,10000000,9998244,3162,1e-06,2500,393,2500,647,11,1,7117,2078,305,0
2,d,10000000,9998244,3162,1e-06,2500,394,2500,3170,15,1,47550,-3,305,0
2,d,10000000,9998244,3162,1e-06,2500,395,2500,648,11,1,7128,173,309,0
2,d,10000000,9998244,3162,1e-06,2500,396,2500,647,11,1,7117,798,309,0
2,d,10000000,9998244,3162,1e-06,2500,397,2500,647,11,1,7117,1422,309,0
2,d,10000000,9998244,3162,1e-06,2500,398,2500,647,11,1,7117,2046,309,0
2,d,10000000,9998244,3162,1e-06,2500,399,2500,3170,15,1,47550,-3,309,0
2,d,10000000,9998244,3162,1e-06,2500,400,2500,642,11,1,7062,130,313,0
2,d,10000000,9998244,3162,1e-06,2500,401,2500,646,11,1,7106,750,313,0
2,d,10000000,9998244,3162,1e-06,2500,402,2500,632,11,1,6952,1373,313,0
2,d,10000000,9998244,3162,1e-06,2500,403,2500,645,11,1,7095,1984,313,0
2,d,10000000,9998244,3162,1e-06,2500,404,2500,3170,15,1,47550,-3,313,0
2,d,10000000,9998244,3162,1e-06,2500,405,2500,646,11,1,7106,61,317,0
2,d,10000000,9998244,3162,1e-06,2500,406,2500,632,11,1,6952,685,317,0
2,d,10000000,9998244,3162,1e-06,2500,407,2500,646,11,1,7106,1294,317,0
2,d,10000000,9998244,3162,1e-06,2500,408,2500,664,11,1,7304,1917,317,0
2,d,10000000,9998244,3162,1e-06,2500,409,2500,3170,15,1,47550,-3,317,0
2,d,10000000,9998244,3162,1e-06,2500,410,2500,630,11,1,6930,13,321,0
2,d,10000000,9998244,3162,1e-06,2500,411,2500,644,11,1,7084,622,321,0
2,d,10000000,9998244,3162,1e-06,2500,412,2500,632,11,1,6952,1245,321,0
2,d,10000000,9998244,3162,1e-06,2500,413,2500,648,11,1,7128,1853,321,0
2,d,10000000,9998244,3162,1e-06,2500,414,2500,641,11,1,7051,2477,321,0
2,d,10000000,9998244,3162,1e-06,2500,415,2500,3170,15,1,47550,-3,321,0
2,d,10000000,9998244,3162,1e-06,2500,416,2500,616,11,1,6776,573,325,0
2,d,10000000,9998244,3162,1e-06,2500,417,2500,664,11,1,7304,1165,325,0
2,d,10000000,9998244,3162,1e-06,2500,418,2500,632,11,1,6952,1805,325,0
2,d,10000000,9998244,3162,1e-06,2500,419,2500,632,11,1,6952,2414,325,0
2,d,10000000,9998244,3162,1e-06,2500,420,2500,3170,15,1,47550,-3,325,0
2,d,10000000,9998244,3162,1e-06,2500,421,2500,642,11,1,7062,510,329,0
2,d,10000000,9998244,3162,1e-06,2500,422,2500,648,11,1,7128,1133,329,0
2,d,10000000,9998244,3162,1e-06,2500,423,2500,659,11,1,7249,1757,329,0
2,d,10000000,9998244,3162,1e-06,2500,424,2500,632,11,1,6952,2397,329,0
2,d,10000000,9998244,3162,1e-06,2500,425,2500,3170,15,1,47550,-3,329,0
2,d,10000000,9998244,3162,1e-06,2500,426,2500,632,11,1,6952,477,333,0
2,d,10000000,9998244,3162,1e-06,2500,427,2500,629,11,1,6919,1088,333,0
2,d,10000000,9998244,3162,1e-06,2500,428,2500,662,11,1,7282,1694,333,0
2,d,10000000,9998244,3162,1e-06,2500,429,2500,664,11,1,7304,2333,333,0
2,d,10000000,9998244,3162,1e-06,2500,430,2500,3170,15,1,47550,-3,333,0
2,d,10000000,9998244,3162,1e-06,2500,431,2500,663,11,1,7293,429,337,0
2,d,10000000,9998244,3162,1e-06,2500,432,2500,646,11,1,7106,1070,337,0
2,d,10000000,9998244,3162,1e-06,2500,433,2500,663,11,1,7293,1693,337,0
2,d,10000000,9998244,3162,1e-06,2500,434,2500,647,11,1,7117,2334,337,0
2,d,10000000,9998244,3162,1e-06,2500,435,2500,3170,15,1,47550,-3,337,0
2,d,10000000,9998244,3162,1e-06,2500,436,2500,630,11,1,6930,413,341,0
2,d,10000000,9998244,3162,1e-06,2500,437,2500,648,11,1,7128,1021,341,0
2,d,10000000,9998244,3162,1e-06,2500,438,2500,646,11,1,7106,1646,341,0
2,d,10000000,9998244,3162,1e-06,2500,439,2500,663,11,1,7293,2269,341,0
2,d,10000000,9998244,3162,1e-06,2500,440,2500,3170,15,1,47550,-3,341,0
2,d,10000000,9998244,3162,1e-06,2500,441,2500,631,11,1,6941,381,345,0
2,d,10000000,9998244,3162,1e-06,2500,442,2500,646,11,1,7106,990,345,0
2,d,10000000,9998244,3162,1e-06,2500,443,2500,664,11,1,7304,1613,345,0
2,d,10000000,9998244,3162,1e-06,2500,444,2500,632,11,1,6952,2253,345,0
2,d,10000000,9998244,3162,1e-06,2500,445,2500,3170,15,1,47550,-3,345,0
2,d,10000000,9998244,3162,1e-06,2500,446,2500,646,11,1,7106,335,349,0
2,d,10000000,9998244,3162,1e-06,2500,447,2500,647,11,1,7117,957,349,0
2,d,10000000,9998244,3162,1e-06,2500,448,2500,631,11,1,6941,1581,349,0
2,d,10000000,9998244,3162,1e-06,2500,449,2500,663,11,1,7293,2190,349,0
2,d,10000000,9998244,3162,1e-06,2500,450,2500,3170,15,1,47550,-3,349,0
2,d,10000000,9998244,3162,1e-06,2500,451,2500,631,11,1,6941,286,353,0
2,d,10000000,9998244,3162,1e-06,2500,452,2500,657,11,1,7227,909,353,0
2,d,10000000,9998244,3162,1e-06,2500,453,2500,631,11,1,6941,1550,353,0
2,d,10000000,9998244,3162,1e-06,2500,454,2500,661,11,1,7271,2159,353,0
2,d,10000000,9998244,3162,1e-06,2500,455,2500,3170,15,1,47550,-3,353,0
2,d,10000000,9998244,3162,1e-06,2500,456,2500,663,11,1,7293,254,357,0
2,d,10000000,9998244,3162,1e-06,2500,457,2500,647,11,1,7117,894,357,0
2,d,10000000,9998244,3162,1e-06,2500,458,2500,648,11,1,7128,1517,357,0
2,d,10000000,9998244,3162,1e-06,2500,459,2500,648,11,1,7128,2141,357,0
2,d,10000000,9998244,3162,1e-06,2500,460,2500,3169,15,1,47535,-2,357,0
2,d,10000000,9998244,3162,1e-06,2500,461,2500,656,11,1,7216,244,361,0
2,d,10000000,9998244,3162,1e-06,2500,462,2500,632,11,1,6952,877,361,0
2,d,10000000,9998244,3162,1e-06,2500,463,2500,646,11,1,7106,1486,361,0
2,d,10000000,9998244,3162,1e-06,2500,464,2500,663,11,1,7293,2109,361,0
2,d,10000000,9998244,3162,1e-06,2500,465,2500,3170,15,1,47550,-3,361,0
2,d,10000000,9998244,3162,1e-06,2500,466,2500,635,11,1,6985,234,365,0
2,d,10000000,9998244,3162,1e-06,2500,467,2500,654,11,1,7194,847,365,0
2,d,10000000,9998244,3162,1e-06,2500,468,2500,645,11,1,7095,1486,365,0
2,d,10000000,9998244,3162,1e-06,2500,469,2500,632,11,1,6952,2109,365,0
2,d,10000000,9998244,3162,1e-06,2500,470,2500,3170,15,1,47550,-3,365,0
2,d,10000000,9998244,3162,1e-06,2500,471,2500,631,11,1,6941,190,369,0
2,d,10000000,9998244,3162,1e-06,2500,472,2500,648,11,1,7128,797,369,0
2,d,10000000,9998244,3162,1e-06,2500,473,2500,662,11,1,7282,1422,369,0
2,d,10000000,9998244,3162,1e-06,2500,474,2500,630,11,1,6930,2063,369,0
2,d,10000000,9998244,3162,1e-06,2500,475,2500,3170,15,1,47550,-3,369,0
2,d,10000000,9998244,3162,1e-06,2500,476,2500,647,11,1,7117,126,373,0
2,d,10000000,9998244,3162,1e-06,2500,477,2500,648,11,1,7128,749,373,0
2,d,10000000,9998244,3162,1e-06,2500,478,2500,658,11,1,7238,1379,373,0
2,d,10000000,9998244,3162,1e-06,2500,479,2500,664,11,1,7304,2013,373,0
2,d,10000000,9998244,3162,1e-06,2500,480,2500,3170,15,1,47550,-3,373,0
2,d,10000000,9998244,3162,1e-06,2500,481,2500,647,11,1,7117,109,377,0
2,d,10000000,9998244,3162,1e-06,2500,482,2500,647,11,1,7117,733,377,0
2,d,10000000,9998244,3162,1e-06,2500,483,2500,648,11,1,7128,1357,377,0
2,d,10000000,9998244,3162,1e-06,2500,484,2500,661,11,1,7271,1984,377,0
2,d,10000000,9998244,3162,1e-06,2500,485,2500,3170,15,1,47550,-3,377,0
2,d,10000000,9998244,3162,1e-06,2500,486,2500,664,11,1,7304,93,381,0
2,d,10000000,9998244,3162,1e-06,2500,487,2500,648,11,1,7128,733,381,0
2,d,10000000,9998244,3162,1e-06,2500,488,2500,648,11,1,7128,1357,381,0
2,d,10000000,9998244,3162,1e-06,2500,489,2500,675,11,1,7425,1985,381,0
2,d,10000000,9998244,3162,1e-06,2500,490,2500,3170,15,1,47550,-3,381,0
2,d,10000000,9998244,3162,1e-06,2500,491,2500,664,11,1,7304,77,385,0
2,d,10000000,9998244,3162,1e-06,2500,492,2500,648,11,1,7128,717,385,0
2,d,10000000,9998244,3162,1e-06,2500,493,2500,660,11,1,7260,1344,385,0
2,d,10000000,9998244,3162,1e-06,2500,494,2500,631,11,1,6941,1982,385,0
2,d,10000000,9998244,3162,1e-06,2500,495,2500,3170,15,1,47550,-3,385,0
2,d,10000000,9998244,3162,1e-06,2500,496,2500,646,11,1,7106,79,389,0
2,d,10000000,9998244,3162,1e-06,2500,497,2500,663,11,1,7293,702,389,0
2,d,10000000,9998244,3162,1e-06,2500,498,2500,645,11,1,7095,1357,389,0
2,d,10000000,9998244,3162,1e-06,2500,499,2500,648,11,1,7128,1981,389,0
2,d,10000000,9998244,3162,1e-06,2500,500,2500,3170,15,1,47550,-3,389,0
2,d,10000000,9998244,3162,1e-06,2500,501,2500,632,11,1,6952,77,393,0
2,d,10000000,9998244,3162,1e-06,2500,502,2500,632,11,1,6952,685,393,0
2,d,10000000,9998244,3162,1e-06,2500,503,2500,647,11,1,7117,1294,393,0
2,d,10000000,9998244,3162,1e-06,2500,504,2500,678,11,1,7458,1919,393,0
2,d,10000000,9998244,3162,1e-06,2500,505,2500,3170,15,1,47550,-3,393,0
2,d,10000000,9998244,3162,1e-06,2500,506,2500,663,11,1,7293,29,397,0
2,d,10000000,9998244,3162,1e-06,2500,507,2500,647,11,1,7117,669,397,0
2,d,10000000,9998244,3162,1e-06,2500,508,2500,646,11,1,7106,1295,397,0
2,d,10000000,9998244,3162,1e-06,2500,509,2500,648,11,1,7128,1917,397,0
2,d,10000000,9998244,3162,1e-06,2500,510,2500,3170,15,1,47550,-3,397,0
2,d,10000000,9998244,3162,1e-06,2500,511,2500,648,11,1,7128,29,401,0
2,d,10000000,9998244,3162,1e-06,2500,512,2500,648,11,1,7128,653,401,0
2,d,10000000,9998244,3162,1e-06,2500,513,2500,632,11,1,6952,1277,401,0
2,d,10000000,9998244,3162,1e-06,2500,514,2500,648,11,1,7128,1885,401,0
2,d,10000000,9998244,3162,1e-06,2500,515,2500,654,11,1,7194,2513,401,0
2,d,10000000,9998244,3162,1e-06,2500,516,2500,3170,15,1,47550,-3,401,0
2,d,10000000,9998244,3162,1e-06,2500,517,2500,648,11,1,7128,605,405,0
2,d,10000000,9998244,3162,1e-06,2500,518,2500,648,11,1,7128,1229,405,0
2,d,10000000,9998244,3162,1e-06,2500,519,2500,643,11,1,7073,1855,405,0
2,d,10000000,9998244,3162,1e-06,2500,520,2500,663,11,1,7293,2477,405,0
2,d,10000000,9998244,3162,1e-06,2500,521,2500,3170,15,1,47550,-3,405,0
2,d,10000000,9998244,3162,1e-06,2500,522,2500,647,11,1,7117,573,409,0
2,d,10000000,9998244,3162,1e-06,2500,523,2500,661,11,1,7271,1197,409,0
2,d,10000000,9998244,3162,1e-06,2500,524,2500,632,11,1,6952,1837,409,0
2,d,10000000,9998244,3162,1e-06,2500,525,2500,678,11,1,7458,2446,409,0
2,d,10000000,9998244,3162,1e-06,2500,526,2500,3170,15,1,47550,-3,409,0
2,d,10000000,9998244,3162,1e-06,2500,527,2500,614,11,1,6754,559,413,0
2,d,10000000,9998244,3162,1e-06,2500,528,2500,645,11,1,7095,1152,413,0
2,d,10000000,9998244,3162,1e-06,2500,529,2500,646,11,1,7106,1773,413,0
2,d,10000000,9998244,3162,1e-06,2500,530,2500,631,11,1,6941,2398,413,0
2,d,10000000,9998244,3162,1e-06,2500,531,2500,3169,15,1,47535,-2,413,0
2,d,10000000,9998244,3162,1e-06,2500,532,2500,659,11,1,7249,478,417,0
2,d,10000000,9998244,3162,1e-06,2500,533,2500,647,11,1,7117,1117,417,0
2,d,10000000,9998244,3162,1e-06,2500,534,2500,660,11,1,7260,1745,417,0
2,d,10000000,9998244,3162,1e-06,2500,535,2500,655,11,1,7205,2389,417,0
2,d,10000000,9998244,3162,1e-06,2500,536,2500,3170,15,1,47550,-3,417,0
2,d,10000000,9998244,3162,1e-06,2500,537,2500,646,11,1,7106,494,421,0
2,d,10000000,9998244,3162,1e-06,2500,538,2500,631,11,1,6941,1118,421,0
2,d,10000000,9998244,3162,1e-06,2500,539,2500,645,11,1,7095,1728,421,0
2,d,10000000,9998244,3162,1e-06,2500,540,2500,646,11,1,7106,2350,421,0
2,d,10000000,9998244,3162,1e-06,2500,541,2500,3170,15,1,47550,-3,421,0
2,d,10000000,9998244,3162,1e-06,2500,542,2500,648,11,1,7128,429,425,0
2,d,10000000,9998244,3162,1e-06,2500,543,2500,637,11,1,7007,1053,425,0
2,d,10000000,9998244,3162,1e-06,2500,544,2500,647,11,1,7117,1677,425,0
2,d,10000000,9998244,3162,1e-06,2500,545,2500,647,11,1,7117,2301,425,0
2,d,10000000,9998244,3162,1e-06,2500,546,2500,3170,15,1,47550,-3,425,0
2,d,10000000,9998244,3162,1e-06,2500,547,2500,647,11,1,7117,398,429,0
2,d,10000000,9998244,3162,1e-06,2500,548,2500,643,11,1,7073,1026,429,0
2,d,10000000,9998244,3162,1e-06,2500,549,2500,647,11,1,7117,1646,429,0
2,d,10000000,9998244,3162,1e-06,2500,550,2500,661,11,1,7271,2272,429,0
2,d,10000000,9998244,3162,1e-06,2500,551,2500,3170,15,1,47550,-3,429,0
2,d,10000000,9998244,3162,1e-06,2500,552,2500,664,11,1,7304,349,433,0
2,d,10000000,9998244,3162,1e-06,2500,553,2500,630,11,1,6930,990,433,0
2,d,10000000,9998244,3162,1e-06,2500,554,2500,648,11,1,7128,1597,433,0
2,d,10000000,9998244,3162,1e-06,2500,555,2500,615,11,1,6765,2222,433,0
2,d,10000000,9998244,3162,1e-06,2500,556,2500,3170,15,1,47550,-3,433,0
2,d,10000000,9998244,3162,1e-06,2500,557,2500,648,11,1,7128,301,437,0
2,d,10000000,9998244,3162,1e-06,2500,558,2500,663,11,1,7293,926,437,0
2,d,10000000,9998244,3162,1e-06,2500,559,2500,632,11,1,6952,1565,437,0
2,d,10000000,9998244,3162,1e-06,2500,560,2500,645,11,1,7095,2175,437,0
2,d,10000000,9998244,3162,1e-06,2500,561,2500,3170,15,1,47550,-3,437,0
2,d,10000000,9998244,3162,1e-06,2500,562,2500,616,11,1,6776,269,441,0
2,d,10000000,9998244,3162,1e-06,2500,563,2500,655,11,1,7205,869,441,0
2,d,10000000,9998244,3162,1e-06,2500,564,2500,648,11,1,7128,1501,441,0
2,d,10000000,9998244,3162,1e-06,2500,565,2500,648,11,1,7128,2125,441,0
2,d,10000000,9998244,3162,1e-06,2500,566,2500,3170,15,1,47550,-3,441,0
2,d,10000000,9998244,3162,1e-06,2500,567,2500,648,11,1,7128,221,445,0
2,d,10000000,9998244,3162,1e-06,2500,568,2500,647,11,1,7117,846,445,0
2,d,10000000,9998244,3162,1e-06,2500,569,2500,648,11,1,7128,1469,445,0
2,d,10000000,9998244,3162,1e-06,2500,570,2500,647,11,1,7117,2094,445,0
2,d,10000000,9998244,3162,1e-06,2500,571,2500,3170,15,1,47550,-3,445,0
2,d,10000000,9998244,3162,1e-06,2500,572,2500,631,11,1,6941,174,449,0
2,d,10000000,9998244,3162,1e-06,2500,573,2500,632,11,1,6952,781,449,0
2,d,10000000,9998244,3162,1e-06,2500,574,2500,664,11,1,7304,1389,449,0
2,d,10000000,9998244,3162,1e-06,2500,575,2500,647,11,1,7117,2029,449,0
2,d,10000000,9998244,3162,1e-06,2500,576,2500,3170,15,1,47550,-3,449,0
2,d,10000000,9998244,3162,1e-06,2500,577,2500,632,11,1,6952,125,453,0
2,d,10000000,9998244,3162,1e-06,2500,578,2500,647,11,1,7117,734,453,0
2,d,10000000,9998244,3162,1e-06,2500,579,2500,646,11,1,7106,1358,453,0
2,d,10000000,9998244,3162,1e-06,2500,580,2500,631,11,1,6941,1982,453,0
2,d,10000000,9998244,3162,1e-06,2500,581,2500,3170,15,1,47550,-3,453,0
2,d,10000000,9998244,3162,1e-06,2500,582,2500,632,11,1,6952,61,457,0
2,d,10000000,9998244,3162,1e-06,2500,583,2500,662,11,1,7282,670,457,0
2,d,10000000,9998244,3162,1e-06,2500,584,2500,648,11,1,7128,1309,457,0
2,d,10000000,9998244,3162,1e-06,2500,585,2500,648,11,1,7128,1933,457,0
2,d,10000000,9998244,3162,1e-06,2500,586,2500,3170,15,1,47550,-3,457,0
2,d,10000000,9998244,3162,1e-06,2500,587,2500,676,11,1,7436,16,461,0
2,d,10000000,9998244,3162,1e-06,2500,588,2500,632,11,1,6952,669,461,0
2,d,10000000,9998244,3162,1e-06,2500,589,2500,663,11,1,7293,1278,461,0
2,d,10000000,9998244,3162,1e-06,2500,590,2500,663,11,1,7293,1918,461,0
2,d,10000000,9998244,3162,1e-06,2500,591,2500,3169,15,1,47535,-2,461,0
2,d,10000000,9998244,3162,1e-06,2500,592,2500,645,11,1,7095,29,465,0
2,d,10000000,9998244,3162,1e-06,2500,593,2500,609,11,1,6699,653,465,0
2,d,10000000,9998244,3162,1e-06,2500,594,2500,646,11,1,7106,1246,465,0
2,d,10000000,9998244,3162,1e-06,2500,595,2500,632,11,1,6952,1869,465,0
2,d,10000000,9998244,3162,1e-06,2500,596,2500,648,11,1,7128,2477,465,0
2,d,10000000,9998244,3162,1e-06,2500,597,2500,3170,15,1,47550,-3,465,0
2,d,10000000,9998244,3162,1e-06,2500,598,2500,647,11,1,7117,574,469,0
2,d,10000000,9998244,3162,1e-06,2500,599,2500,663,11,1,7293,1198,469,0
2,d,10000000,9998244,3162,1e-06,2500,600,2500,631,11,1,6941,1838,469,0
2,d,10000000,9998244,3162,1e-06,2500,601,2500,646,11,1,7106,2446,469,0
2,d,10000000,9998244,3162,1e-06,2500,602,2500,3170,15,1,47550,-3,469,0
2,d,10000000,9998244,3162,1e-06,2500,603,2500,662,11,1,7282,542,473,0
2,d,10000000,9998244,3162,1e-06,2500,604,2500,632,11,1,6952,1181,473,0
2,d,10000000,9998244,3162,1e-06,2500,605,2500,663,11,1,7293,1789,473,0
2,d,10000000,9998244,3162,1e-06,2500,606,2500,680,11,1,7480,2429,473,0
2,d,10000000,9998244,3162,1e-06,2500,607,2500,3170,15,1,47550,-3,473,0
2,d,10000000,9998244,3162,1e-06,2500,608,2500,648,11,1,7128,557,477,0
2,d,10000000,9998244,3162,1e-06,2500,609,2500,646,11,1,7106,1181,477,0
2,d,10000000,9998244,3162,1e-06,2500,610,2500,648,11,1,7128,1805,477,0
2,d,10000000,9998244,3162,1e-06,2500,611,2500,646,11,1,7106,2429,477,0
2,d,10000000,9998244,3162,1e-06,2500,612,2500,3170,15,1,47550,-3,477,0
2,d,10000000,9998244,3162,1e-06,2500,613,2500,646,11,1,7106,526,481,0
2,d,10000000,9998244,3162,1e-06,2500,614,2500,652,11,1,7172,1161,481,0
2,d,10000000,9998244,3162,1e-06,2500,615,2500,646,11,1,7106,1790,481,0
2,d,10000000,9998244,3162,1e-06,2500,616,2500,663,11,1,7293,2413,481,0
2,d,10000000,9998244,3162,1e-06,2500,617,2500,3170,15,1,47550,-3,481,0
2,d,10000000,9998244,3162,1e-06,2500,618,2500,648,11,1,7128,509,485,0
2,d,10000000,9998244,3162,1e-06,2500,619,2500,662,11,1,7282,1134,485,0
2,d,10000000,9998244,3162,1e-06,2500,620,2500,659,11,1,7249,1773,485,0
2,d,10000000,9998244,3162,1e-06,2500,621,2500,647,11,1,7117,2414,485,0
2,d,10000000,9998244,3162,1e-06,2500,622,2500,3169,15,1,47535,-2,485,0
2,d,10000000,9998244,3162,1e-06,2500,623,2500,664,11,1,7304,493,489,0
2,d,10000000,9998244,3162,1e-06,2500,624,2500,664,11,1,7304,1133,489,0
2,d,10000000,9998244,3162,1e-06,2500,625,2500,645,11,1,7095,1775,489,0
2,d,10000000,9998244,3162,1e-06,2500,626,2500,645,11,1,7095,2400,489,0
2,d,10000000,9998244,3162,1e-06,2500,627,2500,3170,15,1,47550,-3,489,0
2,d,10000000,9998244,3162,1e-06,2500,628,2500,648,11,1,7128,493,493,0
2,d,10000000,9998244,3162,1e-06,2500,629,2500,661,11,1,7271,1117,493,0
2,d,10000000,9998244,3162,1e-06,2500,630,2500,632,11,1,6952,1757,493,0
2,d,10000000,9998244,3162,1e-06,2500,631,2500,630,11,1,6930,2366,493,0
2,d,10000000,9998244,3162,1e-06,2500,632,2500,3170,15,1,47550,-3,493,0
2,d,10000000,9998244,3162,1e-06,2500,633,2500,673,11,1,7403,429,497,0
2,d,10000000,9998244,3162,1e-06,2500,634,2500,648,11,1,7128,1085,497,0
2,d,10000000,9998244,3162,1e-06,2500,635,2500,664,11,1,7304,1709,497,0
2,d,10000000,9998244,3162,1e-06,2500,636,2500,647,11,1,7117,2350,497,0
2,d,10000000,9998244,3162,1e-06,2500,637,2500,3170,15,1,47550,-3,497,0
2,d,10000000,9998244,3162,1e-06,2500,638,2500,664,11,1,7304,429,501,0
2,d,10000000,9998244,3162,1e-06,2500,639,2500,648,11,1,7128,1069,501,0
2,d,10000000,9998244,3162,1e-06,2500,640,2500,630,11,1,6930,1694,501,0
2,d,10000000,9998244,3162,1e-06,2500,641,2500,660,11,1,7260,2304,501,0
2,d,10000000,9998244,3162,1e-06,2500,642,2500,3170,15,1,47550,-3,501,0
2,d,10000000,9998244,3162,1e-06,2500,643,2500,630,11,1,6930,429,505,0
2,d,10000000,9998244,3162,1e-06,2500,644,2500,679,11,1,7469,1037,505,0
2,d,10000000,9998244,3162,1e-06,2500,645,2500,641,11,1,7051,1694,505,0
2,d,10000000,9998244,3162,1e-06,2500,646,2500,641,11,1,7051,2317,505,0
2,d,10000000,9998244,3162,1e-06,2500,647,2500,3170,15,1,47550,-3,505,0
2,d,10000000,9998244,3162,1e-06,2500,648,2500,646,11,1,7106,398,509,0
2,d,10000000,9998244,3162,1e-06,2500,649,2500,630,11,1,6930,1022,509,0
2,d,10000000,9998244,3162,1e-06,2500,650,2500,648,11,1,7128,1629,509,0
2,d,10000000,9998244,3162,1e-06,2500,651,2500,648,11,1,7128,2253,509,0
2,d,10000000,9998244,3162,1e-06,2500,652,2500,3170,15,1,47550,-3,509,0
2,d,10000000,9998244,3162,1e-06,2500,653,2500,644,11,1,7084,349,513,0
2,d,10000000,9998244,3162,1e-06,2500,654,2500,648,11,1,7128,973,513,0
2,d,10000000,9998244,3162,1e-06,2500,655,2500,632,11,1,6952,1597,513,0
2,d,10000000,9998244,3162,1e-06,2500,656,2500,638,11,1,7018,2215,513,0
2,d,10000000,9998244,3162,1e-06,2500,657,2500,3170,15,1,47550,-3,513,0
2,d,10000000,9998244,3162,1e-06,2500,658,2500,646,11,1,7106,286,517,0
2,d,10000000,9998244,3162,1e-06,2500,659,2500,631,11,1,6941,909,517,0
2,d,10000000,9998244,3162,1e-06,2500,660,2500,663,11,1,7293,1517,517,0
2,d,10000000,9998244,3162,1e-06,2500,661,2500,646,11,1,7106,2159,517,0
2,d,10000000,9998244,3162,1e-06,2500,662,2500,3169,15,1,47535,-2,517,0
2,d,10000000,9998244,3162,1e-06,2500,663,2500,648,11,1,7128,237,521,0
2,d,10000000,9998244,3162,1e-06,2500,664,2500,663,11,1,7293,861,521,0
2,d,10000000,9998244,3162,1e-06,2500,665,2500,663,11,1,7293,1501,521,0
2,d,10000000,9998244,3162,1e-06,2500,666,2500,664,11,1,7304,2141,521,0
2,d,10000000,9998244,3162,1e-06,2500,667,2500,3170,15,1,47550,-3,521,0
2,d,10000000,9998244,3162,1e-06,2500,668,2500,631,11,1,6941,254,525,0
2,d,10000000,9998244,3162,1e-06,2500,669,2500,647,11,1,7117,862,525,0
2,d,10000000,9998244,3162,1e-06,2500,670,2500,663,11,1,7293,1485,525,0
2,d,10000000,9998244,3162,1e-06,2500,671,2500,663,11,1,7293,2125,525,0
2,d,10000000,9998244,3162,1e-06,2500,672,2500,3170,15,1,47550,-3,525,0
2,d,10000000,9998244,3162,1e-06,2500,673,2500,630,11,1,6930,254,529,0
2,d,10000000,9998244,3162,1e-06,2500,674,2500,648,11,1,7128,861,529,0
2,d,10000000,9998244,3162,1e-06,2500,675,2500,679,11,1,7469,1485,529,0
2,d,10000000,9998244,3162,1e-06,2500,676,2500,615,11,1,6765,2142,529,0
2,d,10000000,9998244,3162,1e-06,2500,677,2500,3170,15,1,47550,-3,529,0
2,d,10000000,9998244,3162,1e-06,2500,678,2500,647,11,1,7117,189,533,0
2,d,10000000,9998244,3162,1e-06,2500,679,2500,645,11,1,7095,814,533,0
2,d,10000000,9998244,3162,1e-06,2500,680,2500,646,11,1,7106,1438,533,0
2,d,10000000,9998244,3162,1e-06,2500,681,2500,660,11,1,7260,2062,533,0
2,d,10000000,9998244,3162,1e-06,2500,682,2500,3170,15,1,47550,-3,533,0
2,d,10000000,9998244,3162,1e-06,2500,683,2500,647,11,1,7117,157,537,0
2,d,10000000,9998244,3162,1e-06,2500,684,2500,645,11,1,7095,781,537,0
2,d,10000000,9998244,3162,1e-06,2500,685,2500,648,11,1,7128,1405,537,0
2,d,10000000,9998244,3162,1e-06,2500,686,2500,646,11,1,7106,2030,537,0
2,d,10000000,9998244,3162,1e-06,2500,687,2500,3170,15,1,47550,-3,537,0
2,d,10000000,9998244,3162,1e-06,2500,688,2500,645,11,1,7095,112,541,0
2,d,10000000,9998244,3162,1e-06,2500,689,2500,647,11,1,7117,734,541,0
2,d,10000000,9998244,3162,1e-06,2500,690,2500,647,11,1,7117,1358,541,0
2,d,10000000,9998244,3162,1e-06,2500,691,2500,648,11,1,7128,1997,541,0
2,d,10000000,9998244,3162,1e-06,2500,692,2500,3170,15,1,47550,-3,541,0
2,d,10000000,9998244,3162,1e-06,2500,693,2500,630,11,1,6930,95,545,0
2,d,10000000,9998244,3162,1e-06,2500,694,2500,647,11,1,7117,702,545,0
2,d,10000000,9998244,3162,1e-06,2500,695,2500,680,11,1,7480,1325,545,0
2,d,10000000,9998244,3162,1e-06,2500,696,2500,648,11,1,7128,1981,545,0
2,d,10000000,9998244,3162,1e-06,2500,697,2500,3170,15,1,47550,-3,545,0
2,d,10000000,9998244,3162,1e-06,2500,698,2500,647,11,1,7117,61,549,0
2,d,10000000,9998244,3162,1e-06,2500,699,2500,628,11,1,6908,688,549,0
2,d,10000000,9998244,3162,1e-06,2500,700,2500,648,11,1,7128,1293,549,0
2,d,10000000,9998244,3162,1e-06,2500,701,2500,663,11,1,7293,1918,549,0
2,d,10000000,9998244,3162,1e-06,2500,702,2500,3170,15,1,47550,-3,549,0
2,d,10000000,9998244,3162,1e-06,2500,703,2500,659,11,1,7249,17,553,0
2,d,10000000,9998244,3162,1e-06,2500,704,2500,663,11,1,7293,654,553,0
2,d,10000000,9998244,3162,1e-06,2500,705,2500,663,11,1,7293,1293,553,0
2,d,10000000,9998244,3162,1e-06,2500,706,2500,647,11,1,7117,1933,553,0
2,d,10000000,9998244,3162,1e-06,2500,707,2500,3169,15,1,47535,-3,553,0
2,d,10000000,9998244,3162,1e-06,2500,708,2500,680,11,1,7480,13,557,0
2,d,10000000,9998244,3162,1e-06,2500,709,2500,659,11,1,7249,673,557,0
2,d,10000000,9998244,3162,1e-06,2500,710,2500,646,11,1,7106,1309,557,0
2,d,10000000,9998244,3162,1e-06,2500,711,2500,647,11,1,7117,1933,557,0
2,d,10000000,9998244,3162,1e-06,2500,712,2500,3170,15,1,47550,-3,557,0
2,d,10000000,9998244,3162,1e-06,2500,713,2500,664,11,1,7304,13,561,0
2,d,10000000,9998244,3162,1e-06,2500,714,2500,647,11,1,7117,653,561,0
2,d,10000000,9998244,3162,1e-06,2500,715,2500,631,11,1,6941,1278,561,0
2,d,10000000,9998244,3162,1e-06,2500,716,2500,648,11,1,7128,1885,561,0
2,d,10000000,9998244,3162,1e-06,2500,717,2500,632,11,1,6952,2509,561,0
2,d,10000000,9998244,3162,1e-06,2500,718,2500,3168,15,1,47520,-2,561,0
2,d,10000000,9998244,3162,1e-06,2500,719,2500,632,11,1,6952,605,565,0
2,d,10000000,9998244,3162,1e-06,2500,720,2500,648,11,1,7128,1213,565,0
2,d,10000000,9998244,3162,1e-06,2500,721,2500,660,11,1,7260,1839,565,0
2,d,10000000,9998244,3162,1e-06,2500,722,2500,631,11,1,6941,2477,565,0
2,d,10000000,9998244,3162,1e-06,2500,723,2500,3170,15,1,47550,-3,565,0
2,d,10000000,9998244,3162,1e-06,2500,724,2500,645,11,1,7095,574,569,0
2,d,10000000,9998244,3162,1e-06,2500,725,2500,631,11,1,6941,1198,569,0
2,d,10000000,9998244,3162,1e-06,2500,726,2500,648,11,1,7128,1805,569,0
2,d,10000000,9998244,3162,1e-06,2500,727,2500,661,11,1,7271,2430,569,0
2,d,10000000,9998244,3162,1e-06,2500,728,2500,3169,15,1,47535,-2,569,0
2,d,10000000,9998244,3162,1e-06,2500,729,2500,648,11,1,7128,493,573,0
2,d,10000000,9998244,3162,1e-06,2500,730,2500,632,11,1,6952,1117,573,0
2,d,10000000,9998244,3162,1e-06,2500,731,2500,648,11,1,7128,1725,573,0
2,d,10000000,9998244,3162,1e-06,2500,732,2500,643,11,1,7073,2349,573,0
2,d,10000000,9998244,3162,1e-06,2500,733,2500,3170,15,1,47550,-3,573,0
2,d,10000000,9998244,3162,1e-06,2500,734,2500,648,11,1,7128,445,577,0
2,d,10000000,9998244,3162,1e-06,2500,735,2500,662,11,1,7282,1071,577,0
2,d,10000000,9998244,3162,1e-06,2500,736,2500,632,11,1,6952,1709,577,0
2,d,10000000,9998244,3162,1e-06,2500,737,2500,648,11,1,7128,2317,577,0
2,d,10000000,9998244,3162,1e-06,2500,738,2500,3170,15,1,47550,-3,577,0
2,d,10000000,9998244,3162,1e-06,2500,739,2500,632,11,1,6952,413,581,0
2,d,10000000,9998244,3162,1e-06,2500,740,2500,647,11,1,7117,1021,581,0
2,d,10000000,9998244,3162,1e-06,2500,741,2500,632,11,1,6952,1645,581,0
2,d,10000000,9998244,3162,1e-06,2500,742,2500,646,11,1,7106,2255,581,0
2,d,10000000,9998244,3162,1e-06,2500,743,2500,3169,15,1,47535,-3,581,0
2,d,10000000,9998244,3162,1e-06,2500,744,2500,644,11,1,7084,349,585,0
2,d,10000000,9998244,3162,1e-06,2500,745,2500,631,11,1,6941,973,585,0
2,d,10000000,9998244,3162,1e-06,2500,746,2500,644,11,1,7084,1583,585,0
2,d,10000000,9998244,3162,1e-06,2500,747,2500,631,11,1,6941,2206,585,0
2,d,10000000,9998244,3162,1e-06,2500,748,2500,3170,15,1,47550,-3,585,0
2,d,10000000,9998244,3162,1e-06,2500,749,2500,648,11,1,7128,285,589,0
2,d,10000000,9998244,3162,1e-06,2500,750,2500,643,11,1,7073,914,589,0
2,d,10000000,9998244,3162,1e-06,2500,751,2500,648,11,1,7128,1549,589,0
2,d,10000000,9998244,3162,1e-06,2500,752,2500,637,11,1,7007,2174,589,0
2,d,10000000,9998244,3162,1e-06,2500,753,2500,3170,15,1,47550,-3,589,0
2,d,10000000,9998244,3162,1e-06,2500,754,2500,647,11,1,7117,254,593,0
2,d,10000000,9998244,3162,1e-06,2500,755,2500,646,11,1,7106,879,593,0
2,d,10000000,9998244,3162,1e-06,2500,756,2500,646,11,1,7106,1502,593,0
2,d,10000000,9998244,3162,1e-06,2500,757,2500,647,11,1,7117,2126,593,0
2,d,10000000,9998244,3162,1e-06,2500,758,2500,3170,15,1,47550,-3,593,0
2,d,10000000,9998244,3162,1e-06,2500,759,2500,632,11,1,6952,237,597,0
2,d,10000000,9998244,3162,1e-06,2500,760,2500,662,11,1,7282,845,597,0
2,d,10000000,9998244,3162,1e-06,2500,761,2500,648,11,1,7128,1485,597,0
2,d,10000000,9998244,3162,1e-06,2500,762,2500,648,11,1,7128,2109,597,0
2,d,10000000,9998244,3162,1e-06,2500,763,2500,3170,15,1,47550,-3,597,0
2,d,10000000,9998244,3162,1e-06,2500,764,2500,616,11,1,6776,205,601,0
2,d,10000000,9998244,3162,1e-06,2500,765,2500,662,11,1,7282,799,601,0
2,d,10000000,9998244,3162,1e-06,2500,766,2500,658,11,1,7238,1438,601,0
2,d,10000000,9998244,3162,1e-06,2500,767,2500,632,11,1,6952,2077,601,0
2,d,10000000,9998244,3162,1e-06,2500,768,2500,3169,15,1,47535,-3,601,0
2,d,10000000,9998244,3162,1e-06,2500,769,2500,647,11,1,7117,158,605,0
2,d,10000000,9998244,3162,1e-06,2500,770,2500,647,11,1,7117,782,605,0
2,d,10000000,9998244,3162,1e-06,2500,771,2500,660,11,1,7260,1408,605,0
2,d,10000000,9998244,3162,1e-06,2500,772,2500,648,11,1,7128,2045,605,0
2,d,10000000,9998244,3162,1e-06,2500,773,2500,3170,15,1,47550,-3,605,0
2,d,10000000,9998244,3162,1e-06,2500,774,2500,628,11,1,6908,144,609,0
2,d,10000000,9998244,3162,1e-06,2500,775,2500,648,11,1,7128,749,609,0
2,d,10000000,9998244,3162,1e-06,2500,776,2500,646,11,1,7106,1375,609,0
2,d,10000000,9998244,3162,1e-06,2500,777,2500,646,11,1,7106,1998,609,0
2,d,10000000,9998244,3162,1e-06,2500,778,2500,3170,15,1,47550,-3,609,0
2,d,10000000,9998244,3162,1e-06,2500,779,2500,632,11,1,6952,93,613,0
2,d,10000000,9998244,3162,1e-06,2500,780,2500,629,11,1,6919,703,613,0
2,d,10000000,9998244,3162,1e-06,2500,781,2500,660,11,1,7260,1313,613,0
2,d,10000000,9998244,3162,1e-06,2500,782,2500,660,11,1,7260,1953,613,0
2,d,10000000,9998244,3162,1e-06,2500,783,2500,3170,15,1,47550,-3,613,0
2,d,10000000,9998244,3162,1e-06,2500,784,2500,648,11,1,7128,45,617,0
2,d,10000000,9998244,3162,1e-06,2500,785,2500,630,11,1,6930,670,617,0
2,d,10000000,9998244,3162,1e-06,2500,786,2500,631,11,1,6941,1277,617,0
2,d,10000000,9998244,3162,1e-06,2500,787,2500,648,11,1,7128,1885,617,0
2,d,10000000,9998244,3162,1e-06,2500,788,2500,3168,15,1,47520,-2,617,0
2,d,10000000,9998244,3162,1e-06,2500,789,2500,631,11,1,6941,-2,621,0
2,d,10000000,9998244,3162,1e-06,2500,790,2500,662,11,1,7282,605,621,0
2,d,10000000,9998244,3162,1e-06,2500,791,2500,647,11,1,7117,1246,621,0
2,d,10000000,9998244,3162,1e-06,2500,792,2500,632,11,1,6952,1885,621,0
2,d,10000000,9998244,3162,1e-06,2500,793,2500,669,11,1,7359,2495,621,0
2,d,10000000,9998244,3162,1e-06,2500,794,2500,3170,15,1,47550,-3,621,0
2,d,10000000,9998244,3162,1e-06,2500,795,2500,644,11,1,7084,592,625,0
2,d,10000000,9998244,3162,1e-06,2500,796,2500,648,11,1,7128,1213,625,0
2,d,10000000,9998244,3162,1e-06,2500,797,2500,648,11,1,7128,1837,625,0
2,d,10000000,9998244,3162,1e-06,2500,798,2500,647,11,1,7117,2461,625,0
2,d,10000000,9998244,3162,1e-06,2500,799,2500,3169,15,1,47535,-2,625,0
2,d,10000000,9998244,3162,1e-06,2500,800,2500,632,11,1,6952,573,629,0
2,d,10000000,9998244,3162,1e-06,2500,801,2500,625,11,1,6875,1188,629,0
2,d,10000000,9998244,3162,1e-06,2500,802,2500,644,11,1,7084,1793,629,0
2,d,10000000,9998244,3162,1e-06,2500,803,2500,632,11,1,6952,2429,629,0
2,d,10000000,9998244,3162,1e-06,2500,804,2500,3170,15,1,47550,-3,629,0
2,d,10000000,9998244,3162,1e-06,2500,805,2500,615,11,1,6765,525,633,0
2,d,10000000,9998244,3162,1e-06,2500,806,2500,647,11,1,7117,1133,633,0
2,d,10000000,9998244,3162,1e-06,2500,807,2500,631,11,1,6941,1757,633,0
2,d,10000000,9998244,3162,1e-06,2500,808,2500,646,11,1,7106,2366,633,0
2,d,10000000,9998244,3162,1e-06,2500,809,2500,3170,15,1,47550,-3,633,0
2,d,10000000,9998244,3162,1e-06,2500,810,2500,616,11,1,6776,429,637,0
2,d,10000000,9998244,3162,1e-06,2500,811,2500,647,11,1,7117,1021,637,0
2,d,10000000,9998244,3162,1e-06,2500,812,2500,648,11,1,7128,1645,637,0
2,d,10000000,9998244,3162,1e-06,2500,813,2500,648,11,1,7128,2269,637,0
2,d,10000000,9998244,3162,1e-06,2500,814,2500,3170,15,1,47550,-3,637,0
2,d,10000000,9998244,3162,1e-06,2500,815,2500,645,11,1,7095,352,641,0
2,d,10000000,9998244,3162,1e-06,2500,816,2500,663,11,1,7293,974,641,0
2,d,10000000,9998244,3162,1e-06,2500,817,2500,645,11,1,7095,1613,641,0
2,d,10000000,9998244,3162,1e-06,2500,818,2500,648,11,1,7128,2237,641,0
2,d,10000000,9998244,3162,1e-06,2500,819,2500,3169,15,1,47535,-2,641,0
2,d,10000000,9998244,3162,1e-06,2500,820,2500,647,11,1,7117,318,645,0
2,d,10000000,9998244,3162,1e-06,2500,821,2500,648,11,1,7128,941,645,0
2,d,10000000,9998244,3162,1e-06,2500,822,2500,648,11,1,7128,1581,645,0
2,d,10000000,9998244,3162,1e-06,2500,823,2500,644,11,1,7084,2205,645,0
2,d,10000000,9998244,3162,1e-06,2500,824,2500,3170,15,1,47550,-3,645,0
2,d,10000000,9998244,3162,1e-06,2500,825,2500,648,11,1,7128,301,649,0
2,d,10000000,9998244,3162,1e-06,2500,826,2500,646,11,1,7106,926,649,0
2,d,10000000,9998244,3162,1e-06,2500,827,2500,663,11,1,7293,1550,649,0
2,d,10000000,9998244,3162,1e-06,2500,828,2500,664,11,1,7304,2189,649,0
2,d,10000000,9998244,3162,1e-06,2500,829,2500,3169,15,1,47535,-3,649,0
2,d,10000000,9998244,3162,1e-06,2500,830,2500,648,11,1,7128,285,653,0
2,d,10000000,9998244,3162,1e-06,2500,831,2500,648,11,1,7128,909,653,0
2,d,10000000,9998244,3162,1e-06,2500,832,2500,632,11,1,6952,1533,653,0
2,d,10000000,9998244,3162,1e-06,2500,833,2500,663,11,1,7293,2141,653,0
2,d,10000000,9998244,3162,1e-06,2500,834,2500,3170,15,1,47550,-3,653,0
2,d,10000000,9998244,3162,1e-06,2500,835,2500,661,11,1,7271,239,657,0
2,d,10000000,9998244,3162,1e-06,2500,836,2500,632,11,1,6952,877,657,0
2,d,10000000,9998244,3162,1e-06,2500,837,2500,631,11,1,6941,1485,657,0
2,d,10000000,9998244,3162,1e-06,2500,838,2500,648,11,1,7128,2093,657,0
2,d,10000000,9998244,3162,1e-06,2500,839,2500,3170,15,1,47550,-3,657,0
2,d,10000000,9998244,3162,1e-06,2500,840,2500,647,11,1,7117,174,661,0
2,d,10000000,9998244,3162,1e-06,2500,841,2500,664,11,1,7304,797,661,0
2,d,10000000,9998244,3162,1e-06,2500,842,2500,630,11,1,6930,1438,661,0
2,d,10000000,9998244,3162,1e-06,2500,843,2500,663,11,1,7293,2045,661,0
2,d,10000000,9998244,3162,1e-06,2500,844,2500,3169,15,1,47535,-3,661,0
2,d,10000000,9998244,3162,1e-06,2500,845,2500,631,11,1,6941,125,665,0
2,d,10000000,9998244,3162,1e-06,2500,846,2500,663,11,1,7293,733,665,0
2,d,10000000,9998244,3162,1e-06,2500,847,2500,647,11,1,7117,1373,665,0
2,d,10000000,9998244,3162,1e-06,2500,848,2500,632,11,1,6952,1997,665,0
2,d,10000000,9998244,3162,1e-06,2500,849,2500,3170,15,1,47550,-3,665,0
2,d,10000000,9998244,3162,1e-06,2500,850,2500,632,11,1,6952,77,669,0
2,d,10000000,9998244,3162,1e-06,2500,851,2500,646,11,1,7106,687,669,0
2,d,10000000,9998244,3162,1e-06,2500,852,2500,646,11,1,7106,1311,669,0
2,d,10000000,9998244,3162,1e-06,2500,853,2500,631,11,1,6941,1949,669,0
2,d,10000000,9998244,3162,1e-06,2500,854,2500,3169,15,1,47535,-2,669,0
2,d,10000000,9998244,3162,1e-06,2500,855,2500,648,11,1,7128,29,673,0
2,d,10000000,9998244,3162,1e-06,2500,856,2500,648,11,1,7128,653,673,0
2,d,10000000,9998244,3162,1e-06,2500,857,2500,648,11,1,7128,1277,673,0
2,d,10000000,9998244,3162,1e-06,2500,858,2500,647,11,1,7117,1902,673,0
2,d,10000000,9998244,3162,1e-06,2500,859,2500,642,11,1,7062,2525,673,0
2,d,10000000,9998244,3162,1e-06,2500,860,2500,3170,15,1,47550,-3,673,0
2,d,10000000,9998244,3162,1e-06,2500,861,2500,632,11,1,6952,605,677,0
2,d,10000000,9998244,3162,1e-06,2500,862,2500,648,11,1,7128,1213,677,0
2,d,10000000,9998244,3162,1e-06,2500,863,2500,631,11,1,6941,1837,677,0
2,d,10000000,9998244,3162,1e-06,2500,864,2500,647,11,1,7117,2446,677,0
2,d,10000000,9998244,3162,1e-06,2500,865,2500,3169,15,1,47535,-2,677,0
2,d,10000000,9998244,3162,1e-06,2500,866,2500,647,11,1,7117,526,681,0
2,d,10000000,9998244,3162,1e-06,2500,867,2500,646,11,1,7106,1149,681,0
2,d,10000000,9998244,3162,1e-06,2500,868,2500,630,11,1,6930,1774,681,0
2,d,10000000,9998244,3162,1e-06,2500,869,2500,632,11,1,6952,2381,681,0
2,d,10000000,9998244,3162,1e-06,2500,870,2500,3170,15,1,47550,-3,681,0
2,d,10000000,9998244,3162,1e-06,2500,871,2500,632,11,1,6952,461,685,0
2,d,10000000,9998244,3162,1e-06,2500,872,2500,648,11,1,7128,1069,685,0
2,d,10000000,9998244,3162,1e-06,2500,873,2500,648,11,1,7128,1693,685,0
2,d,10000000,9998244,3162,1e-06,2500,874,2500,632,11,1,6952,2317,685,0
2,d,10000000,9998244,3162,1e-06,2500,875,2500,3169,15,1,47535,-3,685,0
2,d,10000000,9998244,3162,1e-06,2500,876,2500,664,11,1,7304,381,689,0
2,d,10000000,9998244,3162,1e-06,2500,877,2500,677,11,1,7447,1023,689,0
2,d,10000000,9998244,3162,1e-06,2500,878,2500,648,11,1,7128,1677,689,0
2,d,10000000,9998244,3162,1e-06,2500,879,2500,631,11,1,6941,2302,689,0
2,d,10000000,9998244,3162,1e-06,2500,880,2500,3168,15,1,47520,-2,689,0
2,d,10000000,9998244,3162,1e-06,2500,881,2500,664,11,1,7304,365,693,0
2,d,10000000,9998244,3162,1e-06,2500,882,2500,632,11,1,6952,1005,693,0
2,d,10000000,9998244,3162,1e-06,2500,883,2500,645,11,1,7095,1613,693,0
2,d,10000000,9998244,3162,1e-06,2500,884,2500,632,11,1,6952,2237,693,0
2,d,10000000,9998244,3162,1e-06,2500,885,2500,3170,15,1,47550,-3,693,0
2,d,10000000,9998244,3162,1e-06,2500,886,2500,648,11,1,7128,333,697,0
2,d,10000000,9998244,3162,1e-06,2500,887,2500,661,11,1,7271,957,697,0
2,d,10000000,9998244,3162,1e-06,2500,888,2500,630,11,1,6930,1598,697,0
2,d,10000000,9998244,3162,1e-06,2500,889,2500,631,11,1,6941,2206,697,0
2,d,10000000,9998244,3162,1e-06,2500,890,2500,3170,15,1,47550,-3,697,0
2,d,10000000,9998244,3162,1e-06,2500,891,2500,632,11,1,6952,317,701,0
2,d,10000000,9998244,3162,1e-06,2500,892,2500,659,11,1,7249,930,701,0
2,d,10000000,9998244,3162,1e-06,2500,893,2500,631,11,1,6941,1566,701,0
2,d,10000000,9998244,3162,1e-06,2500,894,2500,648,11,1,7128,2173,701,0
2,d,10000000,9998244,3162,1e-06,2500,895,2500,3168,15,1,47520,-2,701,0
2,d,10000000,9998244,3162,1e-06,2500,896,2500,630,11,1,6930,253,705,0
2,d,10000000,9998244,3162,1e-06,2500,897,2500,645,11,1,7095,862,705,0
2,d,10000000,9998244,3162,1e-06,2500,898,2500,647,11,1,7117,1485,705,0
2,d,10000000,9998244,3162,1e-06,2500,899,2500,647,11,1,7117,2110,705,0
2,d,10000000,9998244,3162,1e-06,2500,900,2500,3170,15,1,47550,-3,705,0
2,d,10000000,9998244,3162,1e-06,2500,901,2500,654,11,1,7194,209,709,0
2,d,10000000,9998244,3162,1e-06,2500,902,2500,664,11,1,7304,845,709,0
2,d,10000000,9998244,3162,1e-06,2500,903,2500,661,11,1,7271,1486,709,0
2,d,10000000,9998244,3162,1e-06,2500,904,2500,664,11,1,7304,2125,709,0
2,d,10000000,9998244,3162,1e-06,2500,905,2500,3170,15,1,47550,-3,709,0
2,d,10000000,9998244,3162,1e-06,2500,906,2500,632,11,1,6952,205,713,0
2,d,10000000,9998244,3162,1e-06,2500,907,2500,645,11,1,7095,815,713,0
2,d,10000000,9998244,3162,1e-06,2500,908,2500,647,11,1,7117,1437,713,0
2,d,10000000,9998244,3162,1e-06,2500,909,2500,664,11,1,7304,2061,713,0
2,d,10000000,9998244,3162,1e-06,2500,910,2500,3170,15,1,47550,-3,713,0
2,d,10000000,9998244,3162,1e-06,2500,911,2500,664,11,1,7304,157,717,0
2,d,10000000,9998244,3162,1e-06,2500,912,2500,645,11,1,7095,800,717,0
2,d,10000000,9998244,3162,1e-06,2500,913,2500,637,11,1,7007,1432,717,0
2,d,10000000,9998244,3162,1e-06,2500,914,2500,648,11,1,7128,2045,717,0
2,d,10000000,9998244,3162,1e-06,2500,915,2500,3170,15,1,47550,-3,717,0
2,d,10000000,9998244,3162,1e-06,2500,916,2500,632,11,1,6952,141,721,0
2,d,10000000,9998244,3162,1e-06,2500,917,2500,667,11,1,7337,762,721,0
2,d,10000000,9998244,3162,1e-06,2500,918,2500,664,11,1,7304,1405,721,0
2,d,10000000,9998244,3162,1e-06,2500,919,2500,663,11,1,7293,2046,721,0
2,d,10000000,9998244,3162,1e-06,2500,920,2500,3170,15,1,47550,-3,721,0
2,d,10000000,9998244,3162,1e-06,2500,921,2500,631,11,1,6941,141,725,0
2,d,10000000,9998244,3162,1e-06,2500,922,2500,650,11,1,7150,751,725,0
2,d,10000000,9998244,3162,1e-06,2500,923,2500,648,11,1,7128,1389,725,0
2,d,10000000,9998244,3162,1e-06,2500,924,2500,646,11,1,7106,2013,725,0
2,d,10000000,9998244,3162,1e-06,2500,925,2500,3169,15,1,47535,-3,725,0
2,d,10000000,9998244,3162,1e-06,2500,926,2500,656,11,1,7216,93,729,0
2,d,10000000,9998244,3162,1e-06,2500,927,2500,647,11,1,7117,734,729,0
2,d,10000000,9998244,3162,1e-06,2500,928,2500,662,11,1,7282,1357,729,0
2,d,10000000,9998244,3162,1e-06,2500,929,2500,647,11,1,7117,1997,729,0
2,d,10000000,9998244,3162,1e-06,2500,930,2500,3169,15,1,47535,-2,729,0
2,d,10000000,9998244,3162,1e-06,2500,931,2500,648,11,1,7128,93,733,0
2,d,10000000,9998244,3162,1e-06,2500,932,2500,647,11,1,7117,717,733,0
2,d,10000000,9998244,3162,1e-06,2500,933,2500,647,11,1,7117,1341,733,0
2,d,10000000,9998244,3162,1e-06,2500,934,2500,647,11,1,7117,1965,733,0
2,d,10000000,9998244,3162,1e-06,2500,935,2500,3169,15,1,47535,-3,733,0
2,d,10000000,9998244,3162,1e-06,2500,936,2500,631,11,1,6941,61,737,0
2,d,10000000,9998244,3162,1e-06,2500,937,2500,664,11,1,7304,669,737,0
2,d,10000000,9998244,3162,1e-06,2500,938,2500,645,11,1,7095,1310,737,0
2,d,10000000,9998244,3162,1e-06,2500,939,2500,632,11,1,6952,1933,737,0
2,d,10000000,9998244,3162,1e-06,2500,940,2500,3169,15,1,47535,-2,737,0
2,d,10000000,9998244,3162,1e-06,2500,941,2500,663,11,1,7293,-3,741,0
2,d,10000000,9998244,3162,1e-06,2500,942,2500,646,11,1,7106,638,741,0
2,d,10000000,9998244,3162,1e-06,2500,943,2500,631,11,1,6941,1262,741,0
2,d,10000000,9998244,3162,1e-06,2500,944,2500,648,11,1,7128,1885,741,0
2,d,10000000,9998244,3162,1e-06,2500,945,2500,647,11,1,7117,2509,741,0
2,d,10000000,9998244,3162,1e-06,2500,946,2500,3170,15,1,47550,-3,741,0
2,d,10000000,9998244,3162,1e-06,2500,947,2500,663,11,1,7293,590,745,0
2,d,10000000,9998244,3162,1e-06,2500,948,2500,648,11,1,7128,1229,745,0
2,d,10000000,9998244,3162,1e-06,2500,949,2500,664,11,1,7304,1853,745,0
2,d,10000000,9998244,3162,1e-06,2500,950,2500,647,11,1,7117,2493,745,0
2,d,10000000,9998244,3162,1e-06,2500,951,2500,3170,15,1,47550,-3,745,0
2,d,10000000,9998244,3162,1e-06,2500,952,2500,635,11,1,6985,573,749,0
2,d,10000000,9998244,3162,1e-06,2500,953,2500,632,11,1,6952,1197,749,0
2,d,10000000,9998244,3162,1e-06,2500,954,2500,647,11,1,7117,1806,749,0
2,d,10000000,9998244,3162,1e-06,2500,955,2500,647,11,1,7117,2429,749,0
2,d,10000000,9998244,3162,1e-06,2500,956,2500,3170,15,1,47550,-3,749,0
2,d,10000000,9998244,3162,1e-06,2500,957,2500,648,11,1,7128,525,753,0
2,d,10000000,9998244,3162,1e-06,2500,958,2500,646,11,1,7106,1150,753,0
2,d,10000000,9998244,3162,1e-06,2500,959,2500,647,11,1,7117,1773,753,0
2,d,10000000,9998244,3162,1e-06,2500,960,2500,647,11,1,7117,2398,753,0
2,d,10000000,9998244,3162,1e-06,2500,961,2500,3170,15,1,47550,-3,753,0
2,d,10000000,9998244,3162,1e-06,2500,962,2500,648,11,1,7128,509,757,0
2,d,10000000,9998244,3162,1e-06,2500,963,2500,616,11,1,6776,1133,757,0
2,d,10000000,9998244,3162,1e-06,2500,964,2500,654,11,1,7194,1735,757,0
2,d,10000000,9998244,3162,1e-06,2500,965,2500,646,11,1,7106,2365,757,0
2,d,10000000,9998244,3162,1e-06,2500,966,2500,3170,15,1,47550,-3,757,0
2,d,10000000,9998244,3162,1e-06,2500,967,2500,647,11,1,7117,446,761,0
2,d,10000000,9998244,3162,1e-06,2500,968,2500,645,11,1,7095,1070,761,0
2,d,10000000,9998244,3162,1e-06,2500,969,2500,632,11,1,6952,1693,761,0
2,d,10000000,9998244,3162,1e-06,2500,970,2500,646,11,1,7106,2302,761,0
2,d,10000000,9998244,3162,1e-06,2500,971,2500,3170,15,1,47550,-3,761,0
2,d,10000000,9998244,3162,1e-06,2500,972,2500,646,11,1,7106,366,765,0
2,d,10000000,9998244,3162,1e-06,2500,973,2500,635,11,1,6985,1002,765,0
2,d,10000000,9998244,3162,1e-06,2500,974,2500,650,11,1,7150,1626,765,0
2,d,10000000,9998244,3162,1e-06,2500,975,2500,648,11,1,7128,2253,765,0
2,d,10000000,9998244,3162,1e-06,2500,976,2500,3169,15,1,47535,-2,765,0
2,d,10000000,9998244,3162,1e-06,2500,977,2500,646,11,1,7106,351,769,0
2,d,10000000,9998244,3162,1e-06,2500,978,2500,630,11,1,6930,974,769,0
2,d,10000000,9998244,3162,1e-06,2500,979,2500,648,11,1,7128,1581,769,0
2,d,10000000,9998244,3162,1e-06,2500,980,2500,664,11,1,7304,2205,769,0
2,d,10000000,9998244,3162,1e-06,2500,981,2500,3170,15,1,47550,-3,769,0
2,d,10000000,9998244,3162,1e-06,2500,982,2500,631,11,1,6941,317,773,0
2,d,10000000,9998244,3162,1e-06,2500,983,2500,648,11,1,7128,925,773,0
2,d,10000000,9998244,3162,1e-06,2500,984,2500,662,11,1,7282,1551,773,0
2,d,10000000,9998244,3162,1e-06,2500,985,2500,647,11,1,7117,2190,773,0
2,d,10000000,9998244,3162,1e-06,2500,986,2500,3170,15,1,47550,-3,773,0
2,d,10000000,9998244,3162,1e-06,2500,987,2500,648,11,1,7128,285,777,0
2,d,10000000,9998244,3162,1e-06,2500,988,2500,646,11,1,7106,911,777,0
2,d,10000000,9998244,3162,1e-06,2500,989,2500,631,11,1,6941,1534,777,0
2,d,10000000,9998244,3162,1e-06,2500,990,2500,645,11,1,7095,2143,777,0
2,d,10000000,9998244,3162,1e-06,2500,991,2500,3170,15,1,47550,-3,777,0
2,d,10000000,9998244,3162,1e-06,2500,992,2500,663,11,1,7293,190,781,0
2,d,10000000,9998244,3162,1e-06,2500,993,2500,647,11,1,7117,830,781,0
2,d,10000000,9998244,3162,1e-06,2500,994,2500,632,11,1,6952,1453,781,0
2,d,10000000,9998244,3162,1e-06,2500,995,2500,632,11,1,6952,2061,781,0
2,d,10000000,9998244,3162,1e-06,2500,996,2500,3170,15,1,47550,-3,781,0
2,d,10000000,9998244,3162,1e-06,2500,997,2500,645,11,1,7095,141,785,0
2,d,10000000,9998244,3162,1e-06,2500,998,2500,631,11,1,6941,765,785,0
2,d,10000000,9998244,3162,1e-06,2500,999,2500,648,11,1,7128,1373,785,0
2,d,10000000,9998244,3162,1e-06,2500,1000,2500,660,11,1,7260,1998,785,0
2,d,10000000,9998244,3162,1e-06,2500,1001,2500,3170,15,1,47550,-3,785,0
2,d,10000000,9998244,3162,1e-06,2500,1002,2500,632,11,1,6952,109,789,0
2,d,10000000,9998244,3162,1e-06,2500,1003,2500,639,11,1,7029,725,789,0
2,d,10000000,9998244,3162,1e-06,2500,1004,2500,664,11,1,7304,1341,789,0
2,d,10000000,9998244,3162,1e-06,2500,1005,2500,646,11,1,7106,1981,789,0
2,d,10000000,9998244,3162,1e-06,2500,1006,2500,3169,15,1,47535,-3,789,0
2,d,10000000,9998244,3162,1e-06,2500,1007,2500,648,11,1,7128,61,793,0
2,d,10000000,9998244,3162,1e-06,2500,1008,2500,648,11,1,7128,685,793,0
2,d,10000000,9998244,3162,1e-06,2500,1009,2500,646,11,1,7106,1310,793,0
2,d,10000000,9998244,3162,1e-06,2500,1010,2500,630,11,1,6930,1934,793,0
2,d,10000000,9998244,3162,1e-06,2500,1011,2500,3167,15,1,47505,-1,793,0
2,d,10000000,9998244,3162,1e-06,2500,1012,2500,632,11,1,6952,-3,797,0
2,d,10000000,9998244,3162,1e-06,2500,1013,2500,649,11,1,7139,619,797,0
2,d,10000000,9998244,3162,1e-06,2500,1014,2500,631,11,1,6941,1245,797,0
2,d,10000000,9998244,3162,1e-06,2500,1015,2500,657,11,1,7227,1855,797,0
2,d,10000000,9998244,3162,1e-06,2500,1016,2500,632,11,1,6952,2493,797,0
2,d,10000000,9998244,3162,1e-06,2500,1017,2500,3170,15,1,47550,-3,797,0
2,d,10000000,9998244,3162,1e-06,2500,1018,2500,632,11,1,6952,573,801,0
2,d,10000000,9998244,3162,1e-06,2500,1019,2500,647,11,1,7117,1182,801,0
2,d,10000000,9998244,3162,1e-06,2500,1020,2500,663,11,1,7293,1806,801,0
2,d,10000000,9998244,3162,1e-06,2500,1021,2500,647,11,1,7117,2445,801,0
2,d,10000000,9998244,3162,1e-06,2500,1022,2500,3170,15,1,47550,-3,801,0
2,d,10000000,9998244,3162,1e-06,2500,1023,2500,648,11,1,7128,541,805,0
2,d,10000000,9998244,3162,1e-06,2500,1024,2500,632,11,1,6952,1165,805,0
2,d,10000000,9998244,3162,1e-06,2500,1025,2500,648,11,1,7128,1773,805,0
2,d,10000000,9998244,3162,1e-06,2500,1026,2500,631,11,1,6941,2398,805,0
2,d,10000000,9998244,3162,1e-06,2500,1027,2500,3170,15,1,47550,-3,805,0
2,d,10000000,9998244,3162,1e-06,2500,1028,2500,632,11,1,6952,493,809,0
2,d,10000000,9998244,3162,1e-06,2500,1029,2500,662,11,1,7282,1103,809,0
2,d,10000000,9998244,3162,1e-06,2500,1030,2500,648,11,1,7128,1757,809,0
2,d,10000000,9998244,3162,1e-06,2500,1031,2500,646,11,1,7106,2383,809,0
2,d,10000000,9998244,3162,1e-06,2500,1032,2500,3169,15,1,47535,-3,809,0
2,d,10000000,9998244,3162,1e-06,2500,1033,2500,631,11,1,6941,477,813,0
2,d,10000000,9998244,3162,1e-06,2500,1034,2500,663,11,1,7293,1086,813,0
2,d,10000000,9998244,3162,1e-06,2500,1035,2500,628,11,1,6908,1729,813,0
2,d,10000000,9998244,3162,1e-06,2500,1036,2500,647,11,1,7117,2333,813,0
2,d,10000000,9998244,3162,1e-06,2500,1037,2500,3170,15,1,47550,-3,813,0
2,d,10000000,9998244,3162,1e-06,2500,1038,2500,632,11,1,6952,397,817,0
2,d,10000000,9998244,3162,1e-06,2500,1039,2500,662,11,1,7282,1006,817,0
2,d,10000000,9998244,3162,1e-06,2500,1040,2500,631,11,1,6941,1645,817,0
2,d,10000000,9998244,3162,1e-06,2500,1041,2500,646,11,1,7106,2254,817,0
2,d,10000000,9998244,3162,1e-06,2500,1042,2500,3170,15,1,47550,-3,817,0
2,d,10000000,9998244,3162,1e-06,2500,1043,2500,632,11,1,6952,349,821,0
2,d,10000000,9998244,3162,1e-06,2500,1044,2500,646,11,1,7106,958,821,0
2,d,10000000,9998244,3162,1e-06,2500,1045,2500,663,11,1,7293,1581,821,0
2,d,10000000,9998244,3162,1e-06,2500,1046,2500,632,11,1,6952,2221,821,0
2,d,10000000,9998244,3162,1e-06,2500,1047,2500,3170,15,1,47550,-3,821,0
2,d,10000000,9998244,3162,1e-06,2500,1048,2500,663,11,1,7293,301,825,0
2,d,10000000,9998244,3162,1e-06,2500,1049,2500,632,11,1,6952,941,825,0
2,d,10000000,9998244,3162,1e-06,2500,1050,2500,641,11,1,7051,1556,825,0
2,d,10000000,9998244,3162,1e-06,2500,1051,2500,647,11,1,7117,2174,825,0
2,d,10000000,9998244,3162,1e-06,2500,1052,2500,3170,15,1,47550,-3,825,0
2,d,10000000,9998244,3162,1e-06,2500,1053,2500,648,11,1,7128,237,829,0
2,d,10000000,9998244,3162,1e-06,2500,1054,2500,664,11,1,7304,861,829,0
2,d,10000000,9998244,3162,1e-06,2500,1055,2500,631,11,1,6941,1502,829,0
2,d,10000000,9998244,3162,1e-06,2500,1056,2500,647,11,1,7117,2110,829,0
2,d,10000000,9998244,3162,1e-06,2500,1057,2500,3170,15,1,47550,-3,829,0
2,d,10000000,9998244,3162,1e-06,2500,1058,2500,644,11,1,7084,205,833,0
2,d,10000000,9998244,3162,1e-06,2500,1059,2500,648,11,1,7128,829,833,0
2,d,10000000,9998244,3162,1e-06,2500,1060,2500,663,11,1,7293,1453,833,0
2,d,10000000,9998244,3162,1e-06,2500,1061,2500,632,11,1,6952,2093,833,0
2,d,10000000,9998244,3162,1e-06,2500,1062,2500,3169,15,1,47535,-2,833,0
2,d,10000000,9998244,3162,1e-06,2500,1063,2500,648,11,1,7128,157,837,0
2,d,10000000,9998244,3162,1e-06,2500,1064,2500,655,11,1,7205,782,837,0
2,d,10000000,9998244,3162,1e-06,2500,1065,2500,648,11,1,7128,1421,837,0
2,d,10000000,9998244,3162,1e-06,2500,1066,2500,647,11,1,7117,2045,837,0
2,d,10000000,9998244,3162,1e-06,2500,1067,2500,3170,15,1,47550,-3,837,0
2,d,10000000,9998244,3162,1e-06,2500,1068,2500,632,11,1,6952,125,841,0
2,d,10000000,9998244,3162,1e-06,2500,1069,2500,647,11,1,7117,733,841,0
2,d,10000000,9998244,3162,1e-06,2500,1070,2500,648,11,1,7128,1357,841,0
2,d,10000000,9998244,3162,1e-06,2500,1071,2500,632,11,1,6952,1997,841,0
2,d,10000000,9998244,3162,1e-06,2500,1072,2500,3170,15,1,47550,-3,841,0
2,d,10000000,9998244,3162,1e-06,2500,1073,2500,647,11,1,7117,62,845,0
2,d,10000000,9998244,3162,1e-06,2500,1074,2500,662,11,1,7282,687,845,0
2,d,10000000,9998244,3162,1e-06,2500,1075,2500,663,11,1,7293,1325,845,0
2,d,10000000,9998244,3162,1e-06,2500,1076,2500,663,11,1,7293,1965,845,0
2,d,10000000,9998244,3162,1e-06,2500,1077,2500,3170,15,1,47550,-3,845,0
2,d,10000000,9998244,3162,1e-06,2500,1078,2500,647,11,1,7117,77,849,0
2,d,10000000,9998244,3162,1e-06,2500,1079,2500,632,11,1,6952,701,849,0
2,d,10000000,9998244,3162,1e-06,2500,1080,2500,663,11,1,7293,1309,849,0
2,d,10000000,9998244,3162,1e-06,2500,1081,2500,664,11,1,7304,1949,849,0
2,d,10000000,9998244,3162,1e-06,2500,1082,2500,3170,15,1,47550,-3,849,0
2,d,10000000,9998244,3162,1e-06,2500,1083,2500,648,11,1,7128,61,853,0
2,d,10000000,9998244,3162,1e-06,2500,1084,2500,638,11,1,7018,694,853,0
2,d,10000000,9998244,3162,1e-06,2500,1085,2500,646,11,1,7106,1310,853,0
2,d,10000000,9998244,3162,1e-06,2500,1086,2500,646,11,1,7106,1934,853,0
2,d,10000000,9998244,3162,1e-06,2500,1087,2500,3170,15,1,47550,-3,853,0
2,d,10000000,9998244,3162,1e-06,2500,1088,2500,648,11,1,7128,13,857,0
2,d,10000000,9998244,3162,1e-06,2500,1089,2500,659,11,1,7249,637,857,0
2,d,10000000,9998244,3162,1e-06,2500,1090,2500,648,11,1,7128,1277,857,0
2,d,10000000,9998244,3162,1e-06,2500,1091,2500,645,11,1,7095,1902,857,0
2,d,10000000,9998244,3162,1e-06,2500,1092,2500,632,11,1,6952,2525,857,0
2,d,10000000,9998244,3162,1e-06,2500,1093,2500,3170,15,1,47550,-3,857,0
2,d,10000000,9998244,3162,1e-06,2500,1094,2500,647,11,1,7117,606,861,0
2,d,10000000,9998244,3162,1e-06,2500,1095,2500,664,11,1,7304,1229,861,0
2,d,10000000,9998244,3162,1e-06,2500,1096,2500,648,11,1,7128,1869,861,0
2,d,10000000,9998244,3162,1e-06,2500,1097,2500,661,11,1,7271,2493,861,0
2,d,10000000,9998244,3162,1e-06,2500,1098,2500,3170,15,1,47550,-3,861,0
2,d,10000000,9998244,3162,1e-06,2500,1099,2500,661,11,1,7271,591,865,0
2,d,10000000,9998244,3162,1e-06,2500,1100,2500,642,11,1,7062,1229,865,0
2,d,10000000,9998244,3162,1e-06,2500,1101,2500,646,11,1,7106,1853,865,0
2,d,10000000,9998244,3162,1e-06,2500,1102,2500,631,11,1,6941,2477,865,0
2,d,10000000,9998244,3162,1e-06,2500,1103,2500,3169,15,1,47535,-3,865,0
2,d,10000000,9998244,3162,1e-06,2500,1104,2500,648,11,1,7128,541,869,0
2,d,10000000,9998244,3162,1e-06,2500,1105,2500,646,11,1,7106,1167,869,0
2,d,10000000,9998244,3162,1e-06,2500,1106,2500,629,11,1,6919,1790,869,0
2,d,10000000,9998244,3162,1e-06,2500,1107,2500,632,11,1,6952,2397,869,0
2,d,10000000,9998244,3162,1e-06,2500,1108,2500,3170,15,1,47550,-3,869,0
2,d,10000000,9998244,3162,1e-06,2500,1109,2500,662,11,1,7282,461,873,0
2,d,10000000,9998244,3162,1e-06,2500,1110,2500,647,11,1,7117,1101,873,0
2,d,10000000,9998244,3162,1e-06,2500,1111,2500,648,11,1,7128,1725,873,0
2,d,10000000,9998244,3162,1e-06,2500,1112,2500,631,11,1,6941,2349,873,0
2,d,10000000,9998244,3162,1e-06,2500,1113,2500,3170,15,1,47550,-3,873,0
2,d,10000000,9998244,3162,1e-06,2500,1114,2500,648,11,1,7128,413,877,0
2,d,10000000,9998244,3162,1e-06,2500,1115,2500,632,11,1,6952,1037,877,0
2,d,10000000,9998244,3162,1e-06,2500,1116,2500,645,11,1,7095,1646,877,0
2,d,10000000,9998244,3162,1e-06,2500,1117,2500,646,11,1,7106,2271,877,0
2,d,10000000,9998244,3162,1e-06,2500,1118,2500,3170,15,1,47550,-3,877,0
2,d,10000000,9998244,3162,1e-06,2500,1119,2500,632,11,1,6952,365,881,0
2,d,10000000,9998244,3162,1e-06,2500,1120,2500,644,11,1,7084,977,881,0
2,d,10000000,9998244,3162,1e-06,2500,1121,2500,648,11,1,7128,1597,881,0
2,d,10000000,9998244,3162,1e-06,2500,1122,2500,647,11,1,7117,2222,881,0
2,d,10000000,9998244,3162,1e-06,2500,1123,2500,3169,15,1,47535,-3,881,0
2,d,10000000,9998244,3162,1e-06,2500,1124,2500,645,11,1,7095,303,885,0
2,d,10000000,9998244,3162,1e-06,2500,1125,2500,631,11,1,6941,925,885,0
2,d,10000000,9998244,3162,1e-06,2500,1126,2500,645,11,1,7095,1536,885,0
2,d,10000000,9998244,3162,1e-06,2500,1127,2500,632,11,1,6952,2157,885,0
2,d,10000000,9998244,3162,1e-06,2500,1128,2500,3170,15,1,47550,-3,885,0
2,d,10000000,9998244,3162,1e-06,2500,1129,2500,631,11,1,6941,222,889,0
2,d,10000000,9998244,3162,1e-06,2500,1130,2500,664,11,1,7304,829,889,0
2,d,10000000,9998244,3162,1e-06,2500,1131,2500,647,11,1,7117,1469,889,0
2,d,10000000,9998244,3162,1e-06,2500,1132,2500,647,11,1,7117,2094,889,0
2,d,10000000,9998244,3162,1e-06,2500,1133,2500,3170,15,1,47550,-3,889,0
2,d,10000000,9998244,3162,1e-06,2500,1134,2500,646,11,1,7106,190,893,0
2,d,10000000,9998244,3162,1e-06,2500,1135,2500,648,11,1,7128,813,893,0
2,d,10000000,9998244,3162,1e-06,2500,1136,2500,647,11,1,7117,1437,893,0
2,d,10000000,9998244,3162,1e-06,2500,1137,2500,646,11,1,7106,2062,893,0
2,d,10000000,9998244,3162,1e-06,2500,1138,2500,3170,15,1,47550,-3,893,0
2,d,10000000,9998244,3162,1e-06,2500,1139,2500,647,11,1,7117,141,897,0
2,d,10000000,9998244,3162,1e-06,2500,1140,2500,647,11,1,7117,766,897,0
2,d,10000000,9998244,3162,1e-06,2500,1141,2500,648,11,1,7128,1405,897,0
2,d,10000000,9998244,3162,1e-06,2500,1142,2500,631,11,1,6941,2030,897,0
2,d,10000000,9998244,3162,1e-06,2500,1143,2500,3170,15,1,47550,-3,897,0
2,d,10000000,9998244,3162,1e-06,2500,1144,2500,642,11,1,7062,97,901,0
2,d,10000000,9998244,3162,1e-06,2500,1145,2500,648,11,1,7128,717,901,0
2,d,10000000,9998244,3162,1e-06,2500,1146,2500,647,11,1,7117,1341,901,0
2,d,10000000,9998244,3162,1e-06,2500,1147,2500,632,11,1,6952,1965,901,0
2,d,10000000,9998244,3162,1e-06,2500,1148,2500,3170,15,1,47550,-3,901,0
2,d,10000000,9998244,3162,1e-06,2500,1149,2500,648,11,1,7128,45,905,0
2,d,10000000,9998244,3162,1e-06,2500,1150,2500,632,11,1,6952,669,905,0
2,d,10000000,9998244,3162,1e-06,2500,1151,2500,645,11,1,7095,1278,905,0
2,d,10000000,9998244,3162,1e-06,2500,1152,2500,648,11,1,7128,1901,905,0
2,d,10000000,9998244,3162,1e-06,2500,1153,2500,3169,15,1,47535,-2,905,0
2,d,10000000,9998244,3162,1e-06,2500,1154,2500,645,11,1,7095,14,909,0
2,d,10000000,9998244,3162,1e-06,2500,1155,2500,648,11,1,7128,637,909,0
2,d,10000000,9998244,3162,1e-06,2500,1156,2500,647,11,1,7117,1262,909,0
2,d,10000000,9998244,3162,1e-06,2500,1157,2500,632,11,1,6952,1901,909,0
2,d,10000000,9998244,3162,1e-06,2500,1158,2500,657,11,1,7227,2510,909,0
2,d,10000000,9998244,3162,1e-06,2500,1159,2500,3169,15,1,47535,-3,909,0
2,d,10000000,9998244,3162,1e-06,2500,1160,2500,678,11,1,7458,606,913,0
2,d,10000000,9998244,3162,1e-06,2500,1161,2500,647,11,1,7117,1261,913,0
2,d,10000000,9998244,3162,1e-06,2500,1162,2500,631,11,1,6941,1886,913,0
2,d,10000000,9998244,3162,1e-06,2500,1163,2500,647,11,1,7117,2494,913,0
2,d,10000000,9998244,3162,1e-06,2500,1164,2500,3170,15,1,47550,-3,913,0
2,d,10000000,9998244,3162,1e-06,2500,1165,2500,631,11,1,6941,589,917,0
2,d,10000000,9998244,3162,1e-06,2500,1166,2500,648,11,1,7128,1197,917,0
2,d,10000000,9998244,3162,1e-06,2500,1167,2500,645,11,1,7095,1823,917,0
2,d,10000000,9998244,3162,1e-06,2500,1168,2500,637,11,1,7007,2445,917,0
2,d,10000000,9998244,3162,1e-06,2500,1169,2500,3170,15,1,47550,-3,917,0
2,d,10000000,9998244,3162,1e-06,2500,1170,2500,647,11,1,7117,526,921,0
2,d,10000000,9998244,3162,1e-06,2500,1171,2500,632,11,1,6952,1149,921,0
2,d,10000000,9998244,3162,1e-06,2500,1172,2500,647,11,1,7117,1758,921,0
2,d,10000000,9998244,3162,1e-06,2500,1173,2500,664,11,1,7304,2381,921,0
2,d,10000000,9998244,3162,1e-06,2500,1174,2500,3170,15,1,47550,-3,921,0
2,d,10000000,9998244,3162,1e-06,2500,1175,2500,662,11,1,7282,477,925,0
2,d,10000000,9998244,3162,1e-06,2500,1176,2500,632,11,1,6952,1117,925,0
2,d,10000000,9998244,3162,1e-06,2500,1177,2500,664,11,1,7304,1725,925,0
2,d,10000000,9998244,3162,1e-06,2500,1178,2500,646,11,1,7106,2366,925,0
2,d,10000000,9998244,3162,1e-06,2500,1179,2500,3170,15,1,47550,-3,925,0
2,d,10000000,9998244,3162,1e-06,2500,1180,2500,646,11,1,7106,462,929,0
2,d,10000000,9998244,3162,1e-06,2500,1181,2500,648,11,1,7128,1085,929,0
2,d,10000000,9998244,3162,1e-06,2500,1182,2500,625,11,1,6875,1716,929,0
2,d,10000000,9998244,3162,1e-06,2500,1183,2500,663,11,1,7293,2318,929,0
2,d,10000000,9998244,3162,1e-06,2500,1184,2500,3170,15,1,47550,-3,929,0
2,d,10000000,9998244,3162,1e-06,2500,1185,2500,631,11,1,6941,413,933,0
2,d,10000000,9998244,3162,1e-06,2500,1186,2500,647,11,1,7117,1021,933,0
2,d,10000000,9998244,3162,1e-06,2500,1187,2500,661,11,1,7271,1645,933,0
2,d,10000000,9998244,3162,1e-06,2500,1188,2500,647,11,1,7117,2285,933,0
2,d,10000000,9998244,3162,1e-06,2500,1189,2500,3169,15,1,47535,-3,933,0
2,d,10000000,9998244,3162,1e-06,2500,1190,2500,646,11,1,7106,382,937,0
2,d,10000000,9998244,3162,1e-06,2500,1191,2500,672,11,1,7392,1013,937,0
2,d,10000000,9998244,3162,1e-06,2500,1192,2500,663,11,1,7293,1661,937,0
2,d,10000000,9998244,3162,1e-06,2500,1193,2500,648,11,1,7128,2301,937,0
2,d,10000000,9998244,3162,1e-06,2500,1194,2500,3170,15,1,47550,-3,937,0
2,d,10000000,9998244,3162,1e-06,2500,1195,2500,663,11,1,7293,398,941,0
2,d,10000000,9998244,3162,1e-06,2500,1196,2500,616,11,1,6776,1037,941,0
2,d,10000000,9998244,3162,1e-06,2500,1197,2500,631,11,1,6941,1630,941,0
2,d,10000000,9998244,3162,1e-06,2500,1198,2500,646,11,1,7106,2239,941,0
2,d,10000000,9998244,3162,1e-06,2500,1199,2500,3170,15,1,47550,-3,941,0
2,d,10000000,9998244,3162,1e-06,2500,1200,2500,631,11,1,6941,333,945,0
2,d,10000000,9998244,3162,1e-06,2500,1201,2500,662,11,1,7282,943,945,0
2,d,10000000,9998244,3162,1e-06,2500,1202,2500,647,11,1,7117,1581,945,0
2,d,10000000,9998244,3162,1e-06,2500,1203,2500,647,11,1,7117,2205,945,0
2,d,10000000,9998244,3162,1e-06,2500,1204,2500,3170,15,1,47550,-3,945,0
2,d,10000000,9998244,3162,1e-06,2500,1205,2500,632,11,1,6952,285,949,0
2,d,10000000,9998244,3162,1e-06,2500,1206,2500,662,11,1,7282,894,949,0
2,d,10000000,9998244,3162,1e-06,2500,1207,2500,630,11,1,6930,1534,949,0
2,d,10000000,9998244,3162,1e-06,2500,1208,2500,646,11,1,7106,2141,949,0
2,d,10000000,9998244,3162,1e-06,2500,1209,2500,3170,15,1,47550,-3,949,0
2,d,10000000,9998244,3162,1e-06,2500,1210,2500,661,11,1,7271,208,953,0
2,d,10000000,9998244,3162,1e-06,2500,1211,2500,644,11,1,7084,849,953,0
2,d,10000000,9998244,3162,1e-06,2500,1212,2500,647,11,1,7117,1470,953,0
2,d,10000000,9998244,3162,1e-06,2500,1213,2500,646,11,1,7106,2095,953,0
2,d,10000000,9998244,3162,1e-06,2500,1214,2500,3170,15,1,47550,-3,953,0
2,d,10000000,9998244,3162,1e-06,2500,1215,2500,647,11,1,7117,206,957,0
2,d,10000000,9998244,3162,1e-06,2500,1216,2500,648,11,1,7128,829,957,0
2,d,10000000,9998244,3162,1e-06,2500,1217,2500,648,11,1,7128,1453,957,0
2,d,10000000,9998244,3162,1e-06,2500,1218,2500,630,11,1,6930,2079,957,0
2,d,10000000,9998244,3162,1e-06,2500,1219,2500,3169,15,1,47535,-2,957,0
2,d,10000000,9998244,3162,1e-06,2500,1220,2500,646,11,1,7106,141,961,0
2,d,10000000,9998244,3162,1e-06,2500,1221,2500,632,11,1,6952,765,961,0
2,d,10000000,9998244,3162,1e-06,2500,1222,2500,662,11,1,7282,1374,961,0
2,d,10000000,9998244,3162,1e-06,2500,1223,2500,648,11,1,7128,2013,961,0
2,d,10000000,9998244,3162,1e-06,2500,1224,2500,3169,15,1,47535,-3,961,0
2,d,10000000,9998244,3162,1e-06,2500,1225,2500,647,11,1,7117,94,965,0
2,d,10000000,9998244,3162,1e-06,2500,1226,2500,647,11,1,7117,718,965,0
2,d,10000000,9998244,3162,1e-06,2500,1227,2500,664,11,1,7304,1341,965,0
2,d,10000000,9998244,3162,1e-06,2500,1228,2500,647,11,1,7117,1981,965,0
2,d,10000000,9998244,3162,1e-06,2500,1229,2500,3170,15,1,47550,-3,965,0
2,d,10000000,9998244,3162,1e-06,2500,1230,2500,648,11,1,7128,77,969,0
2,d,10000000,9998244,3162,1e-06,2500,1231,2500,663,11,1,7293,702,969,0
2,d,10000000,9998244,3162,1e-06,2500,1232,2500,660,11,1,7260,1342,969,0
2,d,10000000,9998244,3162,1e-06,2500,1233,2500,647,11,1,7117,1981,969,0
2,d,10000000,9998244,3162,1e-06,2500,1234,2500,3170,15,1,47550,-3,969,0
2,d,10000000,9998244,3162,1e-06,2500,1235,2500,647,11,1,7117,62,973,0
2,d,10000000,9998244,3162,1e-06,2500,1236,2500,647,11,1,7117,686,973,0
2,d,10000000,9998244,3162,1e-06,2500,1237,2500,677,11,1,7447,1310,973,0
2,d,10000000,9998244,3162,1e-06,2500,1238,2500,663,11,1,7293,1965,973,0
2,d,10000000,9998244,3162,1e-06,2500,1239,2500,3170,15,1,47550,-3,973,0
2,d,10000000,9998244,3162,1e-06,2500,1240,2500,631,11,1,6941,62,977,0
2,d,10000000,9998244,3162,1e-06,2500,1241,2500,645,11,1,7095,670,977,0
2,d,10000000,9998244,3162,1e-06,2500,1242,2500,632,11,1,6952,1293,977,0
2,d,10000000,9998244,3162,1e-06,2500,1243,2500,648,11,1,7128,1901,977,0
2,d,10000000,9998244,3162,1e-06,2500,1244,2500,3169,15,1,47535,-2,977,0
2,d,10000000,9998244,3162,1e-06,2500,1245,2500,662,11,1,7282,-1,981,0
2,d,10000000,9998244,3162,1e-06,2500,1246,2500,647,11,1,7117,638,981,0
2,d,10000000,9998244,3162,1e-06,2500,1247,2500,680,11,1,7480,1261,981,0
2,d,10000000,9998244,3162,1e-06,2500,1248,2500,643,11,1,7073,1917,981,0
2,d,10000000,9998244,3162,1e-06,2500,1249,2500,3170,15,1,47550,-3,981,0
2,d,10000000,9998244,3162,1e-06,2500,1250,2500,632,11,1,6952,13,985,0
2,d,10000000,9998244,3162,1e-06,2500,1251,2500,648,11,1,7128,621,985,0
2,d,10000000,9998244,3162,1e-06,2500,1252,2500,663,11,1,7293,1246,985,0
2,d,10000000,9998244,3162,1e-06,2500,1253,2500,643,11,1,7073,1890,985,0
2,d,10000000,9998244,3162,1e-06,2500,1254,2500,655,11,1,7205,2509,985,0
2,d,10000000,9998244,3162,1e-06,2500,1255,2500,3169,15,1,47535,-2,985,0
2,d,10000000,9998244,3162,1e-06,2500,1256,2500,647,11,1,7117,606,989,0
2,d,10000000,9998244,3162,1e-06,2500,1257,2500,632,11,1,6952,1229,989,0
2,d,10000000,9998244,3162,1e-06,2500,1258,2500,647,11,1,7117,1838,989,0
2,d,10000000,9998244,3162,1e-06,2500,1259,2500,647,11,1,7117,2462,989,0
2,d,10000000,9998244,3162,1e-06,2500,1260,2500,3169,15,1,47535,-3,989,0
2,d,10000000,9998244,3162,1e-06,2500,1261,2500,663,11,1,7293,541,993,0
2,d,10000000,9998244,3162,1e-06,2500,1262,2500,664,11,1,7304,1181,993,0
2,d,10000000,9998244,3162,1e-06,2500,1263,2500,648,11,1,7128,1821,993,0
2,d,10000000,9998244,3162,1e-06,2500,1264,2500,648,11,1,7128,2445,993,0
2,d,10000000,9998244,3162,1e-06,2500,1265,2500,3170,15,1,47550,-3,993,0
2,d,10000000,9998244,3162,1e-06,2500,1266,2500,659,11,1,7249,527,997,0
2,d,10000000,9998244,3162,1e-06,2500,1267,2500,631,11,1,6941,1165,997,0
2,d,10000000,9998244,3162,1e-06,2500,1268,2500,648,11,1,7128,1773,997,0
2,d,10000000,9998244,3162,1e-06,2500,1269,2500,632,11,1,6952,2397,997,0
2,d,10000000,9998244,3162,1e-06,2500,1270,2500,3170,15,1,47550,-3,997,0
2,d,10000000,9998244,3162,1e-06,2500,1271,2500,631,11,1,6941,493,1001,0
2,d,10000000,9998244,3162,1e-06,2500,1272,2500,646,11,1,7106,1103,1001,0
2,d,10000000,9998244,3162,1e-06,2500,1273,2500,631,11,1,6941,1725,1001,0
2,d,10000000,9998244,3162,1e-06,2500,1274,2500,663,11,1,7293,2333,1001,0
2,d,10000000,9998244,3162,1e-06,2500,1275,2500,3170,15,1,47550,-3,1001,0
2,d,10000000,9998244,3162,1e-06,2500,1276,2500,648,11,1,7128,413,1005,0
2,d,10000000,9998244,3162,1e-06,2500,1277,2500,647,11,1,7117,1037,1005,0
2,d,10000000,9998244,3162,1e-06,2500,1278,2500,664,11,1,7304,1661,1005,0
2,d,10000000,9998244,3162,1e-06,2500,1279,2500,663,11,1,7293,2301,1005,0
2,d,10000000,9998244,3162,1e-06,2500,1280,2500,3170,15,1,47550,-3,1005,0
2,d,10000000,9998244,3162,1e-06,2500,1281,2500,641,11,1,7051,418,1009,0
2,d,10000000,9998244,3162,1e-06,2500,1282,2500,632,11,1,6952,1037,1009,0
2,d,10000000,9998244,3162,1e-06,2500,1283,2500,648,11,1,7128,1645,1009,0
2,d,10000000,9998244,3162,1e-06,2500,1284,2500,647,11,1,7117,2270,1009,0
2,d,10000000,9998244,3162,1e-06,2500,1285,2500,3169,15,1,47535,-3,1009,0
2,d,10000000,9998244,3162,1e-06,2500,1286,2500,648,11,1,7128,365,1013,0
2,d,10000000,9998244,3162,1e-06,2500,1287,2500,646,11,1,7106,990,1013,0
2,d,10000000,9998244,3162,1e-06,2500,1288,2500,664,11,1,7304,1613,1013,0
2,d,10000000,9998244,3162,1e-06,2500,1289,2500,646,11,1,7106,2253,1013,0
2,d,10000000,9998244,3162,1e-06,2500,1290,2500,3170,15,1,47550,-3,1013,0
2,d,10000000,9998244,3162,1e-06,2500,1291,2500,662,11,1,7282,334,1017,0
2,d,10000000,9998244,3162,1e-06,2500,1292,2500,632,11,1,6952,973,1017,0
2,d,10000000,9998244,3162,1e-06,2500,1293,2500,631,11,1,6941,1582,1017,0
2,d,10000000,9998244,3162,1e-06,2500,1294,2500,661,11,1,7271,2190,1017,0
2,d,10000000,9998244,3162,1e-06,2500,1295,2500,3170,15,1,47550,-3,1017,0
2,d,10000000,9998244,3162,1e-06,2500,1296,2500,648,11,1,7128,285,1021,0
2,d,10000000,9998244,3162,1e-06,2500,1297,2500,642,11,1,7062,909,1021,0
2,d,10000000,9998244,3162,1e-06,2500,1298,2500,647,11,1,7117,1533,1021,0
2,d,10000000,9998244,3162,1e-06,2500,1299,2500,646,11,1,7106,2158,1021,0
2,d,10000000,9998244,3162,1e-06,2500,1300,2500,3170,15,1,47550,-3,1021,0
2,d,10000000,9998244,3162,1e-06,2500,1301,2500,647,11,1,7117,254,1025,0
2,d,10000000,9998244,3162,1e-06,2500,1302,2500,647,11,1,7117,878,1025,0
2,d,10000000,9998244,3162,1e-06,2500,1303,2500,646,11,1,7106,1502,1025,0
2,d,10000000,9998244,3162,1e-06,2500,1304,2500,662,11,1,7282,2126,1025,0
2,d,10000000,9998244,3162,1e-06,2500,1305,2500,3170,15,1,47550,-3,1025,0
2,d,10000000,9998244,3162,1e-06,2500,1306,2500,661,11,1,7271,221,1029,0
2,d,10000000,9998244,3162,1e-06,2500,1307,2500,646,11,1,7106,861,1029,0
2,d,10000000,9998244,3162,1e-06,2500,1308,2500,645,11,1,7095,1485,1029,0
2,d,10000000,9998244,3162,1e-06,2500,1309,2500,632,11,1,6952,2109,1029,0
2,d,10000000,9998244,3162,1e-06,2500,1310,2500,3169,15,1,47535,-2,1029,0
2,d,10000000,9998244,3162,1e-06,2500,1311,2500,628,11,1,6908,190,1033,0
2,d,10000000,9998244,3162,1e-06,2500,1312,2500,632,11,1,6952,797,1033,0
2,d,10000000,9998244,3162,1e-06,2500,1313,2500,647,11,1,7117,1406,1033,0
2,d,10000000,9998244,3162,1e-06,2500,1314,2500,661,11,1,7271,2031,1033,0
2,d,10000000,9998244,3162,1e-06,2500,1315,2500,3170,15,1,47550,-3,1033,0
2,d,10000000,9998244,3162,1e-06,2500,1316,2500,648,11,1,7128,125,1037,0
2,d,10000000,9998244,3162,1e-06,2500,1317,2500,647,11,1,7117,750,1037,0
2,d,10000000,9998244,3162,1e-06,2500,1318,2500,679,11,1,7469,1373,1037,0
2,d,10000000,9998244,3162,1e-06,2500,1319,2500,648,11,1,7128,2029,1037,0
2,d,10000000,9998244,3162,1e-06,2500,1320,2500,3170,15,1,47550,-3,1037,0
2,d,10000000,9998244,3162,1e-06,2500,1321,2500,638,11,1,7018,125,1041,0
2,d,10000000,9998244,3162,1e-06,2500,1322,2500,632,11,1,6952,749,1041,0
2,d,10000000,9998244,3162,1e-06,2500,1323,2500,647,11,1,7117,1358,1041,0
2,d,10000000,9998244,3162,1e-06,2500,1324,2500,662,11,1,7282,1981,1041,0
2,d,10000000,9998244,3162,1e-06,2500,1325,2500,3170,15,1,47550,-3,1041,0
2,d,10000000,9998244,3162,1e-06,2500,1326,2500,663,11,1,7293,77,1045,0
2,d,10000000,9998244,3162,1e-06,2500,1327,2500,644,11,1,7084,718,1045,0
2,d,10000000,9998244,3162,1e-06,2500,1328,2500,647,11,1,7117,1341,1045,0
2,d,10000000,9998244,3162,1e-06,2500,1329,2500,647,11,1,7117,1965,1045,0
2,d,10000000,9998244,3162,1e-06,2500,1330,2500,3170,15,1,47550,-3,1045,0
2,d,10000000,9998244,3162,1e-06,2500,1331,2500,648,11,1,7128,61,1049,0
2,d,10000000,9998244,3162,1e-06,2500,1332,2500,643,11,1,7073,689,1049,0
2,d,10000000,9998244,3162,1e-06,2500,1333,2500,663,11,1,7293,1309,1049,0
2,d,10000000,9998244,3162,1e-06,2500,1334,2500,646,11,1,7106,1951,1049,0
2,d,10000000,9998244,3162,1e-06,2500,1335,2500,3170,15,1,47550,-3,1049,0
2,d,10000000,9998244,3162,1e-06,2500,1336,2500,646,11,1,7106,30,1053,0
2,d,10000000,9998244,3162,1e-06,2500,1337,2500,641,11,1,7051,656,1053,0
2,d,10000000,9998244,3162,1e-06,2500,1338,2500,647,11,1,7117,1278,1053,0
2,d,10000000,9998244,3162,1e-06,2500,1339,2500,658,11,1,7238,1903,1053,0
2,d,10000000,9998244,3162,1e-06,2500,1340,2500,625,11,1,6875,2542,1053,0
2,d,10000000,9998244,3162,1e-06,2500,1341,2500,3169,15,1,47535,-3,1053,0
2,d,10000000,9998244,3162,1e-06,2500,1342,2500,648,11,1,7128,621,1057,0
2,d,10000000,9998244,3162,1e-06,2500,1343,2500,647,11,1,7117,1246,1057,0
2,d,10000000,9998244,3162,1e-06,2500,1344,2500,663,11,1,7293,1870,1057,0
2,d,10000000,9998244,3162,1e-06,2500,1345,2500,648,11,1,7128,2509,1057,0
2,d,10000000,9998244,3162,1e-06,2500,1346,2500,3170,15,1,47550,-3,1057,0
2,d,10000000,9998244,3162,1e-06,2500,1347,2500,648,11,1,7128,605,1061,0
2,d,10000000,9998244,3162,1e-06,2500,1348,2500,647,11,1,7117,1230,1061,0
2,d,10000000,9998244,3162,1e-06,2500,1349,2500,647,11,1,7117,1853,1061,0
2,d,10000000,9998244,3162,1e-06,2500,1350,2500,648,11,1,7128,2477,1061,0
2,d,10000000,9998244,3162,1e-06,2500,1351,2500,3170,15,1,47550,-3,1061,0
2,d,10000000,9998244,3162,1e-06,2500,1352,2500,648,11,1,7128,573,1065,0
2,d,10000000,9998244,3162,1e-06,2500,1353,2500,663,11,1,7293,1198,1065,0
2,d,10000000,9998244,3162,1e-06,2500,1354,2500,631,11,1,6941,1838,1065,0
2,d,10000000,9998244,3162,1e-06,2500,1355,2500,648,11,1,7128,2445,1065,0
2,d,10000000,9998244,3162,1e-06,2500,1356,2500,3170,15,1,47550,-3,1065,0
2,d,10000000,9998244,3162,1e-06,2500,1357,2500,644,11,1,7084,513,1069,0
2,d,10000000,9998244,3162,1e-06,2500,1358,2500,648,11,1,7128,1133,1069,0
2,d,10000000,9998244,3162,1e-06,2500,1359,2500,632,11,1,6952,1757,1069,0
2,d,10000000,9998244,3162,1e-06,2500,1360,2500,664,11,1,7304,2365,1069,0
2,d,10000000,9998244,3162,1e-06,2500,1361,2500,3169,15,1,47535,-3,1069,0
2,d,10000000,9998244,3162,1e-06,2500,1362,2500,664,11,1,7304,477,1073,0
2,d,10000000,9998244,3162,1e-06,2500,1363,2500,664,11,1,7304,1117,1073,0
2,d,10000000,9998244,3162,1e-06,2500,1364,2500,660,11,1,7260,1757,1073,0
2,d,10000000,9998244,3162,1e-06,2500,1365,2500,628,11,1,6908,2397,1073,0
2,d,10000000,9998244,3162,1e-06,2500,1366,2500,3169,15,1,47535,-3,1073,0
2,d,10000000,9998244,3162,1e-06,2500,1367,2500,647,11,1,7117,462,1077,0
2,d,10000000,9998244,3162,1e-06,2500,1368,2500,632,11,1,6952,1085,1077,0
2,d,10000000,9998244,3162,1e-06,2500,1369,2500,648,11,1,7128,1693,1077,0
2,d,10000000,9998244,3162,1e-06,2500,1370,2500,631,11,1,6941,2318,1077,0
2,d,10000000,9998244,3162,1e-06,2500,1371,2500,3169,15,1,47535,-2,1077,0
2,d,10000000,9998244,3162,1e-06,2500,1372,2500,662,11,1,7282,381,1081,0
2,d,10000000,9998244,3162,1e-06,2500,1373,2500,663,11,1,7293,1021,1081,0
2,d,10000000,9998244,3162,1e-06,2500,1374,2500,632,11,1,6952,1661,1081,0
2,d,10000000,9998244,3162,1e-06,2500,1375,2500,642,11,1,7062,2274,1081,0
2,d,10000000,9998244,3162,1e-06,2500,1376,2500,3170,15,1,47550,-3,1081,0
2,d,10000000,9998244,3162,1e-06,2500,1377,2500,629,11,1,6919,349,1085,0
2,d,10000000,9998244,3162,1e-06,2500,1378,2500,648,11,1,7128,957,1085,0
2,d,10000000,9998244,3162,1e-06,2500,1379,2500,659,11,1,7249,1581,1085,0
2,d,10000000,9998244,3162,1e-06,2500,1380,2500,648,11,1,7128,2221,1085,0
2,d,10000000,9998244,3162,1e-06,2500,1381,2500,3170,15,1,47550,-3,1085,0
2,d,10000000,9998244,3162,1e-06,2500,1382,2500,648,11,1,7128,301,1089,0
2,d,10000000,9998244,3162,1e-06,2500,1383,2500,663,11,1,7293,925,1089,0
2,d,10000000,9998244,3162,1e-06,2500,1384,2500,632,11,1,6952,1565,1089,0
2,d,10000000,9998244,3162,1e-06,2500,1385,2500,625,11,1,6875,2180,1089,0
2,d,10000000,9998244,3162,1e-06,2500,1386,2500,3170,15,1,47550,-3,1089,0
2,d,10000000,9998244,3162,1e-06,2500,1387,2500,648,11,1,7128,253,1093,0
2,d,10000000,9998244,3162,1e-06,2500,1388,2500,647,11,1,7117,878,1093,0
2,d,10000000,9998244,3162,1e-06,2500,1389,2500,632,11,1,6952,1501,1093,0
2,d,10000000,9998244,3162,1e-06,2500,1390,2500,648,11,1,7128,2109,1093,0
2,d,10000000,9998244,3162,1e-06,2500,1391,2500,3170,15,1,47550,-3,1093,0
2,d,10000000,9998244,3162,1e-06,2500,1392,2500,662,11,1,7282,206,1097,0
2,d,10000000,9998244,3162,1e-06,2500,1393,2500,648,11,1,7128,845,1097,0
2,d,10000000,9998244,3162,1e-06,2500,1394,2500,662,11,1,7282,1469,1097,0
2,d,10000000,9998244,3162,1e-06,2500,1395,2500,631,11,1,6941,2109,1097,0
2,d,10000000,9998244,3162,1e-06,2500,1396,2500,3170,15,1,47550,-3,1097,0
2,d,10000000,9998244,3162,1e-06,2500,1397,2500,648,11,1,7128,173,1101,0
2,d,10000000,9998244,3162,1e-06,2500,1398,2500,646,11,1,7106,799,1101,0
2,d,10000000,9998244,3162,1e-06,2500,1399,2500,646,11,1,7106,1423,1101,0
2,d,10000000,9998244,3162,1e-06,2500,1400,2500,648,11,1,7128,2045,1101,0
2,d,10000000,9998244,3162,1e-06,2500,1401,2500,3170,15,1,47550,-3,1101,0
2,d,10000000,9998244,3162,1e-06,2500,1402,2500,646,11,1,7106,126,1105,0
2,d,10000000,9998244,3162,1e-06,2500,1403,2500,648,11,1,7128,749,1105,0
2,d,10000000,9998244,3162,1e-06,2500,1404,2500,631,11,1,6941,1373,1105,0
2,d,10000000,9998244,3162,1e-06,2500,1405,2500,647,11,1,7117,1981,1105,0
2,d,10000000,9998244,3162,1e-06,2500,1406,2500,3170,15,1,47550,-3,1105,0
2,d,10000000,9998244,3162,1e-06,2500,1407,2500,615,11,1,6765,93,1109,0
2,d,10000000,9998244,3162,1e-06,2500,1408,2500,662,11,1,7282,687,1109,0
2,d,10000000,9998244,3162,1e-06,2500,1409,2500,647,11,1,7117,1326,1109,0
2,d,10000000,9998244,3162,1e-06,2500,1410,2500,647,11,1,7117,1950,1109,0
2,d,10000000,9998244,3162,1e-06,2500,1411,2500,3170,15,1,47550,-3,1109,0
2,d,10000000,9998244,3162,1e-06,2500,1412,2500,647,11,1,7117,29,1113,0
2,d,10000000,9998244,3162,1e-06,2500,1413,2500,632,11,1,6952,653,1113,0
2,d,10000000,9998244,3162,1e-06,2500,1414,2500,647,11,1,7117,1262,1113,0
2,d,10000000,9998244,3162,1e-06,2500,1415,2500,653,11,1,7183,1895,1113,0
2,d,10000000,9998244,3162,1e-06,2500,1416,2500,632,11,1,6952,2525,1113,0
2,d,10000000,9998244,3162,1e-06,2500,1417,2500,3170,15,1,47550,-3,1113,0
2,d,10000000,9998244,3162,1e-06,2500,1418,2500,663,11,1,7293,589,1117,0
2,d,10000000,9998244,3162,1e-06,2500,1419,2500,663,11,1,7293,1229,1117,0
2,d,10000000,9998244,3162,1e-06,2500,1420,2500,648,11,1,7128,1869,1117,0
2,d,10000000,9998244,3162,1e-06,2500,1421,2500,630,11,1,6930,2493,1117,0
2,d,10000000,9998244,3162,1e-06,2500,1422,2500,3170,15,1,47550,-3,1117,0
2,d,10000000,9998244,3162,1e-06,2500,1423,2500,648,11,1,7128,557,1121,0
2,d,10000000,9998244,3162,1e-06,2500,1424,2500,647,11,1,7117,1182,1121,0
2,d,10000000,9998244,3162,1e-06,2500,1425,2500,645,11,1,7095,1805,1121,0
2,d,10000000,9998244,3162,1e-06,2500,1426,2500,632,11,1,6952,2429,1121,0
2,d,10000000,9998244,3162,1e-06,2500,1427,2500,3170,15,1,47550,-3,1121,0
2,d,10000000,9998244,3162,1e-06,2500,1428,2500,647,11,1,7117,478,1125,0
2,d,10000000,9998244,3162,1e-06,2500,1429,2500,647,11,1,7117,1102,1125,0
2,d,10000000,9998244,3162,1e-06,2500,1430,2500,648,11,1,7128,1725,1125,0
2,d,10000000,9998244,3162,1e-06,2500,1431,2500,631,11,1,6941,2350,1125,0
2,d,10000000,9998244,3162,1e-06,2500,1432,2500,3170,15,1,47550,-3,1125,0
2,d,10000000,9998244,3162,1e-06,2500,1433,2500,632,11,1,6952,413,1129,0
2,d,10000000,9998244,3162,1e-06,2500,1434,2500,647,11,1,7117,1021,1129,0
2,d,10000000,9998244,3162,1e-06,2500,1435,2500,646,11,1,7106,1647,1129,0
2,d,10000000,9998244,3162,1e-06,2500,1436,2500,631,11,1,6941,2270,1129,0
2,d,10000000,9998244,3162,1e-06,2500,1437,2500,3170,15,1,47550,-3,1129,0
2,d,10000000,9998244,3162,1e-06,2500,1438,2500,657,11,1,7227,333,1133,0
2,d,10000000,9998244,3162,1e-06,2500,1439,2500,631,11,1,6941,974,1133,0
2,d,10000000,9998244,3162,1e-06,2500,1440,2500,678,11,1,7458,1583,1133,0
2,d,10000000,9998244,3162,1e-06,2500,1441,2500,648,11,1,7128,2237,1133,0
2,d,10000000,9998244,3162,1e-06,2500,1442,2500,3170,15,1,47550,-3,1133,0
2,d,10000000,9998244,3162,1e-06,2500,1443,2500,632,11,1,6952,333,1137,0
2,d,10000000,9998244,3162,1e-06,2500,1444,2500,646,11,1,7106,943,1137,0
2,d,10000000,9998244,3162,1e-06,2500,1445,2500,646,11,1,7106,1567,1137,0
2,d,10000000,9998244,3162,1e-06,2500,1446,2500,662,11,1,7282,2191,1137,0
2,d,10000000,9998244,3162,1e-06,2500,1447,2500,3170,15,1,47550,-3,1137,0
2,d,10000000,9998244,3162,1e-06,2500,1448,2500,648,11,1,7128,269,1141,0
2,d,10000000,9998244,3162,1e-06,2500,1449,2500,648,11,1,7128,893,1141,0
2,d,10000000,9998244,3162,1e-06,2500,1450,2500,662,11,1,7282,1518,1141,0
2,d,10000000,9998244,3162,1e-06,2500,1451,2500,632,11,1,6952,2157,1141,0
2,d,10000000,9998244,3162,1e-06,2500,1452,2500,3170,15,1,47550,-3,1141,0
2,d,10000000,9998244,3162,1e-06,2500,1453,2500,651,11,1,7161,237,1145,0
2,d,10000000,9998244,3162,1e-06,2500,1454,2500,647,11,1,7117,877,1145,0
2,d,10000000,9998244,3162,1e-06,2500,1455,2500,630,11,1,6930,1502,1145,0
2,d,10000000,9998244,3162,1e-06,2500,1456,2500,648,11,1,7128,2109,1145,0
2,d,10000000,9998244,3162,1e-06,2500,1457,2500,3170,15,1,47550,-3,1145,0
2,d,10000000,9998244,3162,1e-06,2500,1458,2500,645,11,1,7095,190,1149,0
2,d,10000000,9998244,3162,1e-06,2500,1459,2500,648,11,1,7128,813,1149,0
2,d,10000000,9998244,3162,1e-06,2500,1460,2500,631,11,1,6941,1453,1149,0
2,d,10000000,9998244,3162,1e-06,2500,1461,2500,632,11,1,6952,2061,1149,0
2,d,10000000,9998244,3162,1e-06,2500,1462,2500,3170,15,1,47550,-3,1149,0
2,d,10000000,9998244,3162,1e-06,2500,1463,2500,632,11,1,6952,141,1153,0
2,d,10000000,9998244,3162,1e-06,2500,1464,2500,647,11,1,7117,750,1153,0
2,d,10000000,9998244,3162,1e-06,2500,1465,2500,647,11,1,7117,1374,1153,0
2,d,10000000,9998244,3162,1e-06,2500,1466,2500,648,11,1,7128,1997,1153,0
2,d,10000000,9998244,3162,1e-06,2500,1467,2500,3170,15,1,47550,-3,1153,0
2,d,10000000,9998244,3162,1e-06,2500,1468,2500,646,11,1,7106,94,1157,0
2,d,10000000,9998244,3162,1e-06,2500,1469,2500,646,11,1,7106,718,1157,0
2,d,10000000,9998244,3162,1e-06,2500,1470,2500,631,11,1,6941,1341,1157,0
2,d,10000000,9998244,3162,1e-06,2500,1471,2500,660,11,1,7260,1952,1157,0
2,d,10000000,9998244,3162,1e-06,2500,1472,2500,3170,15,1,47550,-3,1157,0
2,d,10000000,9998244,3162,1e-06,2500,1473,2500,660,11,1,7260,32,1161,0
2,d,10000000,9998244,3162,1e-06,2500,1474,2500,631,11,1,6941,670,1161,0
2,d,10000000,9998244,3162,1e-06,2500,1475,2500,645,11,1,7095,1278,1161,0
2,d,10000000,9998244,3162,1e-06,2500,1476,2500,647,11,1,7117,1901,1161,0
2,d,10000000,9998244,3162,1e-06,2500,1477,2500,630,11,1,6930,2526,1161,0
2,d,10000000,9998244,3162,1e-06,2500,1478,2500,3169,15,1,47535,-2,1161,0
2,d,10000000,9998244,3162,1e-06,2500,1479,2500,646,11,1,7106,591,1165,0
2,d,10000000,9998244,3162,1e-06,2500,1480,2500,647,11,1,7117,1214,1165,0
2,d,10000000,9998244,3162,1e-06,2500,1481,2500,648,11,1,7128,1837,1165,0
2,d,10000000,9998244,3162,1e-06,2500,1482,2500,663,11,1,7293,2461,1165,0
2,d,10000000,9998244,3162,1e-06,2500,1483,2500,3170,15,1,47550,-3,1165,0
2,d,10000000,9998244,3162,1e-06,2500,1484,2500,648,11,1,7128,589,1169,0
2,d,10000000,9998244,3162,1e-06,2500,1485,2500,646,11,1,7106,1214,1169,0
2,d,10000000,9998244,3162,1e-06,2500,1486,2500,662,11,1,7282,1837,1169,0
2,d,10000000,9998244,3162,1e-06,2500,1487,2500,630,11,1,6930,2479,1169,0
2,d,10000000,9998244,3162,1e-06,2500,1488,2500,3170,15,1,47550,-3,1169,0
2,d,10000000,9998244,3162,1e-06,2500,1489,2500,648,11,1,7128,557,1173,0
2,d,10000000,9998244,3162,1e-06,2500,1490,2500,632,11,1,6952,1181,1173,0
2,d,10000000,9998244,3162,1e-06,2500,1491,2500,664,11,1,7304,1789,1173,0
2,d,10000000,9998244,3162,1e-06,2500,1492,2500,632,11,1,6952,2429,1173,0
2,d,10000000,9998244,3162,1e-06,2500,1493,2500,3170,15,1,47550,-3,1173,0
2,d,10000000,9998244,3162,1e-06,2500,1494,2500,659,11,1,7249,512,1177,0
2,d,10000000,9998244,3162,1e-06,2500,1495,2500,632,11,1,6952,1149,1177,0
2,d,10000000,9998244,3162,1e-06,2500,1496,2500,631,11,1,6941,1757,1177,0
2,d,10000000,9998244,3162,1e-06,2500,1497,2500,663,11,1,7293,2366,1177,0
2,d,10000000,9998244,3162,1e-06,2500,1498,2500,3170,15,1,47550,-3,1177,0
2,d,10000000,9998244,3162,1e-06,2500,1499,2500,647,11,1,7117,461,1181,0
2,d,10000000,9998244,3162,1e-06,2500,1500,2500,645,11,1,7095,1085,1181,0
2,d,10000000,9998244,3162,1e-06,2500,1501,2500,648,11,1,7128,1709,1181,0
2,d,10000000,9998244,3162,1e-06,2500,1502,2500,631,11,1,6941,2334,1181,0
2,d,10000000,9998244,3162,1e-06,2500,1503,2500,3170,15,1,47550,-3,1181,0
2,d,10000000,9998244,3162,1e-06,2500,1504,2500,648,11,1,7128,397,1185,0
2,d,10000000,9998244,3162,1e-06,2500,1505,2500,647,11,1,7117,1021,1185,0
2,d,10000000,9998244,3162,1e-06,2500,1506,2500,646,11,1,7106,1646,1185,0
2,d,10000000,9998244,3162,1e-06,2500,1507,2500,647,11,1,7117,2269,1185,0
2,d,10000000,9998244,3162,1e-06,2500,1508,2500,3170,15,1,47550,-3,1185,0
2,d,10000000,9998244,3162,1e-06,2500,1509,2500,646,11,1,7106,382,1189,0
2,d,10000000,9998244,3162,1e-06,2500,1510,2500,664,11,1,7304,1005,1189,0
2,d,10000000,9998244,3162,1e-06,2500,1511,2500,661,11,1,7271,1646,1189,0
2,d,10000000,9998244,3162,1e-06,2500,1512,2500,661,11,1,7271,2286,1189,0
2,d,10000000,9998244,3162,1e-06,2500,1513,2500,3170,15,1,47550,-3,1189,0
2,d,10000000,9998244,3162,1e-06,2500,1514,2500,645,11,1,7095,367,1193,0
2,d,10000000,9998244,3162,1e-06,2500,1515,2500,632,11,1,6952,989,1193,0
2,d,10000000,9998244,3162,1e-06,2500,1516,2500,664,11,1,7304,1597,1193,0
2,d,10000000,9998244,3162,1e-06,2500,1517,2500,647,11,1,7117,2237,1193,0
2,d,10000000,9998244,3162,1e-06,2500,1518,2500,3170,15,1,47550,-3,1193,0
2,d,10000000,9998244,3162,1e-06,2500,1519,2500,661,11,1,7271,320,1197,0
2,d,10000000,9998244,3162,1e-06,2500,1520,2500,632,11,1,6952,957,1197,0
2,d,10000000,9998244,3162,1e-06,2500,1521,2500,639,11,1,7029,1574,1197,0
2,d,10000000,9998244,3162,1e-06,2500,1522,2500,659,11,1,7249,2193,1197,0
2,d,10000000,9998244,3162,1e-06,2500,1523,2500,3170,15,1,47550,-3,1197,0
2,d,10000000,9998244,3162,1e-06,2500,1524,2500,648,11,1,7128,301,1201,0
2,d,10000000,9998244,3162,1e-06,2500,1525,2500,662,11,1,7282,927,1201,0
2,d,10000000,9998244,3162,1e-06,2500,1526,2500,662,11,1,7282,1566,1201,0
2,d,10000000,9998244,3162,1e-06,2500,1527,2500,632,11,1,6952,2205,1201,0
2,d,10000000,9998244,3162,1e-06,2500,1528,2500,3170,15,1,47550,-3,1201,0
2,d,10000000,9998244,3162,1e-06,2500,1529,2500,631,11,1,6941,270,1205,0
2,d,10000000,9998244,3162,1e-06,2500,1530,2500,675,11,1,7425,882,1205,0
2,d,10000000,9998244,3162,1e-06,2500,1531,2500,677,11,1,7447,1536,1205,0
2,d,10000000,9998244,3162,1e-06,2500,1532,2500,647,11,1,7117,2190,1205,0
2,d,10000000,9998244,3162,1e-06,2500,1533,2500,3168,15,1,47520,-2,1205,0
2,d,10000000,9998244,3162,1e-06,2500,1534,2500,678,11,1,7458,270,1209,0
2,d,10000000,9998244,3162,1e-06,2500,1535,2500,648,11,1,7128,925,1209,0
2,d,10000000,9998244,3162,1e-06,2500,1536,2500,631,11,1,6941,1550,1209,0
2,d,10000000,9998244,3162,1e-06,2500,1537,2500,662,11,1,7282,2157,1209,0
2,d,10000000,9998244,3162,1e-06,2500,1538,2500,3169,15,1,47535,-2,1209,0
2,d,10000000,9998244,3162,1e-06,2500,1539,2500,647,11,1,7117,254,1213,0
2,d,10000000,9998244,3162,1e-06,2500,1540,2500,612,11,1,6732,877,1213,0
2,d,10000000,9998244,3162,1e-06,2500,1541,2500,648,11,1,7128,1469,1213,0
2,d,10000000,9998244,3162,1e-06,2500,1542,2500,629,11,1,6919,2094,1213,0
2,d,10000000,9998244,3162,1e-06,2500,1543,2500,3169,15,1,47535,-2,1213,0
2,d,10000000,9998244,3162,1e-06,2500,1544,2500,631,11,1,6941,158,1217,0
2,d,10000000,9998244,3162,1e-06,2500,1545,2500,647,11,1,7117,766,1217,0
2,d,10000000,9998244,3162,1e-06,2500,1546,2500,648,11,1,7128,1389,1217,0
2,d,10000000,9998244,3162,1e-06,2500,1547,2500,662,11,1,7282,2014,1217,0
2,d,10000000,9998244,3162,1e-06,2500,1548,2500,3169,15,1,47535,-2,1217,0
2,d,10000000,9998244,3162,1e-06,2500,1549,2500,664,11,1,7304,109,1221,0
2,d,10000000,9998244,3162,1e-06,2500,1550,2500,631,11,1,6941,749,1221,0
2,d,10000000,9998244,3162,1e-06,2500,1551,2500,632,11,1,6952,1357,1221,0
2,d,10000000,9998244,3162,1e-06,2500,1552,2500,645,11,1,7095,1967,1221,0
2,d,10000000,9998244,3162,1e-06,2500,1553,2500,3170,15,1,47550,-3,1221,0
2,d,10000000,9998244,3162,1e-06,2500,1554,2500,658,11,1,7238,49,1225,0
2,d,10000000,9998244,3162,1e-06,2500,1555,2500,648,11,1,7128,685,1225,0
2,d,10000000,9998244,3162,1e-06,2500,1556,2500,663,11,1,7293,1309,1225,0
2,d,10000000,9998244,3162,1e-06,2500,1557,2500,662,11,1,7282,1949,1225,0
2,d,10000000,9998244,3162,1e-06,2500,1558,2500,3170,15,1,47550,-3,1225,0
2,d,10000000,9998244,3162,1e-06,2500,1559,2500,648,11,1,7128,61,1229,0
2,d,10000000,9998244,3162,1e-06,2500,1560,2500,662,11,1,7282,685,1229,0
2,d,10000000,9998244,3162,1e-06,2500,1561,2500,648,11,1,7128,1325,1229,0
2,d,10000000,9998244,3162,1e-06,2500,1562,2500,663,11,1,7293,1949,1229,0
2,d,10000000,9998244,3162,1e-06,2500,1563,2500,3170,15,1,47550,-3,1229,0
2,d,10000000,9998244,3162,1e-06,2500,1564,2500,646,11,1,7106,63,1233,0
2,d,10000000,9998244,3162,1e-06,2500,1565,2500,646,11,1,7106,685,1233,0
2,d,10000000,9998244,3162,1e-06,2500,1566,2500,648,11,1,7128,1309,1233,0
2,d,10000000,9998244,3162,1e-06,2500,1567,2500,648,11,1,7128,1933,1233,0
2,d,10000000,9998244,3162,1e-06,2500,1568,2500,3170,15,1,47550,-3,1233,0
2,d,10000000,9998244,3162,1e-06,2500,1569,2500,631,11,1,6941,14,1237,0
2,d,10000000,9998244,3162,1e-06,2500,1570,2500,643,11,1,7073,621,1237,0
2,d,10000000,9998244,3162,1e-06,2500,1571,2500,647,11,1,7117,1246,1237,0
2,d,10000000,9998244,3162,1e-06,2500,1572,2500,664,11,1,7304,1869,1237,0
2,d,10000000,9998244,3162,1e-06,2500,1573,2500,631,11,1,6941,2510,1237,0
2,d,10000000,9998244,3162,1e-06,2500,1574,2500,3170,15,1,47550,-3,1237,0
2,d,10000000,9998244,3162,1e-06,2500,1575,2500,661,11,1,7271,575,1241,0
2,d,10000000,9998244,3162,1e-06,2500,1576,2500,663,11,1,7293,1213,1241,0
2,d,10000000,9998244,3162,1e-06,2500,1577,2500,632,11,1,6952,1853,1241,0
2,d,10000000,9998244,3162,1e-06,2500,1578,2500,647,11,1,7117,2461,1241,0
2,d,10000000,9998244,3162,1e-06,2500,1579,2500,3170,15,1,47550,-3,1241,0
2,d,10000000,9998244,3162,1e-06,2500,1580,2500,648,11,1,7128,557,1245,0
2,d,10000000,9998244,3162,1e-06,2500,1581,2500,616,11,1,6776,1181,1245,0
2,d,10000000,9998244,3162,1e-06,2500,1582,2500,647,11,1,7117,1773,1245,0
2,d,10000000,9998244,3162,1e-06,2500,1583,2500,664,11,1,7304,2397,1245,0
2,d,10000000,9998244,3162,1e-06,2500,1584,2500,3170,15,1,47550,-3,1245,0
2,d,10000000,9998244,3162,1e-06,2500,1585,2500,647,11,1,7117,494,1249,0
2,d,10000000,9998244,3162,1e-06,2500,1586,2500,662,11,1,7282,1118,1249,0
2,d,10000000,9998244,3162,1e-06,2500,1587,2500,632,11,1,6952,1757,1249,0
2,d,10000000,9998244,3162,1e-06,2500,1588,2500,648,11,1,7128,2365,1249,0
2,d,10000000,9998244,3162,1e-06,2500,1589,2500,3170,15,1,47550,-3,1249,0
2,d,10000000,9998244,3162,1e-06,2500,1590,2500,632,11,1,6952,461,1253,0
2,d,10000000,9998244,3162,1e-06,2500,1591,2500,648,11,1,7128,1069,1253,0
2,d,10000000,9998244,3162,1e-06,2500,1592,2500,646,11,1,7106,1694,1253,0
2,d,10000000,9998244,3162,1e-06,2500,1593,2500,647,11,1,7117,2318,1253,0
2,d,10000000,9998244,3162,1e-06,2500,1594,2500,3170,15,1,47550,-3,1253,0
2,d,10000000,9998244,3162,1e-06,2500,1595,2500,648,11,1,7128,397,1257,0
2,d,10000000,9998244,3162,1e-06,2500,1596,2500,661,11,1,7271,1022,1257,0
2,d,10000000,9998244,3162,1e-06,2500,1597,2500,632,11,1,6952,1661,1257,0
2,d,10000000,9998244,3162,1e-06,2500,1598,2500,660,11,1,7260,2270,1257,0
2,d,10000000,9998244,3162,1e-06,2500,1599,2500,3170,15,1,47550,-3,1257,0
2,d,10000000,9998244,3162,1e-06,2500,1600,2500,648,11,1,7128,381,1261,0
2,d,10000000,9998244,3162,1e-06,2500,1601,2500,632,11,1,6952,1005,1261,0
2,d,10000000,9998244,3162,1e-06,2500,1602,2500,664,11,1,7304,1613,1261,0
2,d,10000000,9998244,3162,1e-06,2500,1603,2500,632,11,1,6952,2253,1261,0
2,d,10000000,9998244,3162,1e-06,2500,1604,2500,3170,15,1,47550,-3,1261,0
2,d,10000000,9998244,3162,1e-06,2500,1605,2500,647,11,1,7117,333,1265,0
2,d,10000000,9998244,3162,1e-06,2500,1606,2500,648,11,1,7128,957,1265,0
2,d,10000000,9998244,3162,1e-06,2500,1607,2500,647,11,1,7117,1581,1265,0
2,d,10000000,9998244,3162,1e-06,2500,1608,2500,663,11,1,7293,2205,1265,0
2,d,10000000,9998244,3162,1e-06,2500,1609,2500,3169,15,1,47535,-2,1265,0
2,d,10000000,9998244,3162,1e-06,2500,1610,2500,646,11,1,7106,301,1269,0
2,d,10000000,9998244,3162,1e-06,2500,1611,2500,630,11,1,6930,926,1269,0
2,d,10000000,9998244,3162,1e-06,2500,1612,2500,656,11,1,7216,1533,1269,0
2,d,10000000,9998244,3162,1e-06,2500,1613,2500,664,11,1,7304,2173,1269,0
2,d,10000000,9998244,3162,1e-06,2500,1614,2500,3169,15,1,47535,-3,1269,0
2,d,10000000,9998244,3162,1e-06,2500,1615,2500,664,11,1,7304,253,1273,0
2,d,10000000,9998244,3162,1e-06,2500,1616,2500,661,11,1,7271,894,1273,0
2,d,10000000,9998244,3162,1e-06,2500,1617,2500,645,11,1,7095,1533,1273,0
2,d,10000000,9998244,3162,1e-06,2500,1618,2500,648,11,1,7128,2157,1273,0
2,d,10000000,9998244,3162,1e-06,2500,1619,2500,3170,15,1,47550,-3,1273,0
2,d,10000000,9998244,3162,1e-06,2500,1620,2500,662,11,1,7282,239,1277,0
2,d,10000000,9998244,3162,1e-06,2500,1621,2500,648,11,1,7128,877,1277,0
2,d,10000000,9998244,3162,1e-06,2500,1622,2500,632,11,1,6952,1501,1277,0
2,d,10000000,9998244,3162,1e-06,2500,1623,2500,662,11,1,7282,2125,1277,0
2,d,10000000,9998244,3162,1e-06,2500,1624,2500,3170,15,1,47550,-3,1277,0
2,d,10000000,9998244,3162,1e-06,2500,1625,2500,660,11,1,7260,222,1281,0
2,d,10000000,9998244,3162,1e-06,2500,1626,2500,644,11,1,7084,861,1281,0
2,d,10000000,9998244,3162,1e-06,2500,1627,2500,632,11,1,6952,1485,1281,0
2,d,10000000,9998244,3162,1e-06,2500,1628,2500,647,11,1,7117,2094,1281,0
2,d,10000000,9998244,3162,1e-06,2500,1629,2500,3170,15,1,47550,-3,1281,0
2,d,10000000,9998244,3162,1e-06,2500,1630,2500,648,11,1,7128,189,1285,0
2,d,10000000,9998244,3162,1e-06,2500,1631,2500,658,11,1,7238,813,1285,0
2,d,10000000,9998244,3162,1e-06,2500,1632,2500,632,11,1,6952,1453,1285,0
2,d,10000000,9998244,3162,1e-06,2500,1633,2500,648,11,1,7128,2061,1285,0
2,d,10000000,9998244,3162,1e-06,2500,1634,2500,3170,15,1,47550,-3,1285,0
2,d,10000000,9998244,3162,1e-06,2500,1635,2500,631,11,1,6941,157,1289,0
2,d,10000000,9998244,3162,1e-06,2500,1636,2500,632,11,1,6952,765,1289,0
2,d,10000000,9998244,3162,1e-06,2500,1637,2500,644,11,1,7084,1376,1289,0
2,d,10000000,9998244,3162,1e-06,2500,1638,2500,646,11,1,7106,1998,1289,0
2,d,10000000,9998244,3162,1e-06,2500,1639,2500,3170,15,1,47550,-3,1289,0
2,d,10000000,9998244,3162,1e-06,2500,1640,2500,662,11,1,7282,94,1293,0
2,d,10000000,9998244,3162,1e-06,2500,1641,2500,639,11,1,7029,733,1293,0
2,d,10000000,9998244,3162,1e-06,2500,1642,2500,632,11,1,6952,1357,1293,0
2,d,10000000,9998244,3162,1e-06,2500,1643,2500,648,11,1,7128,1965,1293,0
2,d,10000000,9998244,3162,1e-06,2500,1644,2500,3170,15,1,47550,-3,1293,0
2,d,10000000,9998244,3162,1e-06,2500,1645,2500,642,11,1,7062,61,1297,0
2,d,10000000,9998244,3162,1e-06,2500,1646,2500,648,11,1,7128,685,1297,0
2,d,10000000,9998244,3162,1e-06,2500,1647,2500,641,11,1,7051,1316,1297,0
2,d,10000000,9998244,3162,1e-06,2500,1648,2500,646,11,1,7106,1934,1297,0
2,d,10000000,9998244,3162,1e-06,2500,1649,2500,3170,15,1,47550,-3,1297,0
2,d,10000000,9998244,3162,1e-06,2500,1650,2500,648,11,1,7128,29,1301,0
2,d,10000000,9998244,3162,1e-06,2500,1651,2500,645,11,1,7095,655,1301,0
2,d,10000000,9998244,3162,1e-06,2500,1652,2500,648,11,1,7128,1277,1301,0
2,d,10000000,9998244,3162,1e-06,2500,1653,2500,632,11,1,6952,1901,1301,0
2,d,10000000,9998244,3162,1e-06,2500,1654,2500,641,11,1,7051,2525,1301,0
2,d,10000000,9998244,3162,1e-06,2500,1655,2500,3170,15,1,47550,-3,1301,0
2,d,10000000,9998244,3162,1e-06,2500,1656,2500,631,11,1,6941,605,1305,0
2,d,10000000,9998244,3162,1e-06,2500,1657,2500,648,11,1,7128,1213,1305,0
2,d,10000000,9998244,3162,1e-06,2500,1658,2500,648,11,1,7128,1837,1305,0
2,d,10000000,9998244,3162,1e-06,2500,1659,2500,642,11,1,7062,2466,1305,0
2,d,10000000,9998244,3162,1e-06,2500,1660,2500,3170,15,1,47550,-3,1305,0
2,d,10000000,9998244,3162,1e-06,2500,1661,2500,647,11,1,7117,541,1309,0
2,d,10000000,9998244,3162,1e-06,2500,1662,2500,647,11,1,7117,1166,1309,0
2,d,10000000,9998244,3162,1e-06,2500,1663,2500,648,11,1,7128,1789,1309,0
2,d,10000000,9998244,3162,1e-06,2500,1664,2500,631,11,1,6941,2414,1309,0
2,d,10000000,9998244,3162,1e-06,2500,1665,2500,3170,15,1,47550,-3,1309,0
2,d,10000000,9998244,3162,1e-06,2500,1666,2500,646,11,1,7106,478,1313,0
2,d,10000000,9998244,3162,1e-06,2500,1667,2500,647,11,1,7117,1101,1313,0
2,d,10000000,9998244,3162,1e-06,2500,1668,2500,647,11,1,7117,1726,1313,0
2,d,10000000,9998244,3162,1e-06,2500,1669,2500,637,11,1,7007,2359,1313,0
2,d,10000000,9998244,3162,1e-06,2500,1670,2500,3170,15,1,47550,-3,1313,0
2,d,10000000,9998244,3162,1e-06,2500,1671,2500,645,11,1,7095,430,1317,0
2,d,10000000,9998244,3162,1e-06,2500,1672,2500,646,11,1,7106,1053,1317,0
2,d,10000000,9998244,3162,1e-06,2500,1673,2500,648,11,1,7128,1677,1317,0
2,d,10000000,9998244,3162,1e-06,2500,1674,2500,646,11,1,7106,2301,1317,0
2,d,10000000,9998244,3162,1e-06,2500,1675,2500,3170,15,1,47550,-3,1317,0
2,d,10000000,9998244,3162,1e-06,2500,1676,2500,635,11,1,6985,382,1321,0
2,d,10000000,9998244,3162,1e-06,2500,1677,2500,632,11,1,6952,1005,1321,0
2,d,10000000,9998244,3162,1e-06,2500,1678,2500,661,11,1,7271,1615,1321,0
2,d,10000000,9998244,3162,1e-06,2500,1679,2500,632,11,1,6952,2253,1321,0
2,d,10000000,9998244,3162,1e-06,2500,1680,2500,3170,15,1,47550,-3,1321,0
2,d,10000000,9998244,3162,1e-06,2500,1681,2500,644,11,1,7084,337,1325,0
2,d,10000000,9998244,3162,1e-06,2500,1682,2500,648,11,1,7128,957,1325,0
2,d,10000000,9998244,3162,1e-06,2500,1683,2500,663,11,1,7293,1581,1325,0
2,d,10000000,9998244,3162,1e-06,2500,1684,2500,632,11,1,6952,2221,1325,0
2,d,10000000,9998244,3162,1e-06,2500,1685,2500,3170,15,1,47550,-3,1325,0
2,d,10000000,9998244,3162,1e-06,2500,1686,2500,631,11,1,6941,302,1329,0
2,d,10000000,9998244,3162,1e-06,2500,1687,2500,662,11,1,7282,911,1329,0
2,d,10000000,9998244,3162,1e-06,2500,1688,2500,632,11,1,6952,1549,1329,0
2,d,10000000,9998244,3162,1e-06,2500,1689,2500,648,11,1,7128,2157,1329,0
2,d,10000000,9998244,3162,1e-06,2500,1690,2500,3170,15,1,47550,-3,1329,0
2,d,10000000,9998244,3162,1e-06,2500,1691,2500,647,11,1,7117,253,1333,0
2,d,10000000,9998244,3162,1e-06,2500,1692,2500,648,11,1,7128,877,1333,0
2,d,10000000,9998244,3162,1e-06,2500,1693,2500,648,11,1,7128,1501,1333,0
2,d,10000000,9998244,3162,1e-06,2500,1694,2500,644,11,1,7084,2129,1333,0
2,d,10000000,9998244,3162,1e-06,2500,1695,2500,3170,15,1,47550,-3,1333,0
2,d,10000000,9998244,3162,1e-06,2500,1696,2500,662,11,1,7282,206,1337,0
2,d,10000000,9998244,3162,1e-06,2500,1697,2500,628,11,1,6908,846,1337,0
2,d,10000000,9998244,3162,1e-06,2500,1698,2500,648,11,1,7128,1453,1337,0
2,d,10000000,9998244,3162,1e-06,2500,1699,2500,632,11,1,6952,2077,1337,0
2,d,10000000,9998244,3162,1e-06,2500,1700,2500,3170,15,1,47550,-3,1337,0
2,d,10000000,9998244,3162,1e-06,2500,1701,2500,662,11,1,7282,143,1341,0
2,d,10000000,9998244,3162,1e-06,2500,1702,2500,648,11,1,7128,781,1341,0
2,d,10000000,9998244,3162,1e-06,2500,1703,2500,655,11,1,7205,1414,1341,0
2,d,10000000,9998244,3162,1e-06,2500,1704,2500,648,11,1,7128,2045,1341,0
2,d,10000000,9998244,3162,1e-06,2500,1705,2500,3170,15,1,47550,-3,1341,0
2,d,10000000,9998244,3162,1e-06,2500,1706,2500,631,11,1,6941,141,1345,0
2,d,10000000,9998244,3162,1e-06,2500,1707,2500,648,11,1,7128,749,1345,0
2,d,10000000,9998244,3162,1e-06,2500,1708,2500,630,11,1,6930,1374,1345,0
2,d,10000000,9998244,3162,1e-06,2500,1709,2500,631,11,1,6941,1981,1345,0
2,d,10000000,9998244,3162,1e-06,2500,1710,2500,3169,15,1,47535,-2,1345,0
2,d,10000000,9998244,3162,1e-06,2500,1711,2500,647,11,1,7117,78,1349,0
2,d,10000000,9998244,3162,1e-06,2500,1712,2500,631,11,1,6941,717,1349,0
2,d,10000000,9998244,3162,1e-06,2500,1713,2500,643,11,1,7073,1325,1349,0
2,d,10000000,9998244,3162,1e-06,2500,1714,2500,647,11,1,7117,1949,1349,0
2,d,10000000,9998244,3162,1e-06,2500,1715,2500,3170,15,1,47550,-3,1349,0
2,d,10000000,9998244,3162,1e-06,2500,1716,2500,660,11,1,7260,33,1353,0
2,d,10000000,9998244,3162,1e-06,2500,1717,2500,647,11,1,7117,685,1353,0
2,d,10000000,9998244,3162,1e-06,2500,1718,2500,663,11,1,7293,1309,1353,0
2,d,10000000,9998244,3162,1e-06,2500,1719,2500,631,11,1,6941,1949,1353,0
2,d,10000000,9998244,3162,1e-06,2500,1720,2500,3170,15,1,47550,-3,1353,0
2,d,10000000,9998244,3162,1e-06,2500,1721,2500,625,11,1,6875,20,1357,0
2,d,10000000,9998244,3162,1e-06,2500,1722,2500,648,11,1,7128,621,1357,0
2,d,10000000,9998244,3162,1e-06,2500,1723,2500,663,11,1,7293,1245,1357,0
2,d,10000000,9998244,3162,1e-06,2500,1724,2500,651,11,1,7161,1897,1357,0
2,d,10000000,9998244,3162,1e-06,2500,1725,2500,642,11,1,7062,2525,1357,0
2,d,10000000,9998244,3162,1e-06,2500,1726,2500,3169,15,1,47535,-3,1357,0
2,d,10000000,9998244,3162,1e-06,2500,1727,2500,660,11,1,7260,605,1361,0
2,d,10000000,9998244,3162,1e-06,2500,1728,2500,632,11,1,6952,1245,1361,0
2,d,10000000,9998244,3162,1e-06,2500,1729,2500,646,11,1,7106,1855,1361,0
2,d,10000000,9998244,3162,1e-06,2500,1730,2500,664,11,1,7304,2477,1361,0
2,d,10000000,9998244,3162,1e-06,2500,1731,2500,3168,15,1,47520,-2,1361,0
2,d,10000000,9998244,3162,1e-06,2500,1732,2500,647,11,1,7117,557,1365,0
2,d,10000000,9998244,3162,1e-06,2500,1733,2500,648,11,1,7128,1181,1365,0
2,d,10000000,9998244,3162,1e-06,2500,1734,2500,648,11,1,7128,1805,1365,0
2,d,10000000,9998244,3162,1e-06,2500,1735,2500,659,11,1,7249,2432,1365,0
2,d,10000000,9998244,3162,1e-06,2500,1736,2500,3170,15,1,47550,-3,1365,0
2,d,10000000,9998244,3162,1e-06,2500,1737,2500,646,11,1,7106,526,1369,0
2,d,10000000,9998244,3162,1e-06,2500,1738,2500,647,11,1,7117,1150,1369,0
2,d,10000000,9998244,3162,1e-06,2500,1739,2500,643,11,1,7073,1773,1369,0
2,d,10000000,9998244,3162,1e-06,2500,1740,2500,648,11,1,7128,2397,1369,0
2,d,10000000,9998244,3162,1e-06,2500,1741,2500,3170,15,1,47550,-3,1369,0
2,d,10000000,9998244,3162,1e-06,2500,1742,2500,658,11,1,7238,486,1373,0
2,d,10000000,9998244,3162,1e-06,2500,1743,2500,648,11,1,7128,1133,1373,0
2,d,10000000,9998244,3162,1e-06,2500,1744,2500,677,11,1,7447,1758,1373,0
2,d,10000000,9998244,3162,1e-06,2500,1745,2500,632,11,1,6952,2413,1373,0
2,d,10000000,9998244,3162,1e-06,2500,1746,2500,3170,15,1,47550,-3,1373,0
2,d,10000000,9998244,3162,1e-06,2500,1747,2500,632,11,1,6952,477,1377,0
2,d,10000000,9998244,3162,1e-06,2500,1748,2500,663,11,1,7293,1085,1377,0
2,d,10000000,9998244,3162,1e-06,2500,1749,2500,626,11,1,6886,1725,1377,0
2,d,10000000,9998244,3162,1e-06,2500,1750,2500,663,11,1,7293,2333,1377,0
2,d,10000000,9998244,3162,1e-06,2500,1751,2500,3170,15,1,47550,-3,1377,0
2,d,10000000,9998244,3162,1e-06,2500,1752,2500,646,11,1,7106,477,1381,0
2,d,10000000,9998244,3162,1e-06,2500,1753,2500,647,11,1,7117,1101,1381,0
2,d,10000000,9998244,3162,1e-06,2500,1754,2500,647,11,1,7117,1725,1381,0
2,d,10000000,9998244,3162,1e-06,2500,1755,2500,648,11,1,7128,2349,1381,0
2,d,10000000,9998244,3162,1e-06,2500,1756,2500,3170,15,1,47550,-3,1381,0
2,d,10000000,9998244,3162,1e-06,2500,1757,2500,630,11,1,6930,445,1385,0
2,d,10000000,9998244,3162,1e-06,2500,1758,2500,631,11,1,6941,1053,1385,0
2,d,10000000,9998244,3162,1e-06,2500,1759,2500,664,11,1,7304,1665,1385,0
2,d,10000000,9998244,3162,1e-06,2500,1760,2500,631,11,1,6941,2317,1385,0
2,d,10000000,9998244,3162,1e-06,2500,1761,2500,3170,15,1,47550,-3,1385,0
2,d,10000000,9998244,3162,1e-06,2500,1762,2500,631,11,1,6941,398,1389,0
2,d,10000000,9998244,3162,1e-06,2500,1763,2500,644,11,1,7084,1009,1389,0
2,d,10000000,9998244,3162,1e-06,2500,1764,2500,647,11,1,7117,1645,1389,0
2,d,10000000,9998244,3162,1e-06,2500,1765,2500,648,11,1,7128,2269,1389,0
2,d,10000000,9998244,3162,1e-06,2500,1766,2500,3170,15,1,47550,-3,1389,0
2,d,10000000,9998244,3162,1e-06,2500,1767,2500,648,11,1,7128,365,1393,0
2,d,10000000,9998244,3162,1e-06,2500,1768,2500,648,11,1,7128,989,1393,0
2,d,10000000,9998244,3162,1e-06,2500,1769,2500,631,11,1,6941,1614,1393,0
2,d,10000000,9998244,3162,1e-06,2500,1770,2500,647,11,1,7117,2222,1393,0
2,d,10000000,9998244,3162,1e-06,2500,1771,2500,3169,15,1,47535,-2,1393,0
2,d,10000000,9998244,3162,1e-06,2500,1772,2500,662,11,1,7282,318,1397,0
2,d,10000000,9998244,3162,1e-06,2500,1773,2500,647,11,1,7117,958,1397,0
2,d,10000000,9998244,3162,1e-06,2500,1774,2500,662,11,1,7282,1582,1397,0
2,d,10000000,9998244,3162,1e-06,2500,1775,2500,648,11,1,7128,2221,1397,0
2,d,10000000,9998244,3162,1e-06,2500,1776,2500,3168,15,1,47520,-2,1397,0
2,d,10000000,9998244,3162,1e-06,2500,1777,2500,647,11,1,7117,318,1401,0
2,d,10000000,9998244,3162,1e-06,2500,1778,2500,647,11,1,7117,941,1401,0
2,d,10000000,9998244,3162,1e-06,2500,1779,2500,643,11,1,7073,1570,1401,0
2,d,10000000,9998244,3162,1e-06,2500,1780,2500,647,11,1,7117,2190,1401,0
2,d,10000000,9998244,3162,1e-06,2500,1781,2500,3170,15,1,47550,-3,1401,0
2,d,10000000,9998244,3162,1e-06,2500,1782,2500,647,11,1,7117,269,1405,0
2,d,10000000,9998244,3162,1e-06,2500,1783,2500,648,11,1,7128,893,1405,0
2,d,10000000,9998244,3162,1e-06,2500,1784,2500,659,11,1,7249,1521,1405,0
2,d,10000000,9998244,3162,1e-06,2500,1785,2500,648,11,1,7128,2157,1405,0
2,d,10000000,9998244,3162,1e-06,2500,1786,2500,3170,15,1,47550,-3,1405,0
2,d,10000000,9998244,3162,1e-06,2500,1787,2500,647,11,1,7117,254,1409,0
2,d,10000000,9998244,3162,1e-06,2500,1788,2500,632,11,1,6952,877,1409,0
2,d,10000000,9998244,3162,1e-06,2500,1789,2500,647,11,1,7117,1486,1409,0
2,d,10000000,9998244,3162,1e-06,2500,1790,2500,642,11,1,7062,2115,1409,0
2,d,10000000,9998244,3162,1e-06,2500,1791,2500,3169,15,1,47535,-2,1409,0
2,d,10000000,9998244,3162,1e-06,2500,1792,2500,660,11,1,7260,193,1413,0
2,d,10000000,9998244,3162,1e-06,2500,1793,2500,647,11,1,7117,830,1413,0
2,d,10000000,9998244,3162,1e-06,2500,1794,2500,648,11,1,7128,1453,1413,0
2,d,10000000,9998244,3162,1e-06,2500,1795,2500,647,11,1,7117,2078,1413,0
2,d,10000000,9998244,3162,1e-06,2500,1796,2500,3170,15,1,47550,-3,1413,0
2,d,10000000,9998244,3162,1e-06,2500,1797,2500,630,11,1,6930,174,1417,0
2,d,10000000,9998244,3162,1e-06,2500,1798,2500,648,11,1,7128,781,1417,0
2,d,10000000,9998244,3162,1e-06,2500,1799,2500,647,11,1,7117,1406,1417,0
2,d,10000000,9998244,3162,1e-06,2500,1800,2500,657,11,1,7227,2030,1417,0
2,d,10000000,9998244,3162,1e-06,2500,1801,2500,3170,15,1,47550,-3,1417,0
2,d,10000000,9998244,3162,1e-06,2500,1802,2500,678,11,1,7458,111,1421,0
2,d,10000000,9998244,3162,1e-06,2500,1803,2500,631,11,1,6941,765,1421,0
2,d,10000000,9998244,3162,1e-06,2500,1804,2500,662,11,1,7282,1374,1421,0
2,d,10000000,9998244,3162,1e-06,2500,1805,2500,637,11,1,7007,2013,1421,0
2,d,10000000,9998244,3162,1e-06,2500,1806,2500,3170,15,1,47550,-3,1421,0
2,d,10000000,9998244,3162,1e-06,2500,1807,2500,648,11,1,7128,93,1425,0
2,d,10000000,9998244,3162,1e-06,2500,1808,2500,677,11,1,7447,717,1425,0
2,d,10000000,9998244,3162,1e-06,2500,1809,2500,646,11,1,7106,1374,1425,0
2,d,10000000,9998244,3162,1e-06,2500,1810,2500,648,11,1,7128,1997,1425,0
2,d,10000000,9998244,3162,1e-06,2500,1811,2500,3169,15,1,47535,-2,1425,0
2,d,10000000,9998244,3162,1e-06,2500,1812,2500,647,11,1,7117,77,1429,0
2,d,10000000,9998244,3162,1e-06,2500,1813,2500,632,11,1,6952,701,1429,0
2,d,10000000,9998244,3162,1e-06,2500,1814,2500,659,11,1,7249,1314,1429,0
2,d,10000000,9998244,3162,1e-06,2500,1815,2500,663,11,1,7293,1949,1429,0
2,d,10000000,9998244,3162,1e-06,2500,1816,2500,3170,15,1,47550,-3,1429,0
2,d,10000000,9998244,3162,1e-06,2500,1817,2500,632,11,1,6952,61,1433,0
2,d,10000000,9998244,3162,1e-06,2500,1818,2500,648,11,1,7128,669,1433,0
2,d,10000000,9998244,3162,1e-06,2500,1819,2500,663,11,1,7293,1293,1433,0
2,d,10000000,9998244,3162,1e-06,2500,1820,2500,635,11,1,6985,1933,1433,0
2,d,10000000,9998244,3162,1e-06,2500,1821,2500,3170,15,1,47550,-3,1433,0
2,d,10000000,9998244,3162,1e-06,2500,1822,2500,647,11,1,7117,29,1437,0
2,d,10000000,9998244,3162,1e-06,2500,1823,2500,648,11,1,7128,653,1437,0
2,d,10000000,9998244,3162,1e-06,2500,1824,2500,664,11,1,7304,1277,1437,0
2,d,10000000,9998244,3162,1e-06,2500,1825,2500,632,11,1,6952,1917,1437,0
2,d,10000000,9998244,3162,1e-06,2500,1826,2500,641,11,1,7051,2526,1437,0
2,d,10000000,9998244,3162,1e-06,2500,1827,2500,3166,15,1,47490,-2,1437,0
2,d,10000000,9998244,3162,1e-06,2500,1828,2500,631,11,1,6941,605,1441,0
2,d,10000000,9998244,3162,1e-06,2500,1829,2500,647,11,1,7117,1213,1441,0
2,d,10000000,9998244,3162,1e-06,2500,1830,2500,632,11,1,6952,1837,1441,0
2,d,10000000,9998244,3162,1e-06,2500,1831,2500,661,11,1,7271,2446,1441,0
2,d,10000000,9998244,3162,1e-06,2500,1832,2500,3170,15,1,47550,-3,1441,0
2,d,10000000,9998244,3162,1e-06,2500,1833,2500,664,11,1,7304,525,1445,0
2,d,10000000,9998244,3162,1e-06,2500,1834,2500,648,11,1,7128,1165,1445,0
2,d,10000000,9998244,3162,1e-06,2500,1835,2500,648,11,1,7128,1789,1445,0
2,d,10000000,9998244,3162,1e-06,2500,1836,2500,680,11,1,7480,2413,1445,0
2,d,10000000,9998244,3162,1e-06,2500,1837,2500,3170,15,1,47550,-3,1445,0
2,d,10000000,9998244,3162,1e-06,2500,1838,2500,638,11,1,7018,526,1449,0
2,d,10000000,9998244,3162,1e-06,2500,1839,2500,632,11,1,6952,1149,1449,0
2,d,10000000,9998244,3162,1e-06,2500,1840,2500,647,11,1,7117,1758,1449,0
2,d,10000000,9998244,3162,1e-06,2500,1841,2500,664,11,1,7304,2381,1449,0
2,d,10000000,9998244,3162,1e-06,2500,1842,2500,3170,15,1,47550,-3,1449,0
2,d,10000000,9998244,3162,1e-06,2500,1843,2500,632,11,1,6952,493,1453,0
2,d,10000000,9998244,3162,1e-06,2500,1844,2500,642,11,1,7062,1106,1453,0
2,d,10000000,9998244,3162,1e-06,2500,1845,2500,615,11,1,6765,1725,1453,0
2,d,10000000,9998244,3162,1e-06,2500,1846,2500,644,11,1,7084,2321,1453,0
2,d,10000000,9998244,3162,1e-06,2500,1847,2500,3170,15,1,47550,-3,1453,0
2,d,10000000,9998244,3162,1e-06,2500,1848,2500,648,11,1,7128,397,1457,0
2,d,10000000,9998244,3162,1e-06,2500,1849,2500,647,11,1,7117,1022,1457,0
2,d,10000000,9998244,3162,1e-06,2500,1850,2500,648,11,1,7128,1645,1457,0
2,d,10000000,9998244,3162,1e-06,2500,1851,2500,646,11,1,7106,2271,1457,0
2,d,10000000,9998244,3162,1e-06,2500,1852,2500,3170,15,1,47550,-3,1457,0
2,d,10000000,9998244,3162,1e-06,2500,1853,2500,647,11,1,7117,366,1461,0
2,d,10000000,9998244,3162,1e-06,2500,1854,2500,647,11,1,7117,989,1461,0
2,d,10000000,9998244,3162,1e-06,2500,1855,2500,648,11,1,7128,1613,1461,0
2,d,10000000,9998244,3162,1e-06,2500,1856,2500,647,11,1,7117,2237,1461,0
2,d,10000000,9998244,3162,1e-06,2500,1857,2500,3170,15,1,47550,-3,1461,0
2,d,10000000,9998244,3162,1e-06,2500,1858,2500,663,11,1,7293,334,1465,0
2,d,10000000,9998244,3162,1e-06,2500,1859,2500,645,11,1,7095,974,1465,0
2,d,10000000,9998244,3162,1e-06,2500,1860,2500,631,11,1,6941,1598,1465,0
2,d,10000000,9998244,3162,1e-06,2500,1861,2500,663,11,1,7293,2205,1465,0
2,d,10000000,9998244,3162,1e-06,2500,1862,2500,3170,15,1,47550,-3,1465,0
2,d,10000000,9998244,3162,1e-06,2500,1863,2500,663,11,1,7293,302,1469,0
2,d,10000000,9998244,3162,1e-06,2500,1864,2500,662,11,1,7282,942,1469,0
2,d,10000000,9998244,3162,1e-06,2500,1865,2500,647,11,1,7117,1582,1469,0
2,d,10000000,9998244,3162,1e-06,2500,1866,2500,662,11,1,7282,2206,1469,0
2,d,10000000,9998244,3162,1e-06,2500,1867,2500,3170,15,1,47550,-3,1469,0
2,d,10000000,9998244,3162,1e-06,2500,1868,2500,663,11,1,7293,318,1473,0
2,d,10000000,9998244,3162,1e-06,2500,1869,2500,680,11,1,7480,957,1473,0
2,d,10000000,9998244,3162,1e-06,2500,1870,2500,648,11,1,7128,1613,1473,0
2,d,10000000,9998244,3162,1e-06,2500,1871,2500,648,11,1,7128,2237,1473,0
2,d,10000000,9998244,3162,1e-06,2500,1872,2500,3170,15,1,47550,-3,1473,0
2,d,10000000,9998244,3162,1e-06,2500,1873,2500,645,11,1,7095,333,1477,0
2,d,10000000,9998244,3162,1e-06,2500,1874,2500,648,11,1,7128,957,1477,0
2,d,10000000,9998244,3162,1e-06,2500,1875,2500,663,11,1,7293,1582,1477,0
2,d,10000000,9998244,3162,1e-06,2500,1876,2500,674,11,1,7414,2225,1477,0
2,d,10000000,9998244,3162,1e-06,2500,1877,2500,3170,15,1,47550,-3,1477,0
2,d,10000000,9998244,3162,1e-06,2500,1878,2500,651,11,1,7161,335,1481,0
2,d,10000000,9998244,3162,1e-06,2500,1879,2500,662,11,1,7282,973,1481,0
2,d,10000000,9998244,3162,1e-06,2500,1880,2500,664,11,1,7304,1613,1481,0
2,d,10000000,9998244,3162,1e-06,2500,1881,2500,644,11,1,7084,2257,1481,0
2,d,10000000,9998244,3162,1e-06,2500,1882,2500,3170,15,1,47550,-3,1481,0
2,d,10000000,9998244,3162,1e-06,2500,1883,2500,645,11,1,7095,334,1485,0
2,d,10000000,9998244,3162,1e-06,2500,1884,2500,647,11,1,7117,957,1485,0
2,d,10000000,9998244,3162,1e-06,2500,1885,2500,664,11,1,7304,1581,1485,0
2,d,10000000,9998244,3162,1e-06,2500,1886,2500,632,11,1,6952,2221,1485,0
2,d,10000000,9998244,3162,1e-06,2500,1887,2500,3169,15,1,47535,-2,1485,0
2,d,10000000,9998244,3162,1e-06,2500,1888,2500,648,11,1,7128,301,1489,0
2,d,10000000,9998244,3162,1e-06,2500,1889,2500,643,11,1,7073,925,1489,0
2,d,10000000,9998244,3162,1e-06,2500,1890,2500,616,11,1,6776,1549,1489,0
2,d,10000000,9998244,3162,1e-06,2500,1891,2500,658,11,1,7238,2147,1489,0
2,d,10000000,9998244,3162,1e-06,2500,1892,2500,3169,15,1,47535,-3,1489,0
2,d,10000000,9998244,3162,1e-06,2500,1893,2500,646,11,1,7106,254,1493,0
2,d,10000000,9998244,3162,1e-06,2500,1894,2500,662,11,1,7282,877,1493,0
2,d,10000000,9998244,3162,1e-06,2500,1895,2500,646,11,1,7106,1518,1493,0
2,d,10000000,9998244,3162,1e-06,2500,1896,2500,632,11,1,6952,2141,1493,0
2,d,10000000,9998244,3162,1e-06,2500,1897,2500,3170,15,1,47550,-3,1493,0
2,d,10000000,9998244,3162,1e-06,2500,1898,2500,646,11,1,7106,191,1497,0
2,d,10000000,9998244,3162,1e-06,2500,1899,2500,629,11,1,6919,814,1497,0
2,d,10000000,9998244,3162,1e-06,2500,1900,2500,663,11,1,7293,1422,1497,0
2,d,10000000,9998244,3162,1e-06,2500,1901,2500,664,11,1,7304,2061,1497,0
2,d,10000000,9998244,3162,1e-06,2500,1902,2500,3170,15,1,47550,-3,1497,0
2,d,10000000,9998244,3162,1e-06,2500,1903,2500,648,11,1,7128,173,1501,0
2,d,10000000,9998244,3162,1e-06,2500,1904,2500,663,11,1,7293,798,1501,0
2,d,10000000,9998244,3162,1e-06,2500,1905,2500,664,11,1,7304,1437,1501,0
2,d,10000000,9998244,3162,1e-06,2500,1906,2500,631,11,1,6941,2078,1501,0
2,d,10000000,9998244,3162,1e-06,2500,1907,2500,3170,15,1,47550,-3,1501,0
2,d,10000000,9998244,3162,1e-06,2500,1908,2500,643,11,1,7073,146,1505,0
2,d,10000000,9998244,3162,1e-06,2500,1909,2500,644,11,1,7084,769,1505,0
2,d,10000000,9998244,3162,1e-06,2500,1910,2500,631,11,1,6941,1390,1505,0
2,d,10000000,9998244,3162,1e-06,2500,1911,2500,664,11,1,7304,1997,1505,0
2,d,10000000,9998244,3162,1e-06,2500,1912,2500,3170,15,1,47550,-3,1505,0
2,d,10000000,9998244,3162,1e-06,2500,1913,2500,648,11,1,7128,93,1509,0
2,d,10000000,9998244,3162,1e-06,2500,1914,2500,648,11,1,7128,717,1509,0
2,d,10000000,9998244,3162,1e-06,2500,1915,2500,664,11,1,7304,1341,1509,0
2,d,10000000,9998244,3162,1e-06,2500,1916,2500,632,11,1,6952,1981,1509,0
2,d,10000000,9998244,3162,1e-06,2500,1917,2500,3170,15,1,47550,-3,1509,0
2,d,10000000,9998244,3162,1e-06,2500,1918,2500,631,11,1,6941,78,1513,0
2,d,10000000,9998244,3162,1e-06,2500,1919,2500,648,11,1,7128,701,1513,0
2,d,10000000,9998244,3162,1e-06,2500,1920,2500,664,11,1,7304,1325,1513,0
2,d,10000000,9998244,3162,1e-06,2500,1921,2500,663,11,1,7293,1965,1513,0
2,d,10000000,9998244,3162,1e-06,2500,1922,2500,3170,15,1,47550,-3,1513,0
2,d,10000000,9998244,3162,1e-06,2500,1923,2500,647,11,1,7117,46,1517,0
2,d,10000000,9998244,3162,1e-06,2500,1924,2500,631,11,1,6941,685,1517,0
2,d,10000000,9998244,3162,1e-06,2500,1925,2500,664,11,1,7304,1293,1517,0
2,d,10000000,9998244,3162,1e-06,2500,1926,2500,648,11,1,7128,1933,1517,0
2,d,10000000,9998244,3162,1e-06,2500,1927,2500,3169,15,1,47535,-3,1517,0
2,d,10000000,9998244,3162,1e-06,2500,1928,2500,662,11,1,7282,13,1521,0
2,d,10000000,9998244,3162,1e-06,2500,1929,2500,632,11,1,6952,653,1521,0
2,d,10000000,9998244,3162,1e-06,2500,1930,2500,663,11,1,7293,1262,1521,0
2,d,10000000,9998244,3162,1e-06,2500,1931,2500,648,11,1,7128,1901,1521,0
2,d,10000000,9998244,3162,1e-06,2500,1932,2500,632,11,1,6952,2525,1521,0
2,d,10000000,9998244,3162,1e-06,2500,1933,2500,3170,15,1,47550,-3,1521,0
2,d,10000000,9998244,3162,1e-06,2500,1934,2500,647,11,1,7117,590,1525,0
2,d,10000000,9998244,3162,1e-06,2500,1935,2500,648,11,1,7128,1213,1525,0
2,d,10000000,9998244,3162,1e-06,2500,1936,2500,663,11,1,7293,1837,1525,0
2,d,10000000,9998244,3162,1e-06,2500,1937,2500,632,11,1,6952,2477,1525,0
2,d,10000000,9998244,3162,1e-06,2500,1938,2500,3170,15,1,47550,-3,1525,0
2,d,10000000,9998244,3162,1e-06,2500,1939,2500,649,11,1,7139,556,1529,0
2,d,10000000,9998244,3162,1e-06,2500,1940,2500,647,11,1,7117,1182,1529,0
2,d,10000000,9998244,3162,1e-06,2500,1941,2500,647,11,1,7117,1806,1529,0
2,d,10000000,9998244,3162,1e-06,2500,1942,2500,635,11,1,6985,2441,1529,0
2,d,10000000,9998244,3162,1e-06,2500,1943,2500,3169,15,1,47535,-2,1529,0
2,d,10000000,9998244,3162,1e-06,2500,1944,2500,615,11,1,6765,526,1533,0
2,d,10000000,9998244,3162,1e-06,2500,1945,2500,629,11,1,6919,1120,1533,0
2,d,10000000,9998244,3162,1e-06,2500,1946,2500,663,11,1,7293,1726,1533,0
2,d,10000000,9998244,3162,1e-06,2500,1947,2500,662,11,1,7282,2367,1533,0
2,d,10000000,9998244,3162,1e-06,2500,1948,2500,3169,15,1,47535,-2,1533,0
2,d,10000000,9998244,3162,1e-06,2500,1949,2500,661,11,1,7271,461,1537,0
2,d,10000000,9998244,3162,1e-06,2500,1950,2500,661,11,1,7271,1103,1537,0
2,d,10000000,9998244,3162,1e-06,2500,1951,2500,664,11,1,7304,1741,1537,0
2,d,10000000,9998244,3162,1e-06,2500,1952,2500,645,11,1,7095,2384,1537,0
2,d,10000000,9998244,3162,1e-06,2500,1953,2500,3170,15,1,47550,-3,1537,0
2,d,10000000,9998244,3162,1e-06,2500,1954,2500,663,11,1,7293,493,1541,0
2,d,10000000,9998244,3162,1e-06,2500,1955,2500,664,11,1,7304,1133,1541,0
2,d,10000000,9998244,3162,1e-06,2500,1956,2500,663,11,1,7293,1774,1541,0
2,d,10000000,9998244,3162,1e-06,2500,1957,2500,647,11,1,7117,2413,1541,0
2,d,10000000,9998244,3162,1e-06,2500,1958,2500,3170,15,1,47550,-3,1541,0
2,d,10000000,9998244,3162,1e-06,2500,1959,2500,661,11,1,7271,496,1545,0
2,d,10000000,9998244,3162,1e-06,2500,1960,2500,647,11,1,7117,1133,1545,0
2,d,10000000,9998244,3162,1e-06,2500,1961,2500,663,11,1,7293,1757,1545,0
2,d,10000000,9998244,3162,1e-06,2500,1962,2500,631,11,1,6941,2398,1545,0
2,d,10000000,9998244,3162,1e-06,2500,1963,2500,3169,15,1,47535,-2,1545,0
2,d,10000000,9998244,3162,1e-06,2500,1964,2500,648,11,1,7128,493,1549,0
2,d,10000000,9998244,3162,1e-06,2500,1965,2500,642,11,1,7062,1117,1549,0
2,d,10000000,9998244,3162,1e-06,2500,1966,2500,648,11,1,7128,1741,1549,0
2,d,10000000,9998244,3162,1e-06,2500,1967,2500,647,11,1,7117,2365,1549,0
2,d,10000000,9998244,3162,1e-06,2500,1968,2500,3170,15,1,47550,-3,1549,0
2,d,10000000,9998244,3162,1e-06,2500,1969,2500,644,11,1,7084,448,1553,0
2,d,10000000,9998244,3162,1e-06,2500,1970,2500,664,11,1,7304,1069,1553,0
2,d,10000000,9998244,3162,1e-06,2500,1971,2500,648,11,1,7128,1709,1553,0
2,d,10000000,9998244,3162,1e-06,2500,1972,2500,677,11,1,7447,2334,1553,0
2,d,10000000,9998244,3162,1e-06,2500,1973,2500,3170,15,1,47550,-3,1553,0
2,d,10000000,9998244,3162,1e-06,2500,1974,2500,679,11,1,7469,430,1557,0
2,d,10000000,9998244,3162,1e-06,2500,1975,2500,662,11,1,7282,1087,1557,0
2,d,10000000,9998244,3162,1e-06,2500,1976,2500,632,11,1,6952,1725,1557,0
2,d,10000000,9998244,3162,1e-06,2500,1977,2500,647,11,1,7117,2333,1557,0
2,d,10000000,9998244,3162,1e-06,2500,1978,2500,3170,15,1,47550,-3,1557,0
2,d,10000000,9998244,3162,1e-06,2500,1979,2500,647,11,1,7117,414,1561,0
2,d,10000000,9998244,3162,1e-06,2500,1980,2500,660,11,1,7260,1040,1561,0
2,d,10000000,9998244,3162,1e-06,2500,1981,2500,662,11,1,7282,1678,1561,0
2,d,10000000,9998244,3162,1e-06,2500,1982,2500,631,11,1,6941,2318,1561,0
2,d,10000000,9998244,3162,1e-06,2500,1983,2500,3170,15,1,47550,-3,1561,0
2,d,10000000,9998244,3162,1e-06,2500,1984,2500,631,11,1,6941,398,1565,0
2,d,10000000,9998244,3162,1e-06,2500,1985,2500,648,11,1,7128,1005,1565,0
2,d,10000000,9998244,3162,1e-06,2500,1986,2500,631,11,1,6941,1630,1565,0
2,d,10000000,9998244,3162,1e-06,2500,1987,2500,646,11,1,7106,2237,1565,0
2,d,10000000,9998244,3162,1e-06,2500,1988,2500,3169,15,1,47535,-2,1565,0
2,d,10000000,9998244,3162,1e-06,2500,1989,2500,647,11,1,7117,333,1569,0
2,d,10000000,9998244,3162,1e-06,2500,1990,2500,648,11,1,7128,957,1569,0
2,d,10000000,9998244,3162,1e-06,2500,1991,2500,663,11,1,7293,1582,1569,0
2,d,10000000,9998244,3162,1e-06,2500,1992,2500,647,11,1,7117,2222,1569,0
2,d,10000000,9998244,3162,1e-06,2500,1993,2500,3170,15,1,47550,-3,1569,0
2,d,10000000,9998244,3162,1e-06,2500,1994,2500,646,11,1,7106,333,1573,0
2,d,10000000,9998244,3162,1e-06,2500,1995,2500,616,11,1,6776,957,1573,0
2,d,10000000,9998244,3162,1e-06,2500,1996,2500,646,11,1,7106,1551,1573,0
2,d,10000000,9998244,3162,1e-06,2500,1997,2500,661,11,1,7271,2174,1573,0
2,d,10000000,9998244,3162,1e-06,2500,1998,2500,3169,15,1,47535,-3,1573,0
2,d,10000000,9998244,3162,1e-06,2500,1999,2500,648,11,1,7128,269,1577,0
2,d,10000000,9998244,3162,1e-06,2500,2000,2500,647,11,1,7117,894,1577,0
2,d,10000000,9998244,3162,1e-06,2500,2001,2500,647,11,1,7117,1517,1577,0
2,d,10000000,9998244,3162,1e-06,2500,2002,2500,663,11,1,7293,2141,1577,0
2,d,10000000,9998244,3162,1e-06,2500,2003,2500,3169,15,1,47535,-2,1577,0
2,d,10000000,9998244,3162,1e-06,2500,2004,2500,661,11,1,7271,240,1581,0
2,d,10000000,9998244,3162,1e-06,2500,2005,2500,661,11,1,7271,879,1581,0
2,d,10000000,9998244,3162,1e-06,2500,2006,2500,648,11,1,7128,1517,1581,0
2,d,10000000,9998244,3162,1e-06,2500,2007,2500,632,11,1,6952,2141,1581,0
2,d,10000000,9998244,3162,1e-06,2500,2008,2500,3170,15,1,47550,-3,1581,0
2,d,10000000,9998244,3162,1e-06,2500,2009,2500,646,11,1,7106,221,1585,0
2,d,10000000,9998244,3162,1e-06,2500,2010,2500,632,11,1,6952,845,1585,0
2,d,10000000,9998244,3162,1e-06,2500,2011,2500,648,11,1,7128,1453,1585,0
2,d,10000000,9998244,3162,1e-06,2500,2012,2500,647,11,1,7117,2078,1585,0
2,d,10000000,9998244,3162,1e-06,2500,2013,2500,3169,15,1,47535,-3,1585,0
2,d,10000000,9998244,3162,1e-06,2500,2014,2500,628,11,1,6908,175,1589,0
2,d,10000000,9998244,3162,1e-06,2500,2015,2500,663,11,1,7293,781,1589,0
2,d,10000000,9998244,3162,1e-06,2500,2016,2500,632,11,1,6952,1421,1589,0
2,d,10000000,9998244,3162,1e-06,2500,2017,2500,660,11,1,7260,2032,1589,0
2,d,10000000,9998244,3162,1e-06,2500,2018,2500,3170,15,1,47550,-3,1589,0
2,d,10000000,9998244,3162,1e-06,2500,2019,2500,632,11,1,6952,125,1593,0
2,d,10000000,9998244,3162,1e-06,2500,2020,2500,630,11,1,6930,734,1593,0
2,d,10000000,9998244,3162,1e-06,2500,2021,2500,646,11,1,7106,1343,1593,0
2,d,10000000,9998244,3162,1e-06,2500,2022,2500,663,11,1,7293,1965,1593,0
2,d,10000000,9998244,3162,1e-06,2500,2023,2500,3170,15,1,47550,-3,1593,0
2,d,10000000,9998244,3162,1e-06,2500,2024,2500,632,11,1,6952,61,1597,0
2,d,10000000,9998244,3162,1e-06,2500,2025,2500,632,11,1,6952,669,1597,0
2,d,10000000,9998244,3162,1e-06,2500,2026,2500,660,11,1,7260,1280,1597,0
2,d,10000000,9998244,3162,1e-06,2500,2027,2500,663,11,1,7293,1918,1597,0
2,d,10000000,9998244,3162,1e-06,2500,2028,2500,3170,15,1,47550,-3,1597,0
2,d,10000000,9998244,3162,1e-06,2500,2029,2500,661,11,1,7271,-3,1601,0
2,d,10000000,9998244,3162,1e-06,2500,2030,2500,631,11,1,6941,637,1601,0
2,d,10000000,9998244,3162,1e-06,2500,2031,2500,632,11,1,6952,1245,1601,0
2,d,10000000,9998244,3162,1e-06,2500,2032,2500,663,11,1,7293,1854,1601,0
2,d,10000000,9998244,3162,1e-06,2500,2033,2500,648,11,1,7128,2493,1601,0
2,d,10000000,9998244,3162,1e-06,2500,2034,2500,3170,15,1,47550,-3,1601,0
2,d,10000000,9998244,3162,1e-06,2500,2035,2500,679,11,1,7469,573,1605,0
2,d,10000000,9998244,3162,1e-06,2500,2036,2500,646,11,1,7106,1229,1605,0
2,d,10000000,9998244,3162,1e-06,2500,2037,2500,648,11,1,7128,1853,1605,0
2,d,10000000,9998244,3162,1e-06,2500,2038,2500,663,11,1,7293,2477,1605,0
2,d,10000000,9998244,3162,1e-06,2500,2039,2500,3170,15,1,47550,-3,1605,0
2,d,10000000,9998244,3162,1e-06,2500,2040,2500,632,11,1,6952,589,1609,0
2,d,10000000,9998244,3162,1e-06,2500,2041,2500,647,11,1,7117,1197,1609,0
2,d,10000000,9998244,3162,1e-06,2500,2042,2500,631,11,1,6941,1822,1609,0
2,d,10000000,9998244,3162,1e-06,2500,2043,2500,678,11,1,7458,2431,1609,0
2,d,10000000,9998244,3162,1e-06,2500,2044,2500,3170,15,1,47550,-3,1609,0
2,d,10000000,9998244,3162,1e-06,2500,2045,2500,632,11,1,6952,557,1613,0
2,d,10000000,9998244,3162,1e-06,2500,2046,2500,646,11,1,7106,1167,1613,0
2,d,10000000,9998244,3162,1e-06,2500,2047,2500,646,11,1,7106,1791,1613,0
2,d,10000000,9998244,3162,1e-06,2500,2048,2500,652,11,1,7172,2414,1613,0
2,d,10000000,9998244,3162,1e-06,2500,2049,2500,3170,15,1,47550,-3,1613,0
2,d,10000000,9998244,3162,1e-06,2500,2050,2500,648,11,1,7128,525,1617,0
2,d,10000000,9998244,3162,1e-06,2500,2051,2500,631,11,1,6941,1149,1617,0
2,d,10000000,9998244,3162,1e-06,2500,2052,2500,632,11,1,6952,1757,1617,0
2,d,10000000,9998244,3162,1e-06,2500,2053,2500,631,11,1,6941,2366,1617,0
2,d,10000000,9998244,3162,1e-06,2500,2054,2500,3169,15,1,47535,-3,1617,0
2,d,10000000,9998244,3162,1e-06,2500,2055,2500,648,11,1,7128,445,1621,0
2,d,10000000,9998244,3162,1e-06,2500,2056,2500,631,11,1,6941,1070,1621,0
2,d,10000000,9998244,3162,1e-06,2500,2057,2500,645,11,1,7095,1679,1621,0
2,d,10000000,9998244,3162,1e-06,2500,2058,2500,648,11,1,7128,2301,1621,0
2,d,10000000,9998244,3162,1e-06,2500,2059,2500,3170,15,1,47550,-3,1621,0
2,d,10000000,9998244,3162,1e-06,2500,2060,2500,632,11,1,6952,381,1625,0
2,d,10000000,9998244,3162,1e-06,2500,2061,2500,646,11,1,7106,990,1625,0
2,d,10000000,9998244,3162,1e-06,2500,2062,2500,631,11,1,6941,1613,1625,0
2,d,10000000,9998244,3162,1e-06,2500,2063,2500,663,11,1,7293,2222,1625,0
2,d,10000000,9998244,3162,1e-06,2500,2064,2500,3170,15,1,47550,-3,1625,0
2,d,10000000,9998244,3162,1e-06,2500,2065,2500,625,11,1,6875,317,1629,0
2,d,10000000,9998244,3162,1e-06,2500,2066,2500,646,11,1,7106,926,1629,0
2,d,10000000,9998244,3162,1e-06,2500,2067,2500,680,11,1,7480,1549,1629,0
2,d,10000000,9998244,3162,1e-06,2500,2068,2500,648,11,1,7128,2205,1629,0
2,d,10000000,9998244,3162,1e-06,2500,2069,2500,3170,15,1,47550,-3,1629,0
2,d,10000000,9998244,3162,1e-06,2500,2070,2500,648,11,1,7128,301,1633,0
2,d,10000000,9998244,3162,1e-06,2500,2071,2500,646,11,1,7106,927,1633,0
2,d,10000000,9998244,3162,1e-06,2500,2072,2500,644,11,1,7084,1551,1633,0
2,d,10000000,9998244,3162,1e-06,2500,2073,2500,662,11,1,7282,2173,1633,0
2,d,10000000,9998244,3162,1e-06,2500,2074,2500,3170,15,1,47550,-3,1633,0
2,d,10000000,9998244,3162,1e-06,2500,2075,2500,648,11,1,7128,269,1637,0
2,d,10000000,9998244,3162,1e-06,2500,2076,2500,663,11,1,7293,893,1637,0
2,d,10000000,9998244,3162,1e-06,2500,2077,2500,631,11,1,6941,1534,1637,0
2,d,10000000,9998244,3162,1e-06,2500,2078,2500,645,11,1,7095,2143,1637,0
2,d,10000000,9998244,3162,1e-06,2500,2079,2500,3169,15,1,47535,-3,1637,0
2,d,10000000,9998244,3162,1e-06,2500,2080,2500,662,11,1,7282,206,1641,0
2,d,10000000,9998244,3162,1e-06,2500,2081,2500,648,11,1,7128,845,1641,0
2,d,10000000,9998244,3162,1e-06,2500,2082,2500,647,11,1,7117,1470,1641,0
2,d,10000000,9998244,3162,1e-06,2500,2083,2500,632,11,1,6952,2093,1641,0
2,d,10000000,9998244,3162,1e-06,2500,2084,2500,3169,15,1,47535,-2,1641,0
2,d,10000000,9998244,3162,1e-06,2500,2085,2500,648,11,1,7128,173,1645,0
2,d,10000000,9998244,3162,1e-06,2500,2086,2500,651,11,1,7161,800,1645,0
2,d,10000000,9998244,3162,1e-06,2500,2087,2500,632,11,1,6952,1437,1645,0
2,d,10000000,9998244,3162,1e-06,2500,2088,2500,647,11,1,7117,2045,1645,0
2,d,10000000,9998244,3162,1e-06,2500,2089,2500,3170,15,1,47550,-3,1645,0
2,d,10000000,9998244,3162,1e-06,2500,2090,2500,631,11,1,6941,141,1649,0
2,d,10000000,9998244,3162,1e-06,2500,2091,2500,677,11,1,7447,750,1649,0
2,d,10000000,9998244,3162,1e-06,2500,2092,2500,664,11,1,7304,1405,1649,0
2,d,10000000,9998244,3162,1e-06,2500,2093,2500,632,11,1,6952,2045,1649,0
2,d,10000000,9998244,3162,1e-06,2500,2094,2500,3170,15,1,47550,-3,1649,0
2,d,10000000,9998244,3162,1e-06,2500,2095,2500,632,11,1,6952,125,1653,0
2,d,10000000,9998244,3162,1e-06,2500,2096,2500,632,11,1,6952,733,1653,0
2,d,10000000,9998244,3162,1e-06,2500,2097,2500,631,11,1,6941,1342,1653,0
2,d,10000000,9998244,3162,1e-06,2500,2098,2500,663,11,1,7293,1950,1653,0
2,d,10000000,9998244,3162,1e-06,2500,2099,2500,3170,15,1,47550,-3,1653,0
2,d,10000000,9998244,3162,1e-06,2500,2100,2500,632,11,1,6952,61,1657,0
2,d,10000000,9998244,3162,1e-06,2500,2101,2500,663,11,1,7293,669,1657,0
2,d,10000000,9998244,3162,1e-06,2500,2102,2500,659,11,1,7249,1309,1657,0
2,d,10000000,9998244,3162,1e-06,2500,2103,2500,632,11,1,6952,1949,1657,0
2,d,10000000,9998244,3162,1e-06,2500,2104,2500,3170,15,1,47550,-3,1657,0
2,d,10000000,9998244,3162,1e-06,2500,2105,2500,664,11,1,7304,13,1661,0
2,d,10000000,9998244,3162,1e-06,2500,2106,2500,647,11,1,7117,653,1661,0
2,d,10000000,9998244,3162,1e-06,2500,2107,2500,631,11,1,6941,1278,1661,0
2,d,10000000,9998244,3162,1e-06,2500,2108,2500,647,11,1,7117,1886,1661,0
2,d,10000000,9998244,3162,1e-06,2500,2109,2500,658,11,1,7238,2509,1661,0
2,d,10000000,9998244,3162,1e-06,2500,2110,2500,3170,15,1,47550,-3,1661,0
2,d,10000000,9998244,3162,1e-06,2500,2111,2500,644,11,1,7084,605,1665,0
2,d,10000000,9998244,3162,1e-06,2500,2112,2500,647,11,1,7117,1229,1665,0
2,d,10000000,9998244,3162,1e-06,2500,2113,2500,664,11,1,7304,1853,1665,0
2,d,10000000,9998244,3162,1e-06,2500,2114,2500,644,11,1,7084,2493,1665,0
2,d,10000000,9998244,3162,1e-06,2500,2115,2500,3170,15,1,47550,-3,1665,0
2,d,10000000,9998244,3162,1e-06,2500,2116,2500,648,11,1,7128,573,1669,0
2,d,10000000,9998244,3162,1e-06,2500,2117,2500,646,11,1,7106,1198,1669,0
2,d,10000000,9998244,3162,1e-06,2500,2118,2500,632,11,1,6952,1821,1669,0
2,d,10000000,9998244,3162,1e-06,2500,2119,2500,632,11,1,6952,2429,1669,0
2,d,10000000,9998244,3162,1e-06,2500,2120,2500,3170,15,1,47550,-3,1669,0
2,d,10000000,9998244,3162,1e-06,2500,2121,2500,647,11,1,7117,493,1673,0
2,d,10000000,9998244,3162,1e-06,2500,2122,2500,647,11,1,7117,1117,1673,0
2,d,10000000,9998244,3162,1e-06,2500,2123,2500,646,11,1,7106,1741,1673,0
2,d,10000000,9998244,3162,1e-06,2500,2124,2500,631,11,1,6941,2365,1673,0
2,d,10000000,9998244,3162,1e-06,2500,2125,2500,3168,15,1,47520,-2,1673,0
2,d,10000000,9998244,3162,1e-06,2500,2126,2500,652,11,1,7172,441,1677,0
2,d,10000000,9998244,3162,1e-06,2500,2127,2500,664,11,1,7304,1069,1677,0
2,d,10000000,9998244,3162,1e-06,2500,2128,2500,632,11,1,6952,1709,1677,0
2,d,10000000,9998244,3162,1e-06,2500,2129,2500,660,11,1,7260,2333,1677,0
2,d,10000000,9998244,3162,1e-06,2500,2130,2500,3170,15,1,47550,-3,1677,0
2,d,10000000,9998244,3162,1e-06,2500,2131,2500,662,11,1,7282,431,1681,0
2,d,10000000,9998244,3162,1e-06,2500,2132,2500,647,11,1,7117,1070,1681,0
2,d,10000000,9998244,3162,1e-06,2500,2133,2500,638,11,1,7018,1702,1681,0
2,d,10000000,9998244,3162,1e-06,2500,2134,2500,632,11,1,6952,2317,1681,0
2,d,10000000,9998244,3162,1e-06,2500,2135,2500,3170,15,1,47550,-3,1681,0
2,d,10000000,9998244,3162,1e-06,2500,2136,2500,663,11,1,7293,414,1685,0
2,d,10000000,9998244,3162,1e-06,2500,2137,2500,662,11,1,7282,1054,1685,0
2,d,10000000,9998244,3162,1e-06,2500,2138,2500,648,11,1,7128,1693,1685,0
2,d,10000000,9998244,3162,1e-06,2500,2139,2500,616,11,1,6776,2333,1685,0
2,d,10000000,9998244,3162,1e-06,2500,2140,2500,3169,15,1,47535,-2,1685,0
2,d,10000000,9998244,3162,1e-06,2500,2141,2500,647,11,1,7117,397,1689,0
2,d,10000000,9998244,3162,1e-06,2500,2142,2500,661,11,1,7271,1024,1689,0
2,d,10000000,9998244,3162,1e-06,2500,2143,2500,632,11,1,6952,1661,1689,0
2,d,10000000,9998244,3162,1e-06,2500,2144,2500,643,11,1,7073,2274,1689,0
2,d,10000000,9998244,3162,1e-06,2500,2145,2500,3170,15,1,47550,-3,1689,0
2,d,10000000,9998244,3162,1e-06,2500,2146,2500,648,11,1,7128,349,1693,0
2,d,10000000,9998244,3162,1e-06,2500,2147,2500,663,11,1,7293,974,1693,0
2,d,10000000,9998244,3162,1e-06,2500,2148,2500,632,11,1,6952,1613,1693,0
2,d,10000000,9998244,3162,1e-06,2500,2149,2500,648,11,1,7128,2221,1693,0
2,d,10000000,9998244,3162,1e-06,2500,2150,2500,3169,15,1,47535,-2,1693,0
2,d,10000000,9998244,3162,1e-06,2500,2151,2500,646,11,1,7106,302,1697,0
2,d,10000000,9998244,3162,1e-06,2500,2152,2500,631,11,1,6941,925,1697,0
2,d,10000000,9998244,3162,1e-06,2500,2153,2500,648,11,1,7128,1533,1697,0
2,d,10000000,9998244,3162,1e-06,2500,2154,2500,648,11,1,7128,2157,1697,0
2,d,10000000,9998244,3162,1e-06,2500,2155,2500,3169,15,1,47535,-2,1697,0
2,d,10000000,9998244,3162,1e-06,2500,2156,2500,632,11,1,6952,269,1701,0
2,d,10000000,9998244,3162,1e-06,2500,2157,2500,648,11,1,7128,877,1701,0
2,d,10000000,9998244,3162,1e-06,2500,2158,2500,664,11,1,7304,1501,1701,0
2,d,10000000,9998244,3162,1e-06,2500,2159,2500,663,11,1,7293,2141,1701,0
2,d,10000000,9998244,3162,1e-06,2500,2160,2500,3170,15,1,47550,-3,1701,0
2,d,10000000,9998244,3162,1e-06,2500,2161,2500,634,11,1,6974,254,1705,0
2,d,10000000,9998244,3162,1e-06,2500,2162,2500,645,11,1,7095,877,1705,0
2,d,10000000,9998244,3162,1e-06,2500,2163,2500,632,11,1,6952,1501,1705,0
2,d,10000000,9998244,3162,1e-06,2500,2164,2500,664,11,1,7304,2109,1705,0
2,d,10000000,9998244,3162,1e-06,2500,2165,2500,3170,15,1,47550,-3,1705,0
2,d,10000000,9998244,3162,1e-06,2500,2166,2500,636,11,1,6996,216,1709,0
2,d,10000000,9998244,3162,1e-06,2500,2167,2500,675,11,1,7425,834,1709,0
2,d,10000000,9998244,3162,1e-06,2500,2168,2500,662,11,1,7282,1486,1709,0
2,d,10000000,9998244,3162,1e-06,2500,2169,2500,648,11,1,7128,2125,1709,0
2,d,10000000,9998244,3162,1e-06,2500,2170,2500,3170,15,1,47550,-3,1709,0
2,d,10000000,9998244,3162,1e-06,2500,2171,2500,662,11,1,7282,191,1713,0
2,d,10000000,9998244,3162,1e-06,2500,2172,2500,660,11,1,7260,830,1713,0
2,d,10000000,9998244,3162,1e-06,2500,2173,2500,647,11,1,7117,1469,1713,0
2,d,10000000,9998244,3162,1e-06,2500,2174,2500,630,11,1,6930,2094,1713,0
2,d,10000000,9998244,3162,1e-06,2500,2175,2500,3170,15,1,47550,-3,1713,0
2,d,10000000,9998244,3162,1e-06,2500,2176,2500,632,11,1,6952,173,1717,0
2,d,10000000,9998244,3162,1e-06,2500,2177,2500,657,11,1,7227,787,1717,0
2,d,10000000,9998244,3162,1e-06,2500,2178,2500,648,11,1,7128,1421,1717,0
2,d,10000000,9998244,3162,1e-06,2500,2179,2500,662,11,1,7282,2046,1717,0
2,d,10000000,9998244,3162,1e-06,2500,2180,2500,3169,15,1,47535,-3,1717,0
2,d,10000000,9998244,3162,1e-06,2500,2181,2500,655,11,1,7205,146,1721,0
2,d,10000000,9998244,3162,1e-06,2500,2182,2500,632,11,1,6952,781,1721,0
2,d,10000000,9998244,3162,1e-06,2500,2183,2500,647,11,1,7117,1390,1721,0
2,d,10000000,9998244,3162,1e-06,2500,2184,2500,647,11,1,7117,2014,1721,0
2,d,10000000,9998244,3162,1e-06,2500,2185,2500,3169,15,1,47535,-2,1721,0
2,d,10000000,9998244,3162,1e-06,2500,2186,2500,656,11,1,7216,109,1725,0
2,d,10000000,9998244,3162,1e-06,2500,2187,2500,616,11,1,6776,749,1725,0
2,d,10000000,9998244,3162,1e-06,2500,2188,2500,660,11,1,7260,1345,1725,0
2,d,10000000,9998244,3162,1e-06,2500,2189,2500,630,11,1,6930,1982,1725,0
2,d,10000000,9998244,3162,1e-06,2500,2190,2500,3169,15,1,47535,-3,1725,0
2,d,10000000,9998244,3162,1e-06,2500,2191,2500,646,11,1,7106,47,1729,0
2,d,10000000,9998244,3162,1e-06,2500,2192,2500,652,11,1,7172,678,1729,0
2,d,10000000,9998244,3162,1e-06,2500,2193,2500,647,11,1,7117,1310,1729,0
2,d,10000000,9998244,3162,1e-06,2500,2194,2500,662,11,1,7282,1934,1729,0
2,d,10000000,9998244,3162,1e-06,2500,2195,2500,3170,15,1,47550,-3,1729,0
2,d,10000000,9998244,3162,1e-06,2500,2196,2500,647,11,1,7117,29,1733,0
2,d,10000000,9998244,3162,1e-06,2500,2197,2500,648,11,1,7128,653,1733,0
2,d,10000000,9998244,3162,1e-06,2500,2198,2500,639,11,1,7029,1285,1733,0
2,d,10000000,9998244,3162,1e-06,2500,2199,2500,656,11,1,7216,1901,1733,0
2,d,10000000,9998244,3162,1e-06,2500,2200,2500,3169,15,1,47535,-2,1733,0
2,d,10000000,9998244,3162,1e-06,2500,2201,2500,647,11,1,7117,-3,1737,0
2,d,10000000,9998244,3162,1e-06,2500,2202,2500,632,11,1,6952,621,1737,0
2,d,10000000,9998244,3162,1e-06,2500,2203,2500,647,11,1,7117,1229,1737,0
2,d,10000000,9998244,3162,1e-06,2500,2204,2500,645,11,1,7095,1855,1737,0
2,d,10000000,9998244,3162,1e-06,2500,2205,2500,664,11,1,7304,2477,1737,0
2,d,10000000,9998244,3162,1e-06,2500,2206,2500,3170,15,1,47550,-3,1737,0
2,d,10000000,9998244,3162,1e-06,2500,2207,2500,653,11,1,7183,584,1741,0
2,d,10000000,9998244,3162,1e-06,2500,2208,2500,663,11,1,7293,1214,1741,0
2,d,10000000,9998244,3162,1e-06,2500,2209,2500,632,11,1,6952,1853,1741,0
2,d,10000000,9998244,3162,1e-06,2500,2210,2500,629,11,1,6919,2463,1741,0
2,d,10000000,9998244,3162,1e-06,2500,2211,2500,3170,15,1,47550,-3,1741,0
2,d,10000000,9998244,3162,1e-06,2500,2212,2500,647,11,1,7117,525,1745,0
2,d,10000000,9998244,3162,1e-06,2500,2213,2500,631,11,1,6941,1150,1745,0
2,d,10000000,9998244,3162,1e-06,2500,2214,2500,643,11,1,7073,1762,1745,0
2,d,10000000,9998244,3162,1e-06,2500,2215,2500,664,11,1,7304,2381,1745,0
2,d,10000000,9998244,3162,1e-06,2500,2216,2500,3170,15,1,47550,-3,1745,0
2,d,10000000,9998244,3162,1e-06,2500,2217,2500,630,11,1,6930,509,1749,0
2,d,10000000,9998244,3162,1e-06,2500,2218,2500,663,11,1,7293,1117,1749,0
2,d,10000000,9998244,3162,1e-06,2500,2219,2500,648,11,1,7128,1757,1749,0
2,d,10000000,9998244,3162,1e-06,2500,2220,2500,648,11,1,7128,2381,1749,0
2,d,10000000,9998244,3162,1e-06,2500,2221,2500,3170,15,1,47550,-3,1749,0
2,d,10000000,9998244,3162,1e-06,2500,2222,2500,663,11,1,7293,478,1753,0
2,d,10000000,9998244,3162,1e-06,2500,2223,2500,662,11,1,7282,1118,1753,0
2,d,10000000,9998244,3162,1e-06,2500,2224,2500,647,11,1,7117,1757,1753,0
2,d,10000000,9998244,3162,1e-06,2500,2225,2500,647,11,1,7117,2381,1753,0
2,d,10000000,9998244,3162,1e-06,2500,2226,2500,3170,15,1,47550,-3,1753,0
2,d,10000000,9998244,3162,1e-06,2500,2227,2500,632,11,1,6952,461,1757,0
2,d,10000000,9998244,3162,1e-06,2500,2228,2500,622,11,1,6842,1078,1757,0
2,d,10000000,9998244,3162,1e-06,2500,2229,2500,646,11,1,7106,1679,1757,0
2,d,10000000,9998244,3162,1e-06,2500,2230,2500,664,11,1,7304,2301,1757,0
2,d,10000000,9998244,3162,1e-06,2500,2231,2500,3170,15,1,47550,-3,1757,0
2,d,10000000,9998244,3162,1e-06,2500,2232,2500,663,11,1,7293,414,1761,0
2,d,10000000,9998244,3162,1e-06,2500,2233,2500,630,11,1,6930,1053,1761,0
2,d,10000000,9998244,3162,1e-06,2500,2234,2500,646,11,1,7106,1661,1761,0
2,d,10000000,9998244,3162,1e-06,2500,2235,2500,630,11,1,6930,2286,1761,0
2,d,10000000,9998244,3162,1e-06,2500,2236,2500,3170,15,1,47550,-3,1761,0
2,d,10000000,9998244,3162,1e-06,2500,2237,2500,658,11,1,7238,338,1765,0
2,d,10000000,9998244,3162,1e-06,2500,2238,2500,648,11,1,7128,973,1765,0
2,d,10000000,9998244,3162,1e-06,2500,2239,2500,646,11,1,7106,1597,1765,0
2,d,10000000,9998244,3162,1e-06,2500,2240,2500,647,11,1,7117,2221,1765,0
2,d,10000000,9998244,3162,1e-06,2500,2241,2500,3170,15,1,47550,-3,1765,0
2,d,10000000,9998244,3162,1e-06,2500,2242,2500,644,11,1,7084,285,1769,0
2,d,10000000,9998244,3162,1e-06,2500,2243,2500,648,11,1,7128,909,1769,0
2,d,10000000,9998244,3162,1e-06,2500,2244,2500,631,11,1,6941,1534,1769,0
2,d,10000000,9998244,3162,1e-06,2500,2245,2500,648,11,1,7128,2141,1769,0
2,d,10000000,9998244,3162,1e-06,2500,2246,2500,3169,15,1,47535,-2,1769,0
2,d,10000000,9998244,3162,1e-06,2500,2247,2500,630,11,1,6930,222,1773,0
2,d,10000000,9998244,3162,1e-06,2500,2248,2500,660,11,1,7260,830,1773,0
2,d,10000000,9998244,3162,1e-06,2500,2249,2500,632,11,1,6952,1469,1773,0
2,d,10000000,9998244,3162,1e-06,2500,2250,2500,632,11,1,6952,2093,1773,0
2,d,10000000,9998244,3162,1e-06,2500,2251,2500,3170,15,1,47550,-3,1773,0
2,d,10000000,9998244,3162,1e-06,2500,2252,2500,642,11,1,7062,174,1777,0
2,d,10000000,9998244,3162,1e-06,2500,2253,2500,629,11,1,6919,797,1777,0
2,d,10000000,9998244,3162,1e-06,2500,2254,2500,663,11,1,7293,1406,1777,0
2,d,10000000,9998244,3162,1e-06,2500,2255,2500,648,11,1,7128,2045,1777,0
2,d,10000000,9998244,3162,1e-06,2500,2256,2500,3170,15,1,47550,-3,1777,0
2,d,10000000,9998244,3162,1e-06,2500,2257,2500,615,11,1,6765,126,1781,0
2,d,10000000,9998244,3162,1e-06,2500,2258,2500,660,11,1,7260,720,1781,0
2,d,10000000,9998244,3162,1e-06,2500,2259,2500,646,11,1,7106,1357,1781,0
2,d,10000000,9998244,3162,1e-06,2500,2260,2500,615,11,1,6765,1981,1781,0
2,d,10000000,9998244,3162,1e-06,2500,2261,2500,3169,15,1,47535,-2,1781,0
2,d,10000000,9998244,3162,1e-06,2500,2262,2500,648,11,1,7128,45,1785,0
2,d,10000000,9998244,3162,1e-06,2500,2263,2500,648,11,1,7128,669,1785,0
2,d,10000000,9998244,3162,1e-06,2500,2264,2500,632,11,1,6952,1293,1785,0
2,d,10000000,9998244,3162,1e-06,2500,2265,2500,648,11,1,7128,1917,1785,0
2,d,10000000,9998244,3162,1e-06,2500,2266,2500,3170,15,1,47550,-3,1785,0
2,d,10000000,9998244,3162,1e-06,2500,2267,2500,645,11,1,7095,-2,1789,0
2,d,10000000,9998244,3162,1e-06,2500,2268,2500,646,11,1,7106,621,1789,0
2,d,10000000,9998244,3162,1e-06,2500,2269,2500,644,11,1,7084,1245,1789,0
2,d,10000000,9998244,3162,1e-06,2500,2270,2500,632,11,1,6952,1869,1789,0
2,d,10000000,9998244,3162,1e-06,2500,2271,2500,646,11,1,7106,2479,1789,0
2,d,10000000,9998244,3162,1e-06,2500,2272,2500,3170,15,1,47550,-3,1789,0
2,d,10000000,9998244,3162,1e-06,2500,2273,2500,647,11,1,7117,541,1793,0
2,d,10000000,9998244,3162,1e-06,2500,2274,2500,632,11,1,6952,1165,1793,0
2,d,10000000,9998244,3162,1e-06,2500,2275,2500,663,11,1,7293,1774,1793,0
2,d,10000000,9998244,3162,1e-06,2500,2276,2500,648,11,1,7128,2413,1793,0
2,d,10000000,9998244,3162,1e-06,2500,2277,2500,3169,15,1,47535,-3,1793,0
2,d,10000000,9998244,3162,1e-06,2500,2278,2500,645,11,1,7095,496,1797,0
2,d,10000000,9998244,3162,1e-06,2500,2279,2500,659,11,1,7249,1122,1797,0
2,d,10000000,9998244,3162,1e-06,2500,2280,2500,648,11,1,7128,1757,1797,0
2,d,10000000,9998244,3162,1e-06,2500,2281,2500,632,11,1,6952,2381,1797,0
2,d,10000000,9998244,3162,1e-06,2500,2282,2500,3170,15,1,47550,-3,1797,0
2,d,10000000,9998244,3162,1e-06,2500,2283,2500,623,11,1,6853,478,1801,0
2,d,10000000,9998244,3162,1e-06,2500,2284,2500,648,11,1,7128,1085,1801,0
2,d,10000000,9998244,3162,1e-06,2500,2285,2500,664,11,1,7304,1709,1801,0
2,d,10000000,9998244,3162,1e-06,2500,2286,2500,648,11,1,7128,2349,1801,0
2,d,10000000,9998244,3162,1e-06,2500,2287,2500,3170,15,1,47550,-3,1801,0
2,d,10000000,9998244,3162,1e-06,2500,2288,2500,643,11,1,7073,434,1805,0
2,d,10000000,9998244,3162,1e-06,2500,2289,2500,664,11,1,7304,1053,1805,0
2,d,10000000,9998244,3162,1e-06,2500,2290,2500,643,11,1,7073,1693,1805,0
2,d,10000000,9998244,3162,1e-06,2500,2291,2500,648,11,1,7128,2317,1805,0
2,d,10000000,9998244,3162,1e-06,2500,2292,2500,3170,15,1,47550,-3,1805,0
2,d,10000000,9998244,3162,1e-06,2500,2293,2500,632,11,1,6952,429,1809,0
2,d,10000000,9998244,3162,1e-06,2500,2294,2500,639,11,1,7029,1038,1809,0
2,d,10000000,9998244,3162,1e-06,2500,2295,2500,647,11,1,7117,1662,1809,0
2,d,10000000,9998244,3162,1e-06,2500,2296,2500,648,11,1,7128,2285,1809,0
2,d,10000000,9998244,3162,1e-06,2500,2297,2500,3170,15,1,47550,-3,1809,0
2,d,10000000,9998244,3162,1e-06,2500,2298,2500,647,11,1,7117,366,1813,0
2,d,10000000,9998244,3162,1e-06,2500,2299,2500,664,11,1,7304,989,1813,0
2,d,10000000,9998244,3162,1e-06,2500,2300,2500,662,11,1,7282,1631,1813,0
2,d,10000000,9998244,3162,1e-06,2500,2301,2500,661,11,1,7271,2271,1813,0
2,d,10000000,9998244,3162,1e-06,2500,2302,2500,3170,15,1,47550,-3,1813,0
2,d,10000000,9998244,3162,1e-06,2500,2303,2500,662,11,1,7282,365,1817,0
2,d,10000000,9998244,3162,1e-06,2500,2304,2500,648,11,1,7128,1005,1817,0
2,d,10000000,9998244,3162,1e-06,2500,2305,2500,630,11,1,6930,1631,1817,0
2,d,10000000,9998244,3162,1e-06,2500,2306,2500,647,11,1,7117,2237,1817,0
2,d,10000000,9998244,3162,1e-06,2500,2307,2500,3170,15,1,47550,-3,1817,0
2,d,10000000,9998244,3162,1e-06,2500,2308,2500,632,11,1,6952,317,1821,0
2,d,10000000,9998244,3162,1e-06,2500,2309,2500,645,11,1,7095,928,1821,0
2,d,10000000,9998244,3162,1e-06,2500,2310,2500,647,11,1,7117,1549,1821,0
2,d,10000000,9998244,3162,1e-06,2500,2311,2500,630,11,1,6930,2174,1821,0
2,d,10000000,9998244,3162,1e-06,2500,2312,2500,3170,15,1,47550,-3,1821,0
2,d,10000000,9998244,3162,1e-06,2500,2313,2500,647,11,1,7117,237,1825,0
2,d,10000000,9998244,3162,1e-06,2500,2314,2500,644,11,1,7084,861,1825,0
2,d,10000000,9998244,3162,1e-06,2500,2315,2500,648,11,1,7128,1485,1825,0
2,d,10000000,9998244,3162,1e-06,2500,2316,2500,644,11,1,7084,2113,1825,0
2,d,10000000,9998244,3162,1e-06,2500,2317,2500,3170,15,1,47550,-3,1825,0
2,d,10000000,9998244,3162,1e-06,2500,2318,2500,639,11,1,7029,198,1829,0
2,d,10000000,9998244,3162,1e-06,2500,2319,2500,663,11,1,7293,813,1829,0
2,d,10000000,9998244,3162,1e-06,2500,2320,2500,648,11,1,7128,1453,1829,0
2,d,10000000,9998244,3162,1e-06,2500,2321,2500,634,11,1,6974,2077,1829,0
2,d,10000000,9998244,3162,1e-06,2500,2322,2500,3170,15,1,47550,-3,1829,0
2,d,10000000,9998244,3162,1e-06,2500,2323,2500,616,11,1,6776,157,1833,0
2,d,10000000,9998244,3162,1e-06,2500,2324,2500,647,11,1,7117,750,1833,0
2,d,10000000,9998244,3162,1e-06,2500,2325,2500,648,11,1,7128,1373,1833,0
2,d,10000000,9998244,3162,1e-06,2500,2326,2500,646,11,1,7106,1999,1833,0
2,d,10000000,9998244,3162,1e-06,2500,2327,2500,3169,15,1,47535,-2,1833,0
2,d,10000000,9998244,3162,1e-06,2500,2328,2500,647,11,1,7117,110,1837,0
2,d,10000000,9998244,3162,1e-06,2500,2329,2500,643,11,1,7073,733,1837,0
2,d,10000000,9998244,3162,1e-06,2500,2330,2500,648,11,1,7128,1357,1837,0
2,d,10000000,9998244,3162,1e-06,2500,2331,2500,647,11,1,7117,1982,1837,0
2,d,10000000,9998244,3162,1e-06,2500,2332,2500,3170,15,1,47550,-3,1837,0
2,d,10000000,9998244,3162,1e-06,2500,2333,2500,647,11,1,7117,77,1841,0
2,d,10000000,9998244,3162,1e-06,2500,2334,2500,633,11,1,6963,702,1841,0
2,d,10000000,9998244,3162,1e-06,2500,2335,2500,615,11,1,6765,1325,1841,0
2,d,10000000,9998244,3162,1e-06,2500,2336,2500,664,11,1,7304,1917,1841,0
2,d,10000000,9998244,3162,1e-06,2500,2337,2500,3170,15,1,47550,-3,1841,0
2,d,10000000,9998244,3162,1e-06,2500,2338,2500,648,11,1,7128,13,1845,0
2,d,10000000,9998244,3162,1e-06,2500,2339,2500,658,11,1,7238,638,1845,0
2,d,10000000,9998244,3162,1e-06,2500,2340,2500,645,11,1,7095,1277,1845,0
2,d,10000000,9998244,3162,1e-06,2500,2341,2500,647,11,1,7117,1901,1845,0
2,d,10000000,9998244,3162,1e-06,2500,2342,2500,626,11,1,6886,2526,1845,0
2,d,10000000,9998244,3162,1e-06,2500,2343,2500,3170,15,1,47550,-3,1845,0
2,d,10000000,9998244,3162,1e-06,2500,2344,2500,664,11,1,7304,605,1849,0
2,d,10000000,9998244,3162,1e-06,2500,2345,2500,632,11,1,6952,1245,1849,0
2,d,10000000,9998244,3162,1e-06,2500,2346,2500,663,11,1,7293,1853,1849,0
2,d,10000000,9998244,3162,1e-06,2500,2347,2500,647,11,1,7117,2493,1849,0
2,d,10000000,9998244,3162,1e-06,2500,2348,2500,3170,15,1,47550,-3,1849,0
2,d,10000000,9998244,3162,1e-06,2500,2349,2500,663,11,1,7293,574,1853,0
2,d,10000000,9998244,3162,1e-06,2500,2350,2500,648,11,1,7128,1213,1853,0
2,d,10000000,9998244,3162,1e-06,2500,2351,2500,647,11,1,7117,1837,1853,0
2,d,10000000,9998244,3162,1e-06,2500,2352,2500,632,11,1,6952,2461,1853,0
2,d,10000000,9998244,3162,1e-06,2500,2353,2500,3170,15,1,47550,-3,1853,0
2,d,10000000,9998244,3162,1e-06,2500,2354,2500,662,11,1,7282,525,1857,0
2,d,10000000,9998244,3162,1e-06,2500,2355,2500,632,11,1,6952,1165,1857,0
2,d,10000000,9998244,3162,1e-06,2500,2356,2500,647,11,1,7117,1774,1857,0
2,d,10000000,9998244,3162,1e-06,2500,2357,2500,647,11,1,7117,2397,1857,0
2,d,10000000,9998244,3162,1e-06,2500,2358,2500,3170,15,1,47550,-3,1857,0
2,d,10000000,9998244,3162,1e-06,2500,2359,2500,648,11,1,7128,477,1861,0
2,d,10000000,9998244,3162,1e-06,2500,2360,2500,631,11,1,6941,1101,1861,0
2,d,10000000,9998244,3162,1e-06,2500,2361,2500,648,11,1,7128,1709,1861,0
2,d,10000000,9998244,3162,1e-06,2500,2362,2500,648,11,1,7128,2333,1861,0
2,d,10000000,9998244,3162,1e-06,2500,2363,2500,3170,15,1,47550,-3,1861,0
2,d,10000000,9998244,3162,1e-06,2500,2364,2500,645,11,1,7095,430,1865,0
2,d,10000000,9998244,3162,1e-06,2500,2365,2500,631,11,1,6941,1053,1865,0
2,d,10000000,9998244,3162,1e-06,2500,2366,2500,647,11,1,7117,1661,1865,0
2,d,10000000,9998244,3162,1e-06,2500,2367,2500,630,11,1,6930,2287,1865,0
2,d,10000000,9998244,3162,1e-06,2500,2368,2500,3170,15,1,47550,-3,1865,0
2,d,10000000,9998244,3162,1e-06,2500,2369,2500,645,11,1,7095,367,1869,0
2,d,10000000,9998244,3162,1e-06,2500,2370,2500,630,11,1,6930,990,1869,0
2,d,10000000,9998244,3162,1e-06,2500,2371,2500,647,11,1,7117,1598,1869,0
2,d,10000000,9998244,3162,1e-06,2500,2372,2500,632,11,1,6952,2221,1869,0
2,d,10000000,9998244,3162,1e-06,2500,2373,2500,3170,15,1,47550,-3,1869,0
2,d,10000000,9998244,3162,1e-06,2500,2374,2500,644,11,1,7084,289,1873,0
2,d,10000000,9998244,3162,1e-06,2500,2375,2500,647,11,1,7117,910,1873,0
2,d,10000000,9998244,3162,1e-06,2500,2376,2500,647,11,1,7117,1549,1873,0
2,d,10000000,9998244,3162,1e-06,2500,2377,2500,631,11,1,6941,2174,1873,0
2,d,10000000,9998244,3162,1e-06,2500,2378,2500,3169,15,1,47535,-2,1873,0
2,d,10000000,9998244,3162,1e-06,2500,2379,2500,632,11,1,6952,269,1877,0
2,d,10000000,9998244,3162,1e-06,2500,2380,2500,664,11,1,7304,877,1877,0
2,d,10000000,9998244,3162,1e-06,2500,2381,2500,648,11,1,7128,1517,1877,0
2,d,10000000,9998244,3162,1e-06,2500,2382,2500,631,11,1,6941,2142,1877,0
2,d,10000000,9998244,3162,1e-06,2500,2383,2500,3170,15,1,47550,-3,1877,0
2,d,10000000,9998244,3162,1e-06,2500,2384,2500,648,11,1,7128,221,1881,0
2,d,10000000,9998244,3162,1e-06,2500,2385,2500,647,11,1,7117,845,1881,0
2,d,10000000,9998244,3162,1e-06,2500,2386,2500,631,11,1,6941,1470,1881,0
2,d,10000000,9998244,3162,1e-06,2500,2387,2500,647,11,1,7117,2078,1881,0
2,d,10000000,9998244,3162,1e-06,2500,2388,2500,3170,15,1,47550,-3,1881,0
2,d,10000000,9998244,3162,1e-06,2500,2389,2500,647,11,1,7117,158,1885,0
2,d,10000000,9998244,3162,1e-06,2500,2390,2500,631,11,1,6941,782,1885,0
2,d,10000000,9998244,3162,1e-06,2500,2391,2500,632,11,1,6952,1405,1885,0
2,d,10000000,9998244,3162,1e-06,2500,2392,2500,632,11,1,6952,2013,1885,0
2,d,10000000,9998244,3162,1e-06,2500,2393,2500,3170,15,1,47550,-3,1885,0
2,d,10000000,9998244,3162,1e-06,2500,2394,2500,632,11,1,6952,93,1889,0
2,d,10000000,9998244,3162,1e-06,2500,2395,2500,647,11,1,7117,702,1889,0
2,d,10000000,9998244,3162,1e-06,2500,2396,2500,648,11,1,7128,1325,1889,0
2,d,10000000,9998244,3162,1e-06,2500,2397,2500,647,11,1,7117,1950,1889,0
2,d,10000000,9998244,3162,1e-06,2500,2398,2500,3170,15,1,47550,-3,1889,0
2,d,10000000,9998244,3162,1e-06,2500,2399,2500,646,11,1,7106,63,1893,0
2,d,10000000,9998244,3162,1e-06,2500,2400,2500,647,11,1,7117,701,1893,0
2,d,10000000,9998244,3162,1e-06,2500,2401,2500,648,11,1,7128,1325,1893,0
2,d,10000000,9998244,3162,1e-06,2500,2402,2500,635,11,1,6985,1953,1893,0
2,d,10000000,9998244,3162,1e-06,2500,2403,2500,3170,15,1,47550,-3,1893,0
2,d,10000000,9998244,3162,1e-06,2500,2404,2500,632,11,1,6952,45,1897,0
2,d,10000000,9998244,3162,1e-06,2500,2405,2500,674,11,1,7414,657,1897,0
2,d,10000000,9998244,3162,1e-06,2500,2406,2500,631,11,1,6941,1310,1897,0
2,d,10000000,9998244,3162,1e-06,2500,2407,2500,663,11,1,7293,1917,1897,0
2,d,10000000,9998244,3162,1e-06,2500,2408,2500,3170,15,1,47550,-3,1897,0
2,d,10000000,9998244,3162,1e-06,2500,2409,2500,663,11,1,7293,29,1901,0
2,d,10000000,9998244,3162,1e-06,2500,2410,2500,646,11,1,7106,669,1901,0
2,d,10000000,9998244,3162,1e-06,2500,2411,2500,677,11,1,7447,1293,1901,0
2,d,10000000,9998244,3162,1e-06,2500,2412,2500,631,11,1,6941,1949,1901,0
2,d,10000000,9998244,3162,1e-06,2500,2413,2500,3169,15,1,47535,-3,1901,0
2,d,10000000,9998244,3162,1e-06,2500,2414,2500,648,11,1,7128,29,1905,0
2,d,10000000,9998244,3162,1e-06,2500,2415,2500,648,11,1,7128,653,1905,0
2,d,10000000,9998244,3162,1e-06,2500,2416,2500,648,11,1,7128,1277,1905,0
2,d,10000000,9998244,3162,1e-06,2500,2417,2500,632,11,1,6952,1901,1905,0
2,d,10000000,9998244,3162,1e-06,2500,2418,2500,648,11,1,7128,2509,1905,0
2,d,10000000,9998244,3162,1e-06,2500,2419,2500,3170,15,1,47550,-3,1905,0
2,d,10000000,9998244,3162,1e-06,2500,2420,2500,632,11,1,6952,605,1909,0
2,d,10000000,9998244,3162,1e-06,2500,2421,2500,648,11,1,7128,1213,1909,0
2,d,10000000,9998244,3162,1e-06,2500,2422,2500,659,11,1,7249,1841,1909,0
2,d,10000000,9998244,3162,1e-06,2500,2423,2500,646,11,1,7106,2478,1909,0
2,d,10000000,9998244,3162,1e-06,2500,2424,2500,3170,15,1,47550,-3,1909,0
2,d,10000000,9998244,3162,1e-06,2500,2425,2500,646,11,1,7106,573,1913,0
2,d,10000000,9998244,3162,1e-06,2500,2426,2500,648,11,1,7128,1197,1913,0
2,d,10000000,9998244,3162,1e-06,2500,2427,2500,632,11,1,6952,1821,1913,0
2,d,10000000,9998244,3162,1e-06,2500,2428,2500,648,11,1,7128,2429,1913,0
2,d,10000000,9998244,3162,1e-06,2500,2429,2500,3170,15,1,47550,-3,1913,0
2,d,10000000,9998244,3162,1e-06,2500,2430,2500,662,11,1,7282,511,1917,0
2,d,10000000,9998244,3162,1e-06,2500,2431,2500,643,11,1,7073,1149,1917,0
2,d,10000000,9998244,3162,1e-06,2500,2432,2500,648,11,1,7128,1773,1917,0
2,d,10000000,9998244,3162,1e-06,2500,2433,2500,632,11,1,6952,2397,1917,0
2,d,10000000,9998244,3162,1e-06,2500,2434,2500,3170,15,1,47550,-3,1917,0
2,d,10000000,9998244,3162,1e-06,2500,2435,2500,647,11,1,7117,478,1921,0
2,d,10000000,9998244,3162,1e-06,2500,2436,2500,661,11,1,7271,1101,1921,0
2,d,10000000,9998244,3162,1e-06,2500,2437,2500,648,11,1,7128,1741,1921,0
2,d,10000000,9998244,3162,1e-06,2500,2438,2500,677,11,1,7447,2368,1921,0
2,d,10000000,9998244,3162,1e-06,2500,2439,2500,3169,15,1,47535,-3,1921,0
2,d,10000000,9998244,3162,1e-06,2500,2440,2500,663,11,1,7293,477,1925,0
2,d,10000000,9998244,3162,1e-06,2500,2441,2500,645,11,1,7095,1117,1925,0
2,d,10000000,9998244,3162,1e-06,2500,2442,2500,632,11,1,6952,1741,1925,0
2,d,10000000,9998244,3162,1e-06,2500,2443,2500,646,11,1,7106,2351,1925,0
2,d,10000000,9998244,3162,1e-06,2500,2444,2500,3169,15,1,47535,-3,1925,0
2,d,10000000,9998244,3162,1e-06,2500,2445,2500,648,11,1,7128,445,1929,0
2,d,10000000,9998244,3162,1e-06,2500,2446,2500,663,11,1,7293,1070,1929,0
2,d,10000000,9998244,3162,1e-06,2500,2447,2500,663,11,1,7293,1710,1929,0
2,d,10000000,9998244,3162,1e-06,2500,2448,2500,648,11,1,7128,2349,1929,0
2,d,10000000,9998244,3162,1e-06,2500,2449,2500,3170,15,1,47550,-3,1929,0
2,d,10000000,9998244,3162,1e-06,2500,2450,2500,636,11,1,6996,441,1933,0
2,d,10000000,9998244,3162,1e-06,2500,2451,2500,646,11,1,7106,1054,1933,0
2,d,10000000,9998244,3162,1e-06,2500,2452,2500,648,11,1,7128,1677,1933,0
2,d,10000000,9998244,3162,1e-06,2500,2453,2500,647,11,1,7117,2302,1933,0
2,d,10000000,9998244,3162,1e-06,2500,2454,2500,3170,15,1,47550,-3,1933,0
2,d,10000000,9998244,3162,1e-06,2500,2455,2500,647,11,1,7117,381,1937,0
2,d,10000000,9998244,3162,1e-06,2500,2456,2500,631,11,1,6941,1005,1937,0
2,d,10000000,9998244,3162,1e-06,2500,2457,2500,630,11,1,6930,1614,1937,0
2,d,10000000,9998244,3162,1e-06,2500,2458,2500,646,11,1,7106,2238,1937,0
2,d,10000000,9998244,3162,1e-06,2500,2459,2500,3170,15,1,47550,-3,1937,0
2,d,10000000,9998244,3162,1e-06,2500,2460,2500,664,11,1,7304,317,1941,0
2,d,10000000,9998244,3162,1e-06,2500,2461,2500,648,11,1,7128,957,1941,0
2,d,10000000,9998244,3162,1e-06,2500,2462,2500,648,11,1,7128,1581,1941,0
2,d,10000000,9998244,3162,1e-06,2500,2463,2500,632,11,1,6952,2205,1941,0
2,d,10000000,9998244,3162,1e-06,2500,2464,2500,3170,15,1,47550,-3,1941,0
2,d,10000000,9998244,3162,1e-06,2500,2465,2500,664,11,1,7304,301,1945,0
2,d,10000000,9998244,3162,1e-06,2500,2466,2500,646,11,1,7106,942,1945,0
2,d,10000000,9998244,3162,1e-06,2500,2467,2500,646,11,1,7106,1565,1945,0
2,d,10000000,9998244,3162,1e-06,2500,2468,2500,648,11,1,7128,2189,1945,0
2,d,10000000,9998244,3162,1e-06,2500,2469,2500,3170,15,1,47550,-3,1945,0
2,d,10000000,9998244,3162,1e-06,2500,2470,2500,663,11,1,7293,270,1949,0
2,d,10000000,9998244,3162,1e-06,2500,2471,2500,632,11,1,6952,909,1949,0
2,d,10000000,9998244,3162,1e-06,2500,2472,2500,647,11,1,7117,1517,1949,0
2,d,10000000,9998244,3162,1e-06,2500,2473,2500,636,11,1,6996,2141,1949,0
2,d,10000000,9998244,3162,1e-06,2500,2474,2500,3170,15,1,47550,-3,1949,0
2,d,10000000,9998244,3162,1e-06,2500,2475,2500,647,11,1,7117,221,1953,0
2,d,10000000,9998244,3162,1e-06,2500,2476,2500,632,11,1,6952,845,1953,0
2,d,10000000,9998244,3162,1e-06,2500,2477,2500,648,11,1,7128,1453,1953,0
2,d,10000000,9998244,3162,1e-06,2500,2478,2500,632,11,1,6952,2077,1953,0
2,d,10000000,9998244,3162,1e-06,2500,2479,2500,3169,15,1,47535,-2,1953,0
2,d,10000000,9998244,3162,1e-06,2500,2480,2500,646,11,1,7106,141,1957,0
2,d,10000000,9998244,3162,1e-06,2500,2481,2500,632,11,1,6952,765,1957,0
2,d,10000000,9998244,3162,1e-06,2500,2482,2500,664,11,1,7304,1373,1957,0
2,d,10000000,9998244,3162,1e-06,2500,2483,2500,648,11,1,7128,2013,1957,0
2,d,10000000,9998244,3162,1e-06,2500,2484,2500,3170,15,1,47550,-3,1957,0
2,d,10000000,9998244,3162,1e-06,2500,2485,2500,648,11,1,7128,109,1961,0
2,d,10000000,9998244,3162,1e-06,2500,2486,2500,664,11,1,7304,733,1961,0
2,d,10000000,9998244,3162,1e-06,2500,2487,2500,648,11,1,7128,1373,1961,0
2,d,10000000,9998244,3162,1e-06,2500,2488,2500,631,11,1,6941,1998,1961,0
2,d,10000000,9998244,3162,1e-06,2500,2489,2500,3170,15,1,47550,-3,1961,0
2,d,10000000,9998244,3162,1e-06,2500,2490,2500,661,11,1,7271,93,1965,0
2,d,10000000,9998244,3162,1e-06,2500,2491,2500,632,11,1,6952,733,1965,0
2,d,10000000,9998244,3162,1e-06,2500,2492,2500,648,11,1,7128,1341,1965,0
2,d,10000000,9998244,3162,1e-06,2500,2493,2500,660,11,1,7260,1966,1965,0
2,d,10000000,9998244,3162,1e-06,2500,2494,2500,3170,15,1,47550,-3,1965,0
2,d,10000000,9998244,3162,1e-06,2500,2495,2500,662,11,1,7282,62,1969,0
2,d,10000000,9998244,3162,1e-06,2500,2496,2500,648,11,1,7128,701,1969,0
2,d,10000000,9998244,3162,1e-06,2500,2497,2500,654,11,1,7194,1326,1969,0
2,d,10000000,9998244,3162,1e-06,2500,2498,2500,648,11,1,7128,1965,1969,0
2,d,10000000,9998244,3162,1e-06,2500,2499,2500,3170,15,1,47550,-3,1969,0
2,d,10000000,9998244,3162,1e-06,2500,2500,2500,645,11,1,7095,47,1973,0
2,d,10000000,9998244,3162,1e-06,2500,2501,2500,631,11,1,6941,670,1973,0
2,d,10000000,9998244,3162,1e-06,2500,2502,2500,646,11,1,7106,1279,1973,0
2,d,10000000,9998244,3162,1e-06,2500,2503,2500,647,11,1,7117,1901,1973,0
2,d,10000000,9998244,3162,1e-06,2500,2504,2500,632,11,1,6952,2525,1973,0
2,d,10000000,9998244,3162,1e-06,2500,2505,2500,3170,15,1,47550,-3,1973,0
2,d,10000000,9998244,3162,1e-06,2500,2506,2500,660,11,1,7260,592,1977,0
2,d,10000000,9998244,3162,1e-06,2500,2507,2500,645,11,1,7095,1232,1977,0
2,d,10000000,9998244,3162,1e-06,2500,2508,2500,647,11,1,7117,1853,1977,0
2,d,10000000,9998244,3162,1e-06,2500,2509,2500,647,11,1,7117,2478,1977,0
2,d,10000000,9998244,3162,1e-06,2500,2510,2500,3170,15,1,47550,-3,1977,0
2,d,10000000,9998244,3162,1e-06,2500,2511,2500,639,11,1,7029,566,1981,0
2,d,10000000,9998244,3162,1e-06,2500,2512,2500,647,11,1,7117,1182,1981,0
2,d,10000000,9998244,3162,1e-06,2500,2513,2500,648,11,1,7128,1805,1981,0
2,d,10000000,9998244,3162,1e-06,2500,2514,2500,647,11,1,7117,2429,1981,0
2,d,10000000,9998244,3162,1e-06,2500,2515,2500,3170,15,1,47550,-3,1981,0
2,d,10000000,9998244,3162,1e-06,2500,2516,2500,632,11,1,6952,509,1985,0
2,d,10000000,9998244,3162,1e-06,2500,2517,2500,660,11,1,7260,1118,1985,0
2,d,10000000,9998244,3162,1e-06,2500,2518,2500,648,11,1,7128,1757,1985,0
2,d,10000000,9998244,3162,1e-06,2500,2519,2500,648,11,1,7128,2381,1985,0
2,d,10000000,9998244,3162,1e-06,2500,2520,2500,3169,15,1,47535,-2,1985,0
2,d,10000000,9998244,3162,1e-06,2500,2521,2500,639,11,1,7029,470,1989,0
2,d,10000000,9998244,3162,1e-06,2500,2522,2500,632,11,1,6952,1085,1989,0
2,d,10000000,9998244,3162,1e-06,2500,2523,2500,632,11,1,6952,1693,1989,0
2,d,10000000,9998244,3162,1e-06,2500,2524,2500,663,11,1,7293,2302,1989,0
2,d,10000000,9998244,3162,1e-06,2500,2525,2500,3170,15,1,47550,-3,1989,0
2,d,10000000,9998244,3162,1e-06,2500,2526,2500,646,11,1,7106,414,1993,0
2,d,10000000,9998244,3162,1e-06,2500,2527,2500,647,11,1,7117,1037,1993,0
2,d,10000000,9998244,3162,1e-06,2500,2528,2500,647,11,1,7117,1662,1993,0
2,d,10000000,9998244,3162,1e-06,2500,2529,2500,663,11,1,7293,2285,1993,0
2,d,10000000,9998244,3162,1e-06,2500,2530,2500,3170,15,1,47550,-3,1993,0
2,d,10000000,9998244,3162,1e-06,2500,2531,2500,646,11,1,7106,383,1997,0
2,d,10000000,9998244,3162,1e-06,2500,2532,2500,658,11,1,7238,1010,1997,0
2,d,10000000,9998244,3162,1e-06,2500,2533,2500,661,11,1,7271,1646,1997,0
2,d,10000000,9998244,3162,1e-06,2500,2534,2500,630,11,1,6930,2287,1997,0
2,d,10000000,9998244,3162,1e-06,2500,2535,2500,3169,15,1,47535,-3,1997,0
2,d,10000000,9998244,3162,1e-06,2500,2536,2500,674,11,1,7414,368,2001,0
2,d,10000000,9998244,3162,1e-06,2500,2537,2500,631,11,1,6941,1022,2001,0
2,d,10000000,9998244,3162,1e-06,2500,2538,2500,641,11,1,7051,1635,2001,0
2,d,10000000,9998244,3162,1e-06,2500,2539,2500,648,11,1,7128,2253,2001,0
2,d,10000000,9998244,3162,1e-06,2500,2540,2500,3169,15,1,47535,-3,2001,0
2,d,10000000,9998244,3162,1e-06,2500,2541,2500,630,11,1,6930,350,2005,0
2,d,10000000,9998244,3162,1e-06,2500,2542,2500,647,11,1,7117,958,2005,0
2,d,10000000,9998244,3162,1e-06,2500,2543,2500,646,11,1,7106,1582,2005,0
2,d,10000000,9998244,3162,1e-06,2500,2544,2500,647,11,1,7117,2206,2005,0
2,d,10000000,9998244,3162,1e-06,2500,2545,2500,3170,15,1,47550,-3,2005,0
2,d,10000000,9998244,3162,1e-06,2500,2546,2500,647,11,1,7117,301,2009,0
2,d,10000000,9998244,3162,1e-06,2500,2547,2500,615,11,1,6765,926,2009,0
2,d,10000000,9998244,3162,1e-06,2500,2548,2500,648,11,1,7128,1517,2009,0
2,d,10000000,9998244,3162,1e-06,2500,2549,2500,647,11,1,7117,2142,2009,0
2,d,10000000,9998244,3162,1e-06,2500,2550,2500,3169,15,1,47535,-2,2009,0
2,d,10000000,9998244,3162,1e-06,2500,2551,2500,648,11,1,7128,253,2013,0
2,d,10000000,9998244,3162,1e-06,2500,2552,2500,663,11,1,7293,878,2013,0
2,d,10000000,9998244,3162,1e-06,2500,2553,2500,648,11,1,7128,1517,2013,0
2,d,10000000,9998244,3162,1e-06,2500,2554,2500,647,11,1,7117,2141,2013,0
2,d,10000000,9998244,3162,1e-06,2500,2555,2500,3170,15,1,47550,-3,2013,0
2,d,10000000,9998244,3162,1e-06,2500,2556,2500,648,11,1,7128,221,2017,0
2,d,10000000,9998244,3162,1e-06,2500,2557,2500,663,11,1,7293,846,2017,0
2,d,10000000,9998244,3162,1e-06,2500,2558,2500,631,11,1,6941,1486,2017,0
2,d,10000000,9998244,3162,1e-06,2500,2559,2500,632,11,1,6952,2093,2017,0
2,d,10000000,9998244,3162,1e-06,2500,2560,2500,3170,15,1,47550,-3,2017,0
2,d,10000000,9998244,3162,1e-06,2500,2561,2500,631,11,1,6941,173,2021,0
2,d,10000000,9998244,3162,1e-06,2500,2562,2500,648,11,1,7128,781,2021,0
2,d,10000000,9998244,3162,1e-06,2500,2563,2500,647,11,1,7117,1405,2021,0
2,d,10000000,9998244,3162,1e-06,2500,2564,2500,679,11,1,7469,2029,2021,0
2,d,10000000,9998244,3162,1e-06,2500,2565,2500,3170,15,1,47550,-3,2021,0
2,d,10000000,9998244,3162,1e-06,2500,2566,2500,644,11,1,7084,158,2025,0
2,d,10000000,9998244,3162,1e-06,2500,2567,2500,648,11,1,7128,781,2025,0
2,d,10000000,9998244,3162,1e-06,2500,2568,2500,648,11,1,7128,1405,2025,0
2,d,10000000,9998244,3162,1e-06,2500,2569,2500,648,11,1,7128,2029,2025,0
2,d,10000000,9998244,3162,1e-06,2500,2570,2500,3169,15,1,47535,-3,2025,0
2,d,10000000,9998244,3162,1e-06,2500,2571,2500,664,11,1,7304,93,2029,0
2,d,10000000,9998244,3162,1e-06,2500,2572,2500,648,11,1,7128,733,2029,0
2,d,10000000,9998244,3162,1e-06,2500,2573,2500,632,11,1,6952,1357,2029,0
2,d,10000000,9998244,3162,1e-06,2500,2574,2500,663,11,1,7293,1966,2029,0
2,d,10000000,9998244,3162,1e-06,2500,2575,2500,3170,15,1,47550,-3,2029,0
2,d,10000000,9998244,3162,1e-06,2500,2576,2500,646,11,1,7106,78,2033,0
2,d,10000000,9998244,3162,1e-06,2500,2577,2500,646,11,1,7106,702,2033,0
2,d,10000000,9998244,3162,1e-06,2500,2578,2500,663,11,1,7293,1325,2033,0
2,d,10000000,9998244,3162,1e-06,2500,2579,2500,648,11,1,7128,1965,2033,0
2,d,10000000,9998244,3162,1e-06,2500,2580,2500,3169,15,1,47535,-2,2033,0
2,d,10000000,9998244,3162,1e-06,2500,2581,2500,645,11,1,7095,77,2037,0
2,d,10000000,9998244,3162,1e-06,2500,2582,2500,632,11,1,6952,701,2037,0
2,d,10000000,9998244,3162,1e-06,2500,2583,2500,660,11,1,7260,1309,2037,0
2,d,10000000,9998244,3162,1e-06,2500,2584,2500,648,11,1,7128,1949,2037,0
2,d,10000000,9998244,3162,1e-06,2500,2585,2500,3170,15,1,47550,-3,2037,0
2,d,10000000,9998244,3162,1e-06,2500,2586,2500,664,11,1,7304,29,2041,0
2,d,10000000,9998244,3162,1e-06,2500,2587,2500,646,11,1,7106,669,2041,0
2,d,10000000,9998244,3162,1e-06,2500,2588,2500,647,11,1,7117,1294,2041,0
2,d,10000000,9998244,3162,1e-06,2500,2589,2500,630,11,1,6930,1918,2041,0
2,d,10000000,9998244,3162,1e-06,2500,2590,2500,3167,14,1,44338,-1,2041,0
2,d,10000000,9998244,3162,1e-06,2500,2591,2500,648,11,1,7128,-3,2045,0
2,d,10000000,9998244,3162,1e-06,2500,2592,2500,658,11,1,7238,622,2045,0
2,d,10000000,9998244,3162,1e-06,2500,2593,2500,648,11,1,7128,1261,2045,0
2,d,10000000,9998244,3162,1e-06,2500,2594,2500,663,11,1,7293,1885,2045,0
2,d,10000000,9998244,3162,1e-06,2500,2595,2500,3170,15,1,47550,-3,2045,0
2,d,10000000,9998244,3162,1e-06,2500,2596,2500,648,11,1,7128,-3,2049,0
2,d,10000000,9998244,3162,1e-06,2500,2597,2500,663,11,1,7293,621,2049,0
2,d,10000000,9998244,3162,1e-06,2500,2598,2500,648,11,1,7128,1261,2049,0
2,d,10000000,9998244,3162,1e-06,2500,2599,2500,676,11,1,7436,1889,2049,0
2,d,10000000,9998244,3162,1e-06,2500,2600,2500,3170,15,1,47550,-3,2049,0
2,d,10000000,9998244,3162,1e-06,2500,2601,2500,632,11,1,6952,-3,2053,0
2,d,10000000,9998244,3162,1e-06,2500,2602,2500,647,11,1,7117,605,2053,0
2,d,10000000,9998244,3162,1e-06,2500,2603,2500,648,11,1,7128,1229,2053,0
2,d,10000000,9998244,3162,1e-06,2500,2604,2500,631,11,1,6941,1854,2053,0
2,d,10000000,9998244,3162,1e-06,2500,2605,2500,661,11,1,7271,2462,2053,0
2,d,10000000,9998244,3162,1e-06,2500,2606,2500,3170,15,1,47550,-3,2053,0
2,d,10000000,9998244,3162,1e-06,2500,2607,2500,663,11,1,7293,542,2057,0
2,d,10000000,9998244,3162,1e-06,2500,2608,2500,655,11,1,7205,1182,2057,0
2,d,10000000,9998244,3162,1e-06,2500,2609,2500,644,11,1,7084,1821,2057,0
2,d,10000000,9998244,3162,1e-06,2500,2610,2500,648,11,1,7128,2445,2057,0
2,d,10000000,9998244,3162,1e-06,2500,2611,2500,3169,15,1,47535,-2,2057,0
2,d,10000000,9998244,3162,1e-06,2500,2612,2500,662,11,1,7282,543,2061,0
2,d,10000000,9998244,3162,1e-06,2500,2613,2500,662,11,1,7282,1182,2061,0
2,d,10000000,9998244,3162,1e-06,2500,2614,2500,647,11,1,7117,1837,2061,0
2,d,10000000,9998244,3162,1e-06,2500,2615,2500,631,11,1,6941,2462,2061,0
2,d,10000000,9998244,3162,1e-06,2500,2616,2500,3170,15,1,47550,-3,2061,0
2,d,10000000,9998244,3162,1e-06,2500,2617,2500,632,11,1,6952,525,2065,0
2,d,10000000,9998244,3162,1e-06,2500,2618,2500,662,11,1,7282,1135,2065,0
2,d,10000000,9998244,3162,1e-06,2500,2619,2500,646,11,1,7106,1773,2065,0
2,d,10000000,9998244,3162,1e-06,2500,2620,2500,647,11,1,7117,2398,2065,0
2,d,10000000,9998244,3162,1e-06,2500,2621,2500,3170,15,1,47550,-3,2065,0
2,d,10000000,9998244,3162,1e-06,2500,2622,2500,631,11,1,6941,478,2069,0
2,d,10000000,9998244,3162,1e-06,2500,2623,2500,663,11,1,7293,1086,2069,0
2,d,10000000,9998244,3162,1e-06,2500,2624,2500,632,11,1,6952,1725,2069,0
2,d,10000000,9998244,3162,1e-06,2500,2625,2500,646,11,1,7106,2335,2069,0
2,d,10000000,9998244,3162,1e-06,2500,2626,2500,3170,15,1,47550,-3,2069,0
2,d,10000000,9998244,3162,1e-06,2500,2627,2500,645,11,1,7095,400,2073,0
2,d,10000000,9998244,3162,1e-06,2500,2628,2500,661,11,1,7271,1021,2073,0
2,d,10000000,9998244,3162,1e-06,2500,2629,2500,647,11,1,7117,1661,2073,0
2,d,10000000,9998244,3162,1e-06,2500,2630,2500,646,11,1,7106,2286,2073,0
2,d,10000000,9998244,3162,1e-06,2500,2631,2500,3170,15,1,47550,-3,2073,0
2,d,10000000,9998244,3162,1e-06,2500,2632,2500,647,11,1,7117,365,2077,0
2,d,10000000,9998244,3162,1e-06,2500,2633,2500,664,11,1,7304,989,2077,0
2,d,10000000,9998244,3162,1e-06,2500,2634,2500,647,11,1,7117,1629,2077,0
2,d,10000000,9998244,3162,1e-06,2500,2635,2500,648,11,1,7128,2253,2077,0
2,d,10000000,9998244,3162,1e-06,2500,2636,2500,3169,15,1,47535,-2,2077,0
2,d,10000000,9998244,3162,1e-06,2500,2637,2500,647,11,1,7117,334,2081,0
2,d,10000000,9998244,3162,1e-06,2500,2638,2500,647,11,1,7117,958,2081,0
2,d,10000000,9998244,3162,1e-06,2500,2639,2500,645,11,1,7095,1583,2081,0
2,d,10000000,9998244,3162,1e-06,2500,2640,2500,632,11,1,6952,2205,2081,0
2,d,10000000,9998244,3162,1e-06,2500,2641,2500,3170,15,1,47550,-3,2081,0
2,d,10000000,9998244,3162,1e-06,2500,2642,2500,677,11,1,7447,256,2085,0
2,d,10000000,9998244,3162,1e-06,2500,2643,2500,646,11,1,7106,911,2085,0
2,d,10000000,9998244,3162,1e-06,2500,2644,2500,629,11,1,6919,1535,2085,0
2,d,10000000,9998244,3162,1e-06,2500,2645,2500,654,11,1,7194,2142,2085,0
2,d,10000000,9998244,3162,1e-06,2500,2646,2500,3170,15,1,47550,-3,2085,0
2,d,10000000,9998244,3162,1e-06,2500,2647,2500,630,11,1,6930,238,2089,0
2,d,10000000,9998244,3162,1e-06,2500,2648,2500,645,11,1,7095,845,2089,0
2,d,10000000,9998244,3162,1e-06,2500,2649,2500,644,11,1,7084,1470,2089,0
2,d,10000000,9998244,3162,1e-06,2500,2650,2500,663,11,1,7293,2093,2089,0
2,d,10000000,9998244,3162,1e-06,2500,2651,2500,3169,15,1,47535,-3,2089,0
2,d,10000000,9998244,3162,1e-06,2500,2652,2500,631,11,1,6941,189,2093,0
2,d,10000000,9998244,3162,1e-06,2500,2653,2500,646,11,1,7106,797,2093,0
2,d,10000000,9998244,3162,1e-06,2500,2654,2500,631,11,1,6941,1422,2093,0
2,d,10000000,9998244,3162,1e-06,2500,2655,2500,647,11,1,7117,2045,2093,0
2,d,10000000,9998244,3162,1e-06,2500,2656,2500,3170,15,1,47550,-3,2093,0
2,d,10000000,9998244,3162,1e-06,2500,2657,2500,648,11,1,7128,157,2097,0
2,d,10000000,9998244,3162,1e-06,2500,2658,2500,648,11,1,7128,781,2097,0
2,d,10000000,9998244,3162,1e-06,2500,2659,2500,646,11,1,7106,1406,2097,0
2,d,10000000,9998244,3162,1e-06,2500,2660,2500,656,11,1,7216,2037,2097,0
2,d,10000000,9998244,3162,1e-06,2500,2661,2500,3170,15,1,47550,-3,2097,0
2,d,10000000,9998244,3162,1e-06,2500,2662,2500,660,11,1,7260,128,2101,0
2,d,10000000,9998244,3162,1e-06,2500,2663,2500,644,11,1,7084,765,2101,0
2,d,10000000,9998244,3162,1e-06,2500,2664,2500,648,11,1,7128,1389,2101,0
2,d,10000000,9998244,3162,1e-06,2500,2665,2500,641,11,1,7051,2020,2101,0
2,d,10000000,9998244,3162,1e-06,2500,2666,2500,3169,15,1,47535,-2,2101,0
2,d,10000000,9998244,3162,1e-06,2500,2667,2500,632,11,1,6952,93,2105,0
2,d,10000000,9998244,3162,1e-06,2500,2668,2500,663,11,1,7293,702,2105,0
2,d,10000000,9998244,3162,1e-06,2500,2669,2500,664,11,1,7304,1341,2105,0
2,d,10000000,9998244,3162,1e-06,2500,2670,2500,629,11,1,6919,1982,2105,0
2,d,10000000,9998244,3162,1e-06,2500,2671,2500,3169,15,1,47535,-2,2105,0
2,d,10000000,9998244,3162,1e-06,2500,2672,2500,632,11,1,6952,45,2109,0
2,d,10000000,9998244,3162,1e-06,2500,2673,2500,647,11,1,7117,654,2109,0
2,d,10000000,9998244,3162,1e-06,2500,2674,2500,647,11,1,7117,1277,2109,0
2,d,10000000,9998244,3162,1e-06,2500,2675,2500,648,11,1,7128,1901,2109,0
2,d,10000000,9998244,3162,1e-06,2500,2676,2500,3170,15,1,47550,-3,2109,0
2,d,10000000,9998244,3162,1e-06,2500,2677,2500,645,11,1,7095,-1,2113,0
2,d,10000000,9998244,3162,1e-06,2500,2678,2500,632,11,1,6952,621,2113,0
2,d,10000000,9998244,3162,1e-06,2500,2679,2500,648,11,1,7128,1229,2113,0
2,d,10000000,9998244,3162,1e-06,2500,2680,2500,643,11,1,7073,1858,2113,0
2,d,10000000,9998244,3162,1e-06,2500,2681,2500,632,11,1,6952,2477,2113,0
2,d,10000000,9998244,3162,1e-06,2500,2682,2500,3170,15,1,47550,-3,2113,0
2,d,10000000,9998244,3162,1e-06,2500,2683,2500,631,11,1,6941,541,2117,0
2,d,10000000,9998244,3162,1e-06,2500,2684,2500,647,11,1,7117,1149,2117,0
2,d,10000000,9998244,3162,1e-06,2500,2685,2500,663,11,1,7293,1773,2117,0
2,d,10000000,9998244,3162,1e-06,2500,2686,2500,632,11,1,6952,2413,2117,0
2,d,10000000,9998244,3162,1e-06,2500,2687,2500,3170,15,1,47550,-3,2117,0
2,d,10000000,9998244,3162,1e-06,2500,2688,2500,647,11,1,7117,478,2121,0
2,d,10000000,9998244,3162,1e-06,2500,2689,2500,646,11,1,7106,1102,2121,0
2,d,10000000,9998244,3162,1e-06,2500,2690,2500,663,11,1,7293,1725,2121,0
2,d,10000000,9998244,3162,1e-06,2500,2691,2500,673,11,1,7403,2369,2121,0
2,d,10000000,9998244,3162,1e-06,2500,2692,2500,3170,15,1,47550,-3,2121,0
2,d,10000000,9998244,3162,1e-06,2500,2693,2500,647,11,1,7117,478,2125,0
2,d,10000000,9998244,3162,1e-06,2500,2694,2500,654,11,1,7194,1111,2125,0
2,d,10000000,9998244,3162,1e-06,2500,2695,2500,680,11,1,7480,1741,2125,0
2,d,10000000,9998244,3162,1e-06,2500,2696,2500,648,11,1,7128,2397,2125,0
2,d,10000000,9998244,3162,1e-06,2500,2697,2500,3170,15,1,47550,-3,2125,0
2,d,10000000,9998244,3162,1e-06,2500,2698,2500,616,11,1,6776,461,2129,0
2,d,10000000,9998244,3162,1e-06,2500,2699,2500,630,11,1,6930,1054,2129,0
2,d,10000000,9998244,3162,1e-06,2500,2700,2500,651,11,1,7161,1674,2129,0
2,d,10000000,9998244,3162,1e-06,2500,2701,2500,658,11,1,7238,2301,2129,0
2,d,10000000,9998244,3162,1e-06,2500,2702,2500,3170,15,1,47550,-3,2129,0
2,d,10000000,9998244,3162,1e-06,2500,2703,2500,648,11,1,7128,397,2133,0
2,d,10000000,9998244,3162,1e-06,2500,2704,2500,662,11,1,7282,1022,2133,0
2,d,10000000,9998244,3162,1e-06,2500,2705,2500,630,11,1,6930,1662,2133,0
2,d,10000000,9998244,3162,1e-06,2500,2706,2500,644,11,1,7084,2269,2133,0
2,d,10000000,9998244,3162,1e-06,2500,2707,2500,3169,15,1,47535,-3,2133,0
2,d,10000000,9998244,3162,1e-06,2500,2708,2500,648,11,1,7128,365,2137,0
2,d,10000000,9998244,3162,1e-06,2500,2709,2500,631,11,1,6941,990,2137,0
2,d,10000000,9998244,3162,1e-06,2500,2710,2500,628,11,1,6908,1601,2137,0
2,d,10000000,9998244,3162,1e-06,2500,2711,2500,632,11,1,6952,2205,2137,0
2,d,10000000,9998244,3162,1e-06,2500,2712,2500,3170,15,1,47550,-3,2137,0
2,d,10000000,9998244,3162,1e-06,2500,2713,2500,644,11,1,7084,256,2141,0
2,d,10000000,9998244,3162,1e-06,2500,2714,2500,648,11,1,7128,877,2141,0
2,d,10000000,9998244,3162,1e-06,2500,2715,2500,660,11,1,7260,1502,2141,0
2,d,10000000,9998244,3162,1e-06,2500,2716,2500,632,11,1,6952,2141,2141,0
2,d,10000000,9998244,3162,1e-06,2500,2717,2500,3170,15,1,47550,-3,2141,0
2,d,10000000,9998244,3162,1e-06,2500,2718,2500,662,11,1,7282,222,2145,0
2,d,10000000,9998244,3162,1e-06,2500,2719,2500,648,11,1,7128,861,2145,0
2,d,10000000,9998244,3162,1e-06,2500,2720,2500,647,11,1,7117,1486,2145,0
2,d,10000000,9998244,3162,1e-06,2500,2721,2500,648,11,1,7128,2109,2145,0
2,d,10000000,9998244,3162,1e-06,2500,2722,2500,3170,15,1,47550,-3,2145,0
2,d,10000000,9998244,3162,1e-06,2500,2723,2500,647,11,1,7117,190,2149,0
2,d,10000000,9998244,3162,1e-06,2500,2724,2500,616,11,1,6776,813,2149,0
2,d,10000000,9998244,3162,1e-06,2500,2725,2500,660,11,1,7260,1407,2149,0
2,d,10000000,9998244,3162,1e-06,2500,2726,2500,645,11,1,7095,2045,2149,0
2,d,10000000,9998244,3162,1e-06,2500,2727,2500,3170,15,1,47550,-3,2149,0
2,d,10000000,9998244,3162,1e-06,2500,2728,2500,662,11,1,7282,111,2153,0
2,d,10000000,9998244,3162,1e-06,2500,2729,2500,658,11,1,7238,751,2153,0
2,d,10000000,9998244,3162,1e-06,2500,2730,2500,632,11,1,6952,1389,2153,0
2,d,10000000,9998244,3162,1e-06,2500,2731,2500,639,11,1,7029,1997,2153,0
2,d,10000000,9998244,3162,1e-06,2500,2732,2500,3170,15,1,47550,-3,2153,0
2,d,10000000,9998244,3162,1e-06,2500,2733,2500,664,11,1,7304,77,2157,0
2,d,10000000,9998244,3162,1e-06,2500,2734,2500,663,11,1,7293,718,2157,0
2,d,10000000,9998244,3162,1e-06,2500,2735,2500,647,11,1,7117,1357,2157,0
2,d,10000000,9998244,3162,1e-06,2500,2736,2500,664,11,1,7304,1981,2157,0
2,d,10000000,9998244,3162,1e-06,2500,2737,2500,3169,15,1,47535,-2,2157,0
2,d,10000000,9998244,3162,1e-06,2500,2738,2500,647,11,1,7117,77,2161,0
2,d,10000000,9998244,3162,1e-06,2500,2739,2500,647,11,1,7117,701,2161,0
2,d,10000000,9998244,3162,1e-06,2500,2740,2500,648,11,1,7128,1325,2161,0
2,d,10000000,9998244,3162,1e-06,2500,2741,2500,663,11,1,7293,1949,2161,0
2,d,10000000,9998244,3162,1e-06,2500,2742,2500,3170,15,1,47550,-3,2161,0
2,d,10000000,9998244,3162,1e-06,2500,2743,2500,648,11,1,7128,45,2165,0
2,d,10000000,9998244,3162,1e-06,2500,2744,2500,648,11,1,7128,669,2165,0
2,d,10000000,9998244,3162,1e-06,2500,2745,2500,646,11,1,7106,1294,2165,0
2,d,10000000,9998244,3162,1e-06,2500,2746,2500,632,11,1,6952,1917,2165,0
2,d,10000000,9998244,3162,1e-06,2500,2747,2500,3168,15,1,47520,-1,2165,0
2,d,10000000,9998244,3162,1e-06,2500,2748,2500,632,11,1,6952,-3,2169,0
2,d,10000000,9998244,3162,1e-06,2500,2749,2500,647,11,1,7117,621,2169,0
2,d,10000000,9998244,3162,1e-06,2500,2750,2500,648,11,1,7128,1245,2169,0
2,d,10000000,9998244,3162,1e-06,2500,2751,2500,648,11,1,7128,1869,2169,0
2,d,10000000,9998244,3162,1e-06,2500,2752,2500,646,11,1,7106,2495,2169,0
2,d,10000000,9998244,3162,1e-06,2500,2753,2500,3170,15,1,47550,-3,2169,0
2,d,10000000,9998244,3162,1e-06,2500,2754,2500,632,11,1,6952,573,2173,0
2,d,10000000,9998244,3162,1e-06,2500,2755,2500,663,11,1,7293,1181,2173,0
2,d,10000000,9998244,3162,1e-06,2500,2756,2500,648,11,1,7128,1821,2173,0
2,d,10000000,9998244,3162,1e-06,2500,2757,2500,663,11,1,7293,2445,2173,0
2,d,10000000,9998244,3162,1e-06,2500,2758,2500,3170,15,1,47550,-3,2173,0
2,d,10000000,9998244,3162,1e-06,2500,2759,2500,643,11,1,7073,529,2177,0
2,d,10000000,9998244,3162,1e-06,2500,2760,2500,648,11,1,7128,1149,2177,0
2,d,10000000,9998244,3162,1e-06,2500,2761,2500,680,11,1,7480,1773,2177,0
2,d,10000000,9998244,3162,1e-06,2500,2762,2500,646,11,1,7106,2430,2177,0
2,d,10000000,9998244,3162,1e-06,2500,2763,2500,3170,15,1,47550,-3,2177,0
2,d,10000000,9998244,3162,1e-06,2500,2764,2500,646,11,1,7106,510,2181,0
2,d,10000000,9998244,3162,1e-06,2500,2765,2500,646,11,1,7106,1133,2181,0
2,d,10000000,9998244,3162,1e-06,2500,2766,2500,647,11,1,7117,1757,2181,0
2,d,10000000,9998244,3162,1e-06,2500,2767,2500,664,11,1,7304,2381,2181,0
2,d,10000000,9998244,3162,1e-06,2500,2768,2500,3170,15,1,47550,-3,2181,0
2,d,10000000,9998244,3162,1e-06,2500,2769,2500,648,11,1,7128,493,2185,0
2,d,10000000,9998244,3162,1e-06,2500,2770,2500,648,11,1,7128,1117,2185,0
2,d,10000000,9998244,3162,1e-06,2500,2771,2500,647,11,1,7117,1741,2185,0
2,d,10000000,9998244,3162,1e-06,2500,2772,2500,646,11,1,7106,2365,2185,0
2,d,10000000,9998244,3162,1e-06,2500,2773,2500,3170,15,1,47550,-3,2185,0
2,d,10000000,9998244,3162,1e-06,2500,2774,2500,663,11,1,7293,461,2189,0
2,d,10000000,9998244,3162,1e-06,2500,2775,2500,648,11,1,7128,1101,2189,0
2,d,10000000,9998244,3162,1e-06,2500,2776,2500,663,11,1,7293,1725,2189,0
2,d,10000000,9998244,3162,1e-06,2500,2777,2500,646,11,1,7106,2365,2189,0
2,d,10000000,9998244,3162,1e-06,2500,2778,2500,3169,15,1,47535,-3,2189,0
2,d,10000000,9998244,3162,1e-06,2500,2779,2500,663,11,1,7293,429,2193,0
2,d,10000000,9998244,3162,1e-06,2500,2780,2500,647,11,1,7117,1069,2193,0
2,d,10000000,9998244,3162,1e-06,2500,2781,2500,648,11,1,7128,1693,2193,0
2,d,10000000,9998244,3162,1e-06,2500,2782,2500,648,11,1,7128,2317,2193,0
2,d,10000000,9998244,3162,1e-06,2500,2783,2500,3170,15,1,47550,-3,2193,0
2,d,10000000,9998244,3162,1e-06,2500,2784,2500,630,11,1,6930,415,2197,0
2,d,10000000,9998244,3162,1e-06,2500,2785,2500,648,11,1,7128,1021,2197,0
2,d,10000000,9998244,3162,1e-06,2500,2786,2500,647,11,1,7117,1646,2197,0
2,d,10000000,9998244,3162,1e-06,2500,2787,2500,632,11,1,6952,2269,2197,0
2,d,10000000,9998244,3162,1e-06,2500,2788,2500,3170,15,1,47550,-3,2197,0
2,d,10000000,9998244,3162,1e-06,2500,2789,2500,648,11,1,7128,349,2201,0
2,d,10000000,9998244,3162,1e-06,2500,2790,2500,648,11,1,7128,973,2201,0
2,d,10000000,9998244,3162,1e-06,2500,2791,2500,648,11,1,7128,1597,2201,0
2,d,10000000,9998244,3162,1e-06,2500,2792,2500,661,11,1,7271,2223,2201,0
2,d,10000000,9998244,3162,1e-06,2500,2793,2500,3170,15,1,47550,-3,2201,0
2,d,10000000,9998244,3162,1e-06,2500,2794,2500,646,11,1,7106,349,2205,0
2,d,10000000,9998244,3162,1e-06,2500,2795,2500,630,11,1,6930,973,2205,0
2,d,10000000,9998244,3162,1e-06,2500,2796,2500,647,11,1,7117,1581,2205,0
2,d,10000000,9998244,3162,1e-06,2500,2797,2500,654,11,1,7194,2206,2205,0
2,d,10000000,9998244,3162,1e-06,2500,2798,2500,3168,15,1,47520,-2,2205,0
2,d,10000000,9998244,3162,1e-06,2500,2799,2500,660,11,1,7260,287,2209,0
2,d,10000000,9998244,3162,1e-06,2500,2800,2500,648,11,1,7128,925,2209,0
2,d,10000000,9998244,3162,1e-06,2500,2801,2500,663,11,1,7293,1549,2209,0
2,d,10000000,9998244,3162,1e-06,2500,2802,2500,648,11,1,7128,2189,2209,0
2,d,10000000,9998244,3162,1e-06,2500,2803,2500,3169,15,1,47535,-2,2209,0
2,d,10000000,9998244,3162,1e-06,2500,2804,2500,647,11,1,7117,285,2213,0
2,d,10000000,9998244,3162,1e-06,2500,2805,2500,663,11,1,7293,909,2213,0
2,d,10000000,9998244,3162,1e-06,2500,2806,2500,648,11,1,7128,1549,2213,0
2,d,10000000,9998244,3162,1e-06,2500,2807,2500,648,11,1,7128,2173,2213,0
2,d,10000000,9998244,3162,1e-06,2500,2808,2500,3170,15,1,47550,-3,2213,0
2,d,10000000,9998244,3162,1e-06,2500,2809,2500,648,11,1,7128,237,2217,0
2,d,10000000,9998244,3162,1e-06,2500,2810,2500,647,11,1,7117,861,2217,0
2,d,10000000,9998244,3162,1e-06,2500,2811,2500,648,11,1,7128,1485,2217,0
2,d,10000000,9998244,3162,1e-06,2500,2812,2500,647,11,1,7117,2110,2217,0
2,d,10000000,9998244,3162,1e-06,2500,2813,2500,3170,15,1,47550,-3,2217,0
2,d,10000000,9998244,3162,1e-06,2500,2814,2500,630,11,1,6930,191,2221,0
2,d,10000000,9998244,3162,1e-06,2500,2815,2500,644,11,1,7084,801,2221,0
2,d,10000000,9998244,3162,1e-06,2500,2816,2500,664,11,1,7304,1421,2221,0
2,d,10000000,9998244,3162,1e-06,2500,2817,2500,647,11,1,7117,2062,2221,0
2,d,10000000,9998244,3162,1e-06,2500,2818,2500,3170,15,1,47550,-3,2221,0
2,d,10000000,9998244,3162,1e-06,2500,2819,2500,645,11,1,7095,144,2225,0
2,d,10000000,9998244,3162,1e-06,2500,2820,2500,663,11,1,7293,765,2225,0
2,d,10000000,9998244,3162,1e-06,2500,2821,2500,661,11,1,7271,1405,2225,0
2,d,10000000,9998244,3162,1e-06,2500,2822,2500,660,11,1,7260,2046,2225,0
2,d,10000000,9998244,3162,1e-06,2500,2823,2500,3170,15,1,47550,-3,2225,0
2,d,10000000,9998244,3162,1e-06,2500,2824,2500,632,11,1,6952,141,2229,0
2,d,10000000,9998244,3162,1e-06,2500,2825,2500,632,11,1,6952,749,2229,0
2,d,10000000,9998244,3162,1e-06,2500,2826,2500,661,11,1,7271,1360,2229,0
2,d,10000000,9998244,3162,1e-06,2500,2827,2500,647,11,1,7117,1997,2229,0
2,d,10000000,9998244,3162,1e-06,2500,2828,2500,3170,15,1,47550,-3,2229,0
2,d,10000000,9998244,3162,1e-06,2500,2829,2500,647,11,1,7117,78,2233,0
2,d,10000000,9998244,3162,1e-06,2500,2830,2500,663,11,1,7293,701,2233,0
2,d,10000000,9998244,3162,1e-06,2500,2831,2500,647,11,1,7117,1341,2233,0
2,d,10000000,9998244,3162,1e-06,2500,2832,2500,631,11,1,6941,1966,2233,0
2,d,10000000,9998244,3162,1e-06,2500,2833,2500,3170,15,1,47550,-3,2233,0
2,d,10000000,9998244,3162,1e-06,2500,2834,2500,648,11,1,7128,61,2237,0
2,d,10000000,9998244,3162,1e-06,2500,2835,2500,647,11,1,7117,686,2237,0
2,d,10000000,9998244,3162,1e-06,2500,2836,2500,647,11,1,7117,1309,2237,0
2,d,10000000,9998244,3162,1e-06,2500,2837,2500,659,11,1,7249,1934,2237,0
2,d,10000000,9998244,3162,1e-06,2500,2838,2500,3170,15,1,47550,-3,2237,0
2,d,10000000,9998244,3162,1e-06,2500,2839,2500,647,11,1,7117,29,2241,0
2,d,10000000,9998244,3162,1e-06,2500,2840,2500,647,11,1,7117,654,2241,0
2,d,10000000,9998244,3162,1e-06,2500,2841,2500,664,11,1,7304,1277,2241,0
2,d,10000000,9998244,3162,1e-06,2500,2842,2500,615,11,1,6765,1917,2241,0
2,d,10000000,9998244,3162,1e-06,2500,2843,2500,648,11,1,7128,2518,2241,0
2,d,10000000,9998244,3162,1e-06,2500,2844,2500,3170,15,1,47550,-3,2241,0
2,d,10000000,9998244,3162,1e-06,2500,2845,2500,647,11,1,7117,605,2245,0
2,d,10000000,9998244,3162,1e-06,2500,2846,2500,647,11,1,7117,1229,2245,0
2,d,10000000,9998244,3162,1e-06,2500,2847,2500,648,11,1,7128,1853,2245,0
2,d,10000000,9998244,3162,1e-06,2500,2848,2500,647,11,1,7117,2477,2245,0
2,d,10000000,9998244,3162,1e-06,2500,2849,2500,3170,15,1,47550,-3,2245,0
2,d,10000000,9998244,3162,1e-06,2500,2850,2500,662,11,1,7282,543,2249,0
2,d,10000000,9998244,3162,1e-06,2500,2851,2500,631,11,1,6941,1182,2249,0
2,d,10000000,9998244,3162,1e-06,2500,2852,2500,656,11,1,7216,1798,2249,0
2,d,10000000,9998244,3162,1e-06,2500,2853,2500,648,11,1,7128,2445,2249,0
2,d,10000000,9998244,3162,1e-06,2500,2854,2500,3169,15,1,47535,-2,2249,0
2,d,10000000,9998244,3162,1e-06,2500,2855,2500,648,11,1,7128,541,2253,0
2,d,10000000,9998244,3162,1e-06,2500,2856,2500,645,11,1,7095,1168,2253,0
2,d,10000000,9998244,3162,1e-06,2500,2857,2500,658,11,1,7238,1790,2253,0
2,d,10000000,9998244,3162,1e-06,2500,2858,2500,646,11,1,7106,2429,2253,0
2,d,10000000,9998244,3162,1e-06,2500,2859,2500,3169,15,1,47535,-2,2253,0
2,d,10000000,9998244,3162,1e-06,2500,2860,2500,648,11,1,7128,509,2257,0
2,d,10000000,9998244,3162,1e-06,2500,2861,2500,630,11,1,6930,1135,2257,0
2,d,10000000,9998244,3162,1e-06,2500,2862,2500,664,11,1,7304,1741,2257,0
2,d,10000000,9998244,3162,1e-06,2500,2863,2500,648,11,1,7128,2381,2257,0
2,d,10000000,9998244,3162,1e-06,2500,2864,2500,3170,15,1,47550,-3,2257,0
2,d,10000000,9998244,3162,1e-06,2500,2865,2500,663,11,1,7293,461,2261,0
2,d,10000000,9998244,3162,1e-06,2500,2866,2500,648,11,1,7128,1101,2261,0
2,d,10000000,9998244,3162,1e-06,2500,2867,2500,647,11,1,7117,1726,2261,0
2,d,10000000,9998244,3162,1e-06,2500,2868,2500,645,11,1,7095,2349,2261,0
2,d,10000000,9998244,3162,1e-06,2500,2869,2500,3170,15,1,47550,-3,2261,0
2,d,10000000,9998244,3162,1e-06,2500,2870,2500,632,11,1,6952,429,2265,0
2,d,10000000,9998244,3162,1e-06,2500,2871,2500,648,11,1,7128,1037,2265,0
2,d,10000000,9998244,3162,1e-06,2500,2872,2500,643,11,1,7073,1664,2265,0
2,d,10000000,9998244,3162,1e-06,2500,2873,2500,647,11,1,7117,2285,2265,0
2,d,10000000,9998244,3162,1e-06,2500,2874,2500,3170,15,1,47550,-3,2265,0
2,d,10000000,9998244,3162,1e-06,2500,2875,2500,663,11,1,7293,366,2269,0
2,d,10000000,9998244,3162,1e-06,2500,2876,2500,679,11,1,7469,1006,2269,0
2,d,10000000,9998244,3162,1e-06,2500,2877,2500,647,11,1,7117,1662,2269,0
2,d,10000000,9998244,3162,1e-06,2500,2878,2500,645,11,1,7095,2288,2269,0
2,d,10000000,9998244,3162,1e-06,2500,2879,2500,3170,15,1,47550,-3,2269,0
2,d,10000000,9998244,3162,1e-06,2500,2880,2500,632,11,1,6952,381,2273,0
2,d,10000000,9998244,3162,1e-06,2500,2881,2500,658,11,1,7238,992,2273,0
2,d,10000000,9998244,3162,1e-06,2500,2882,2500,631,11,1,6941,1630,2273,0
2,d,10000000,9998244,3162,1e-06,2500,2883,2500,649,11,1,7139,2250,2273,0
2,d,10000000,9998244,3162,1e-06,2500,2884,2500,3170,15,1,47550,-3,2273,0
2,d,10000000,9998244,3162,1e-06,2500,2885,2500,648,11,1,7128,333,2277,0
2,d,10000000,9998244,3162,1e-06,2500,2886,2500,631,11,1,6941,958,2277,0
2,d,10000000,9998244,3162,1e-06,2500,2887,2500,632,11,1,6952,1565,2277,0
2,d,10000000,9998244,3162,1e-06,2500,2888,2500,632,11,1,6952,2173,2277,0
2,d,10000000,9998244,3162,1e-06,2500,2889,2500,3170,15,1,47550,-3,2277,0
2,d,10000000,9998244,3162,1e-06,2500,2890,2500,647,11,1,7117,254,2281,0
2,d,10000000,9998244,3162,1e-06,2500,2891,2500,630,11,1,6930,879,2281,0
2,d,10000000,9998244,3162,1e-06,2500,2892,2500,639,11,1,7029,1494,2281,0
2,d,10000000,9998244,3162,1e-06,2500,2893,2500,664,11,1,7304,2109,2281,0
2,d,10000000,9998244,3162,1e-06,2500,2894,2500,3170,15,1,47550,-3,2281,0
2,d,10000000,9998244,3162,1e-06,2500,2895,2500,662,11,1,7282,206,2285,0
2,d,10000000,9998244,3162,1e-06,2500,2896,2500,664,11,1,7304,845,2285,0
2,d,10000000,9998244,3162,1e-06,2500,2897,2500,648,11,1,7128,1485,2285,0
2,d,10000000,9998244,3162,1e-06,2500,2898,2500,648,11,1,7128,2109,2285,0
2,d,10000000,9998244,3162,1e-06,2500,2899,2500,3170,15,1,47550,-3,2285,0
2,d,10000000,9998244,3162,1e-06,2500,2900,2500,646,11,1,7106,206,2289,0
2,d,10000000,9998244,3162,1e-06,2500,2901,2500,646,11,1,7106,829,2289,0
2,d,10000000,9998244,3162,1e-06,2500,2902,2500,648,11,1,7128,1453,2289,0
2,d,10000000,9998244,3162,1e-06,2500,2903,2500,646,11,1,7106,2078,2289,0
2,d,10000000,9998244,3162,1e-06,2500,2904,2500,3170,15,1,47550,-3,2289,0
2,d,10000000,9998244,3162,1e-06,2500,2905,2500,648,11,1,7128,173,2293,0
2,d,10000000,9998244,3162,1e-06,2500,2906,2500,632,11,1,6952,797,2293,0
2,d,10000000,9998244,3162,1e-06,2500,2907,2500,646,11,1,7106,1421,2293,0
2,d,10000000,9998244,3162,1e-06,2500,2908,2500,664,11,1,7304,2045,2293,0
2,d,10000000,9998244,3162,1e-06,2500,2909,2500,3169,15,1,47535,-2,2293,0
2,d,10000000,9998244,3162,1e-06,2500,2910,2500,656,11,1,7216,114,2297,0
2,d,10000000,9998244,3162,1e-06,2500,2911,2500,632,11,1,6952,749,2297,0
2,d,10000000,9998244,3162,1e-06,2500,2912,2500,659,11,1,7249,1357,2297,0
2,d,10000000,9998244,3162,1e-06,2500,2913,2500,647,11,1,7117,1997,2297,0
2,d,10000000,9998244,3162,1e-06,2500,2914,2500,3170,15,1,47550,-3,2297,0
2,d,10000000,9998244,3162,1e-06,2500,2915,2500,632,11,1,6952,77,2301,0
2,d,10000000,9998244,3162,1e-06,2500,2916,2500,648,11,1,7128,685,2301,0
2,d,10000000,9998244,3162,1e-06,2500,2917,2500,660,11,1,7260,1311,2301,0
2,d,10000000,9998244,3162,1e-06,2500,2918,2500,632,11,1,6952,1949,2301,0
2,d,10000000,9998244,3162,1e-06,2500,2919,2500,3170,15,1,47550,-3,2301,0
2,d,10000000,9998244,3162,1e-06,2500,2920,2500,647,11,1,7117,13,2305,0
2,d,10000000,9998244,3162,1e-06,2500,2921,2500,647,11,1,7117,637,2305,0
2,d,10000000,9998244,3162,1e-06,2500,2922,2500,647,11,1,7117,1261,2305,0
2,d,10000000,9998244,3162,1e-06,2500,2923,2500,646,11,1,7106,1887,2305,0
2,d,10000000,9998244,3162,1e-06,2500,2924,2500,631,11,1,6941,2510,2305,0
2,d,10000000,9998244,3162,1e-06,2500,2925,2500,3170,15,1,47550,-3,2305,0
2,d,10000000,9998244,3162,1e-06,2500,2926,2500,632,11,1,6952,605,2309,0
2,d,10000000,9998244,3162,1e-06,2500,2927,2500,675,11,1,7425,1216,2309,0
2,d,10000000,9998244,3162,1e-06,2500,2928,2500,647,11,1,7117,1870,2309,0
2,d,10000000,9998244,3162,1e-06,2500,2929,2500,646,11,1,7106,2495,2309,0
2,d,10000000,9998244,3162,1e-06,2500,2930,2500,3170,15,1,47550,-3,2309,0
2,d,10000000,9998244,3162,1e-06,2500,2931,2500,664,11,1,7304,589,2313,0
2,d,10000000,9998244,3162,1e-06,2500,2932,2500,647,11,1,7117,1229,2313,0
2,d,10000000,9998244,3162,1e-06,2500,2933,2500,657,11,1,7227,1857,2313,0
2,d,10000000,9998244,3162,1e-06,2500,2934,2500,632,11,1,6952,2493,2313,0
2,d,10000000,9998244,3162,1e-06,2500,2935,2500,3169,15,1,47535,-2,2313,0
2,d,10000000,9998244,3162,1e-06,2500,2936,2500,648,11,1,7128,573,2317,0
2,d,10000000,9998244,3162,1e-06,2500,2937,2500,632,11,1,6952,1197,2317,0
2,d,10000000,9998244,3162,1e-06,2500,2938,2500,647,11,1,7117,1806,2317,0
2,d,10000000,9998244,3162,1e-06,2500,2939,2500,662,11,1,7282,2429,2317,0
2,d,10000000,9998244,3162,1e-06,2500,2940,2500,3170,15,1,47550,-3,2317,0
2,d,10000000,9998244,3162,1e-06,2500,2941,2500,632,11,1,6952,509,2321,0
2,d,10000000,9998244,3162,1e-06,2500,2942,2500,645,11,1,7095,1117,2321,0
2,d,10000000,9998244,3162,1e-06,2500,2943,2500,647,11,1,7117,1741,2321,0
2,d,10000000,9998244,3162,1e-06,2500,2944,2500,637,11,1,7007,2376,2321,0
2,d,10000000,9998244,3162,1e-06,2500,2945,2500,3170,15,1,47550,-3,2321,0
2,d,10000000,9998244,3162,1e-06,2500,2946,2500,647,11,1,7117,461,2325,0
2,d,10000000,9998244,3162,1e-06,2500,2947,2500,663,11,1,7293,1085,2325,0
2,d,10000000,9998244,3162,1e-06,2500,2948,2500,646,11,1,7106,1725,2325,0
2,d,10000000,9998244,3162,1e-06,2500,2949,2500,631,11,1,6941,2350,2325,0
2,d,10000000,9998244,3162,1e-06,2500,2950,2500,3170,15,1,47550,-3,2325,0
2,d,10000000,9998244,3162,1e-06,2500,2951,2500,660,11,1,7260,416,2329,0
2,d,10000000,9998244,3162,1e-06,2500,2952,2500,662,11,1,7282,1053,2329,0
2,d,10000000,9998244,3162,1e-06,2500,2953,2500,632,11,1,6952,1693,2329,0
2,d,10000000,9998244,3162,1e-06,2500,2954,2500,663,11,1,7293,2302,2329,0
2,d,10000000,9998244,3162,1e-06,2500,2955,2500,3170,15,1,47550,-3,2329,0
2,d,10000000,9998244,3162,1e-06,2500,2956,2500,660,11,1,7260,414,2333,0
2,d,10000000,9998244,3162,1e-06,2500,2957,2500,632,11,1,6952,1053,2333,0
2,d,10000000,9998244,3162,1e-06,2500,2958,2500,646,11,1,7106,1662,2333,0
2,d,10000000,9998244,3162,1e-06,2500,2959,2500,648,11,1,7128,2285,2333,0
2,d,10000000,9998244,3162,1e-06,2500,2960,2500,3170,15,1,47550,-3,2333,0
2,d,10000000,9998244,3162,1e-06,2500,2961,2500,647,11,1,7117,365,2337,0
2,d,10000000,9998244,3162,1e-06,2500,2962,2500,632,11,1,6952,989,2337,0
2,d,10000000,9998244,3162,1e-06,2500,2963,2500,626,11,1,6886,1603,2337,0
2,d,10000000,9998244,3162,1e-06,2500,2964,2500,631,11,1,6941,2205,2337,0
2,d,10000000,9998244,3162,1e-06,2500,2965,2500,3170,15,1,47550,-3,2337,0
2,d,10000000,9998244,3162,1e-06,2500,2966,2500,632,11,1,6952,285,2341,0
2,d,10000000,9998244,3162,1e-06,2500,2967,2500,632,11,1,6952,909,2341,0
2,d,10000000,9998244,3162,1e-06,2500,2968,2500,648,11,1,7128,1517,2341,0
2,d,10000000,9998244,3162,1e-06,2500,2969,2500,663,11,1,7293,2142,2341,0
2,d,10000000,9998244,3162,1e-06,2500,2970,2500,3170,15,1,47550,-3,2341,0
2,d,10000000,9998244,3162,1e-06,2500,2971,2500,647,11,1,7117,254,2345,0
2,d,10000000,9998244,3162,1e-06,2500,2972,2500,648,11,1,7128,877,2345,0
2,d,10000000,9998244,3162,1e-06,2500,2973,2500,646,11,1,7106,1501,2345,0
2,d,10000000,9998244,3162,1e-06,2500,2974,2500,663,11,1,7293,2125,2345,0
2,d,10000000,9998244,3162,1e-06,2500,2975,2500,3170,15,1,47550,-3,2345,0
2,d,10000000,9998244,3162,1e-06,2500,2976,2500,647,11,1,7117,237,2349,0
2,d,10000000,9998244,3162,1e-06,2500,2977,2500,647,11,1,7117,861,2349,0
2,d,10000000,9998244,3162,1e-06,2500,2978,2500,648,11,1,7128,1485,2349,0
2,d,10000000,9998244,3162,1e-06,2500,2979,2500,658,11,1,7238,2114,2349,0
2,d,10000000,9998244,3162,1e-06,2500,2980,2500,3169,15,1,47535,-3,2349,0
2,d,10000000,9998244,3162,1e-06,2500,2981,2500,631,11,1,6941,221,2353,0
2,d,10000000,9998244,3162,1e-06,2500,2982,2500,632,11,1,6952,829,2353,0
2,d,10000000,9998244,3162,1e-06,2500,2983,2500,659,11,1,7249,1442,2353,0
2,d,10000000,9998244,3162,1e-06,2500,2984,2500,646,11,1,7106,2078,2353,0
2,d,10000000,9998244,3162,1e-06,2500,2985,2500,3170,15,1,47550,-3,2353,0
2,d,10000000,9998244,3162,1e-06,2500,2986,2500,631,11,1,6941,157,2357,0
2,d,10000000,9998244,3162,1e-06,2500,2987,2500,636,11,1,6996,777,2357,0
2,d,10000000,9998244,3162,1e-06,2500,2988,2500,644,11,1,7084,1391,2357,0
2,d,10000000,9998244,3162,1e-06,2500,2989,2500,647,11,1,7117,2014,2357,0
2,d,10000000,9998244,3162,1e-06,2500,2990,2500,3170,15,1,47550,-3,2357,0
2,d,10000000,9998244,3162,1e-06,2500,2991,2500,663,11,1,7293,110,2361,0
2,d,10000000,9998244,3162,1e-06,2500,2992,2500,659,11,1,7249,754,2361,0
2,d,10000000,9998244,3162,1e-06,2500,2993,2500,662,11,1,7282,1391,2361,0
2,d,10000000,9998244,3162,1e-06,2500,2994,2500,656,11,1,7216,2037,2361,0
2,d,10000000,9998244,3162,1e-06,2500,2995,2500,3170,15,1,47550,-3,2361,0
2,d,10000000,9998244,3162,1e-06,2500,2996,2500,661,11,1,7271,144,2365,0
2,d,10000000,9998244,3162,1e-06,2500,2997,2500,647,11,1,7117,781,2365,0
2,d,10000000,9998244,3162,1e-06,2500,2998,2500,632,11,1,6952,1405,2365,0
2,d,10000000,9998244,3162,1e-06,2500,2999,2500,648,11,1,7128,2013,2365,0
2,d,10000000,9998244,3162,1e-06,2500,3000,2500,3170,15,1,47550,-3,2365,0
2,d,10000000,9998244,3162,1e-06,2500,3001,2500,648,11,1,7128,93,2369,0
2,d,10000000,9998244,3162,1e-06,2500,3002,2500,642,11,1,7062,717,2369,0
2,d,10000000,9998244,3162,1e-06,2500,3003,2500,646,11,1,7106,1341,2369,0
2,d,10000000,9998244,3162,1e-06,2500,3004,2500,648,11,1,7128,1965,2369,0
2,d,10000000,9998244,3162,1e-06,2500,3005,2500,3170,15,1,47550,-3,2369,0
2,d,10000000,9998244,3162,1e-06,2500,3006,2500,647,11,1,7117,46,2373,0
2,d,10000000,9998244,3162,1e-06,2500,3007,2500,663,11,1,7293,670,2373,0
2,d,10000000,9998244,3162,1e-06,2500,3008,2500,648,11,1,7128,1309,2373,0
2,d,10000000,9998244,3162,1e-06,2500,3009,2500,647,11,1,7117,1934,2373,0
2,d,10000000,9998244,3162,1e-06,2500,3010,2500,3170,15,1,47550,-3,2373,0
2,d,10000000,9998244,3162,1e-06,2500,3011,2500,663,11,1,7293,14,2377,0
2,d,10000000,9998244,3162,1e-06,2500,3012,2500,647,11,1,7117,653,2377,0
2,d,10000000,9998244,3162,1e-06,2500,3013,2500,647,11,1,7117,1277,2377,0
2,d,10000000,9998244,3162,1e-06,2500,3014,2500,664,11,1,7304,1901,2377,0
2,d,10000000,9998244,3162,1e-06,2500,3015,2500,3169,15,1,47535,-2,2377,0
2,d,10000000,9998244,3162,1e-06,2500,3016,2500,647,11,1,7117,14,2381,0
2,d,10000000,9998244,3162,1e-06,2500,3017,2500,629,11,1,6919,638,2381,0
2,d,10000000,9998244,3162,1e-06,2500,3018,2500,658,11,1,7238,1246,2381,0
2,d,10000000,9998244,3162,1e-06,2500,3019,2500,629,11,1,6919,1886,2381,0
2,d,10000000,9998244,3162,1e-06,2500,3020,2500,632,11,1,6952,2493,2381,0
2,d,10000000,9998244,3162,1e-06,2500,3021,2500,3170,15,1,47550,-3,2381,0
2,d,10000000,9998244,3162,1e-06,2500,3022,2500,630,11,1,6930,574,2385,0
2,d,10000000,9998244,3162,1e-06,2500,3023,2500,663,11,1,7293,1181,2385,0
2,d,10000000,9998244,3162,1e-06,2500,3024,2500,647,11,1,7117,1822,2385,0
2,d,10000000,9998244,3162,1e-06,2500,3025,2500,647,11,1,7117,2445,2385,0
2,d,10000000,9998244,3162,1e-06,2500,3026,2500,3170,15,1,47550,-3,2385,0
2,d,10000000,9998244,3162,1e-06,2500,3027,2500,663,11,1,7293,526,2389,0
2,d,10000000,9998244,3162,1e-06,2500,3028,2500,647,11,1,7117,1166,2389,0
2,d,10000000,9998244,3162,1e-06,2500,3029,2500,647,11,1,7117,1790,2389,0
2,d,10000000,9998244,3162,1e-06,2500,3030,2500,646,11,1,7106,2414,2389,0
2,d,10000000,9998244,3162,1e-06,2500,3031,2500,3169,15,1,47535,-2,2389,0
2,d,10000000,9998244,3162,1e-06,2500,3032,2500,631,11,1,6941,510,2393,0
2,d,10000000,9998244,3162,1e-06,2500,3033,2500,661,11,1,7271,1120,2393,0
2,d,10000000,9998244,3162,1e-06,2500,3034,2500,664,11,1,7304,1757,2393,0
2,d,10000000,9998244,3162,1e-06,2500,3035,2500,647,11,1,7117,2397,2393,0
2,d,10000000,9998244,3162,1e-06,2500,3036,2500,3170,15,1,47550,-3,2393,0
2,d,10000000,9998244,3162,1e-06,2500,3037,2500,647,11,1,7117,493,2397,0
2,d,10000000,9998244,3162,1e-06,2500,3038,2500,647,11,1,7117,1118,2397,0
2,d,10000000,9998244,3162,1e-06,2500,3039,2500,661,11,1,7271,1744,2397,0
2,d,10000000,9998244,3162,1e-06,2500,3040,2500,630,11,1,6930,2381,2397,0
2,d,10000000,9998244,3162,1e-06,2500,3041,2500,3170,15,1,47550,-3,2397,0
2,d,10000000,9998244,3162,1e-06,2500,3042,2500,631,11,1,6941,445,2401,0
2,d,10000000,9998244,3162,1e-06,2500,3043,2500,647,11,1,7117,1053,2401,0
2,d,10000000,9998244,3162,1e-06,2500,3044,2500,647,11,1,7117,1677,2401,0
2,d,10000000,9998244,3162,1e-06,2500,3045,2500,647,11,1,7117,2301,2401,0
2,d,10000000,9998244,3162,1e-06,2500,3046,2500,3169,15,1,47535,-3,2401,0
2,d,10000000,9998244,3162,1e-06,2500,3047,2500,641,11,1,7051,382,2405,0
2,d,10000000,9998244,3162,1e-06,2500,3048,2500,647,11,1,7117,1006,2405,0
2,d,10000000,9998244,3162,1e-06,2500,3049,2500,648,11,1,7128,1629,2405,0
2,d,10000000,9998244,3162,1e-06,2500,3050,2500,663,11,1,7293,2254,2405,0
2,d,10000000,9998244,3162,1e-06,2500,3051,2500,3170,15,1,47550,-3,2405,0
2,d,10000000,9998244,3162,1e-06,2500,3052,2500,653,11,1,7183,365,2409,0
2,d,10000000,9998244,3162,1e-06,2500,3053,2500,646,11,1,7106,1005,2409,0
2,d,10000000,9998244,3162,1e-06,2500,3054,2500,632,11,1,6952,1629,2409,0
2,d,10000000,9998244,3162,1e-06,2500,3055,2500,648,11,1,7128,2237,2409,0
2,d,10000000,9998244,3162,1e-06,2500,3056,2500,3169,15,1,47535,-2,2409,0
2,d,10000000,9998244,3162,1e-06,2500,3057,2500,662,11,1,7282,335,2413,0
2,d,10000000,9998244,3162,1e-06,2500,3058,2500,647,11,1,7117,973,2413,0
2,d,10000000,9998244,3162,1e-06,2500,3059,2500,675,11,1,7425,1602,2413,0
2,d,10000000,9998244,3162,1e-06,2500,3060,2500,647,11,1,7117,2253,2413,0
2,d,10000000,9998244,3162,1e-06,2500,3061,2500,3169,15,1,47535,-3,2413,0
2,d,10000000,9998244,3162,1e-06,2500,3062,2500,648,11,1,7128,349,2417,0
2,d,10000000,9998244,3162,1e-06,2500,3063,2500,663,11,1,7293,974,2417,0
2,d,10000000,9998244,3162,1e-06,2500,3064,2500,647,11,1,7117,1614,2417,0
2,d,10000000,9998244,3162,1e-06,2500,3065,2500,661,11,1,7271,2243,2417,0
2,d,10000000,9998244,3162,1e-06,2500,3066,2500,3170,15,1,47550,-3,2417,0
2,d,10000000,9998244,3162,1e-06,2500,3067,2500,631,11,1,6941,333,2421,0
2,d,10000000,9998244,3162,1e-06,2500,3068,2500,648,11,1,7128,941,2421,0
2,d,10000000,9998244,3162,1e-06,2500,3069,2500,659,11,1,7249,1569,2421,0
2,d,10000000,9998244,3162,1e-06,2500,3070,2500,631,11,1,6941,2205,2421,0
2,d,10000000,9998244,3162,1e-06,2500,3071,2500,3170,15,1,47550,-3,2421,0
2,d,10000000,9998244,3162,1e-06,2500,3072,2500,632,11,1,6952,285,2425,0
2,d,10000000,9998244,3162,1e-06,2500,3073,2500,645,11,1,7095,895,2425,0
2,d,10000000,9998244,3162,1e-06,2500,3074,2500,663,11,1,7293,1517,2425,0
2,d,10000000,9998244,3162,1e-06,2500,3075,2500,630,11,1,6930,2157,2425,0
2,d,10000000,9998244,3162,1e-06,2500,3076,2500,3170,15,1,47550,-3,2425,0
2,d,10000000,9998244,3162,1e-06,2500,3077,2500,632,11,1,6952,237,2429,0
2,d,10000000,9998244,3162,1e-06,2500,3078,2500,645,11,1,7095,846,2429,0
2,d,10000000,9998244,3162,1e-06,2500,3079,2500,648,11,1,7128,1469,2429,0
2,d,10000000,9998244,3162,1e-06,2500,3080,2500,646,11,1,7106,2094,2429,0
2,d,10000000,9998244,3162,1e-06,2500,3081,2500,3170,15,1,47550,-3,2429,0
2,d,10000000,9998244,3162,1e-06,2500,3082,2500,630,11,1,6930,174,2433,0
2,d,10000000,9998244,3162,1e-06,2500,3083,2500,631,11,1,6941,781,2433,0
2,d,10000000,9998244,3162,1e-06,2500,3084,2500,647,11,1,7117,1390,2433,0
2,d,10000000,9998244,3162,1e-06,2500,3085,2500,664,11,1,7304,2013,2433,0
2,d,10000000,9998244,3162,1e-06,2500,3086,2500,3170,15,1,47550,-3,2433,0
2,d,10000000,9998244,3162,1e-06,2500,3087,2500,648,11,1,7128,141,2437,0
2,d,10000000,9998244,3162,1e-06,2500,3088,2500,663,11,1,7293,766,2437,0
2,d,10000000,9998244,3162,1e-06,2500,3089,2500,647,11,1,7117,1406,2437,0
2,d,10000000,9998244,3162,1e-06,2500,3090,2500,631,11,1,6941,2029,2437,0
2,d,10000000,9998244,3162,1e-06,2500,3091,2500,3170,15,1,47550,-3,2437,0
2,d,10000000,9998244,3162,1e-06,2500,3092,2500,645,11,1,7095,109,2441,0
2,d,10000000,9998244,3162,1e-06,2500,3093,2500,631,11,1,6941,733,2441,0
2,d,10000000,9998244,3162,1e-06,2500,3094,2500,648,11,1,7128,1341,2441,0
2,d,10000000,9998244,3162,1e-06,2500,3095,2500,646,11,1,7106,1966,2441,0
2,d,10000000,9998244,3162,1e-06,2500,3096,2500,3170,15,1,47550,-3,2441,0
2,d,10000000,9998244,3162,1e-06,2500,3097,2500,648,11,1,7128,45,2445,0
2,d,10000000,9998244,3162,1e-06,2500,3098,2500,648,11,1,7128,669,2445,0
2,d,10000000,9998244,3162,1e-06,2500,3099,2500,646,11,1,7106,1295,2445,0
2,d,10000000,9998244,3162,1e-06,2500,3100,2500,644,11,1,7084,1920,2445,0
2,d,10000000,9998244,3162,1e-06,2500,3101,2500,626,11,1,6886,2541,2445,0
2,d,10000000,9998244,3162,1e-06,2500,3102,2500,3170,15,1,47550,-3,2445,0
2,d,10000000,9998244,3162,1e-06,2500,3103,2500,664,11,1,7304,621,2449,0
2,d,10000000,9998244,3162,1e-06,2500,3104,2500,677,11,1,7447,1263,2449,0
2,d,10000000,9998244,3162,1e-06,2500,3105,2500,647,11,1,7117,1917,2449,0
2,d,10000000,9998244,3162,1e-06,2500,3106,2500,3170,15,1,47550,-3,2449,0
2,d,10000000,9998244,3162,1e-06,2500,3107,2500,648,11,1,7128,13,2453,0
2,d,10000000,9998244,3162,1e-06,2500,3108,2500,646,11,1,7106,639,2453,0
2,d,10000000,9998244,3162,1e-06,2500,3109,2500,647,11,1,7117,1261,2453,0
2,d,10000000,9998244,3162,1e-06,2500,3110,2500,631,11,1,6941,1886,2453,0
2,d,10000000,9998244,3162,1e-06,2500,3111,2500,647,11,1,7117,2493,2453,0
2,d,10000000,9998244,3162,1e-06,2500,3112,2500,3170,15,1,47550,-3,2453,0
2,d,10000000,9998244,3162,1e-06,2500,3113,2500,648,11,1,7128,589,2457,0
2,d,10000000,9998244,3162,1e-06,2500,3114,2500,648,11,1,7128,1229,2457,0
2,d,10000000,9998244,3162,1e-06,2500,3115,2500,663,11,1,7293,1854,2457,0
2,d,10000000,9998244,3162,1e-06,2500,3116,2500,662,11,1,7282,2494,2457,0
2,d,10000000,9998244,3162,1e-06,2500,3117,2500,3170,15,1,47550,-3,2457,0
2,d,10000000,9998244,3162,1e-06,2500,3118,2500,663,11,1,7293,605,2461,0
2,d,10000000,9998244,3162,1e-06,2500,3119,2500,664,11,1,7304,1245,2461,0
2,d,10000000,9998244,3162,1e-06,2500,3120,2500,679,11,1,7469,1885,2461,0
2,d,10000000,9998244,3162,1e-06,2500,3121,2500,3170,15,1,47550,-3,2461,0
2,d,10000000,9998244,3162,1e-06,2500,3122,2500,647,11,1,7117,13,2465,0
2,d,10000000,9998244,3162,1e-06,2500,3123,2500,661,11,1,7271,637,2465,0
2,d,10000000,9998244,3162,1e-06,2500,3124,2500,664,11,1,7304,1277,2465,0
2,d,10000000,9998244,3162,1e-06,2500,3125,2500,664,11,1,7304,1917,2465,0
2,d,10000000,9998244,3162,1e-06,2500,3126,2500,3170,15,1,47550,-3,2465,0
2,d,10000000,9998244,3162,1e-06,2500,3127,2500,630,11,1,6930,31,2469,0
2,d,10000000,9998244,3162,1e-06,2500,3128,2500,646,11,1,7106,638,2469,0
2,d,10000000,9998244,3162,1e-06,2500,3129,2500,631,11,1,6941,1261,2469,0
2,d,10000000,9998244,3162,1e-06,2500,3130,2500,661,11,1,7271,1869,2469,0
2,d,10000000,9998244,3162,1e-06,2500,3131,2500,647,11,1,7117,2509,2469,0
2,d,10000000,9998244,3162,1e-06,2500,3132,2500,3170,15,1,47550,-3,2469,0
2,d,10000000,9998244,3162,1e-06,2500,3133,2500,647,11,1,7117,590,2473,0
2,d,10000000,9998244,3162,1e-06,2500,3134,2500,646,11,1,7106,1214,2473,0
2,d,10000000,9998244,3162,1e-06,2500,3135,2500,663,11,1,7293,1837,2473,0
2,d,10000000,9998244,3162,1e-06,2500,3136,2500,648,11,1,7128,2477,2473,0
2,d,10000000,9998244,3162,1e-06,2500,3137,2500,3168,15,1,47520,-1,2473,0
2,d,10000000,9998244,3162,1e-06,2500,3138,2500,648,11,1,7128,573,2477,0
2,d,10000000,9998244,3162,1e-06,2500,3139,2500,647,11,1,7117,1197,2477,0
2,d,10000000,9998244,3162,1e-06,2500,3140,2500,645,11,1,7095,1823,2477,0
2,d,10000000,9998244,3162,1e-06,2500,3141,2500,643,11,1,7073,2445,2477,0
2,d,10000000,9998244,3162,1e-06,2500,3142,2500,3170,15,1,47550,-3,2477,0
2,d,10000000,9998244,3162,1e-06,2500,3143,2500,660,11,1,7260,542,2481,0
2,d,10000000,9998244,3162,1e-06,2500,3144,2500,662,11,1,7282,1181,2481,0
2,d,10000000,9998244,3162,1e-06,2500,3145,2500,631,11,1,6941,1821,2481,0
2,d,10000000,9998244,3162,1e-06,2500,3146,2500,663,11,1,7293,2429,2481,0
2,d,10000000,9998244,3162,1e-06,2500,3147,2500,3170,15,1,47550,-3,2481,0
2,d,10000000,9998244,3162,1e-06,2500,3148,2500,646,11,1,7106,495,2485,0
2,d,10000000,9998244,3162,1e-06,2500,3149,2500,659,11,1,7249,1121,2485,0
2,d,10000000,9998244,3162,1e-06,2500,3150,2500,647,11,1,7117,1758,2485,0
2,d,10000000,9998244,3162,1e-06,2500,3151,2500,640,11,1,7040,2382,2485,0
2,d,10000000,9998244,3162,1e-06,2500,3152,2500,3169,15,1,47535,-2,2485,0
2,d,10000000,9998244,3162,1e-06,2500,3153,2500,632,11,1,6952,477,2489,0
2,d,10000000,9998244,3162,1e-06,2500,3154,2500,646,11,1,7106,1086,2489,0
2,d,10000000,9998244,3162,1e-06,2500,3155,2500,645,11,1,7095,1711,2489,0
2,d,10000000,9998244,3162,1e-06,2500,3156,2500,663,11,1,7293,2334,2489,0
2,d,10000000,9998244,3162,1e-06,2500,3157,2500,3169,15,1,47535,-2,2489,0
2,d,10000000,9998244,3162,1e-06,2500,3158,2500,646,11,1,7106,413,2493,0
2,d,10000000,9998244,3162,1e-06,2500,3159,2500,647,11,1,7117,1037,2493,0
2,d,10000000,9998244,3162,1e-06,2500,3160,2500,632,11,1,6952,1661,2493,0
2,d,10000000,9998244,3162,1e-06,2500,3161,2500,645,11,1,7095,2270,2493,0
2,d,10000000,9998244,3162,1e-06,2500,3162,2500,3170,15,1,47550,-3,2493,0
2,d,10000000,9998244,3162,1e-06,2500,3163,2500,632,11,1,6952,349,2497,0
2,d,10000000,9998244,3162,1e-06,2500,3164,2500,655,11,1,7205,965,2497,0
2,d,10000000,9998244,3162,1e-06,2500,3165,2500,645,11,1,7095,1597,2497,0
2,d,10000000,9998244,3162,1e-06,2500,3166,2500,646,11,1,7106,2221,2497,0
2,d,10000000,9998244,3162,1e-06,2500,3167,2500,3170,15,1,47550,-3,2497,0
2,d,10000000,9998244,3162,1e-06,2500,3168,2500,632,11,1,6952,317,2501,0
2,d,10000000,9998244,3162,1e-06,2500,3169,2500,662,11,1,7282,925,2501,0
2,d,10000000,9998244,3162,1e-06,2500,3170,2500,664,11,1,7304,1565,2501,0
2,d,10000000,9998244,3162,1e-06,2500,3171,2500,646,11,1,7106,2207,2501,0
2,d,10000000,9998244,3162,1e-06,2500,3172,2500,3170,15,1,47550,-3,2501,0
2,d,10000000,9998244,3162,1e-06,2500,3173,2500,645,11,1,7095,288,2505,0
2,d,10000000,9998244,3162,1e-06,2500,3174,2500,632,11,1,6952,909,2505,0
2,d,10000000,9998244,3162,1e-06,2500,3175,2500,663,11,1,7293,1518,2505,0
2,d,10000000,9998244,3162,1e-06,2500,3176,2500,632,11,1,6952,2157,2505,0
2,d,10000000,9998244,3162,1e-06,2500,3177,2500,3170,15,1,47550,-3,2505,0
2,d,10000000,9998244,3162,1e-06,2500,3178,2500,663,11,1,7293,237,2509,0
2,d,10000000,9998244,3162,1e-06,2500,3179,2500,631,11,1,6941,877,2509,0
2,d,10000000,9998244,3162,1e-06,2500,3180,2500,661,11,1,7271,1486,2509,0
2,d,10000000,9998244,3162,1e-06,2500,3181,2500,632,11,1,6952,2125,2509,0
2,d,10000000,9998244,3162,1e-06,2500,3182,2500,3170,15,1,47550,-3,2509,0
2,d,10000000,9998244,3162,1e-06,2500,3183,2500,616,11,1,6776,189,2513,0
2,d,10000000,9998244,3162,1e-06,2500,3184,2500,663,11,1,7293,781,2513,0
2,d,10000000,9998244,3162,1e-06,2500,3185,2500,664,11,1,7304,1421,2513,0
2,d,10000000,9998244,3162,1e-06,2500,3186,2500,679,11,1,7469,2061,2513,0
2,d,10000000,9998244,3162,1e-06,2500,3187,2500,3169,15,1,47535,-3,2513,0
2,d,10000000,9998244,3162,1e-06,2500,3188,2500,615,11,1,6765,189,2517,0
2,d,10000000,9998244,3162,1e-06,2500,3189,2500,647,11,1,7117,781,2517,0
2,d,10000000,9998244,3162,1e-06,2500,3190,2500,648,11,1,7128,1405,2517,0
2,d,10000000,9998244,3162,1e-06,2500,3191,2500,647,11,1,7117,2030,2517,0
2,d,10000000,9998244,3162,1e-06,2500,3192,2500,3170,15,1,47550,-3,2517,0
2,d,10000000,9998244,3162,1e-06,2500,3193,2500,660,11,1,7260,94,2521,0
2,d,10000000,9998244,3162,1e-06,2500,3194,2500,631,11,1,6941,734,2521,0
2,d,10000000,9998244,3162,1e-06,2500,3195,2500,630,11,1,6930,1341,2521,0
2,d,10000000,9998244,3162,1e-06,2500,3196,2500,663,11,1,7293,1950,2521,0
2,d,10000000,9998244,3162,1e-06,2500,3197,2500,3170,15,1,47550,-3,2521,0
2,d,10000000,9998244,3162,1e-06,2500,3198,2500,632,11,1,6952,61,2525,0
2,d,10000000,9998244,3162,1e-06,2500,3199,2500,632,11,1,6952,685,2525,0
2,d,10000000,9998244,3162,1e-06,2500,3200,2500,663,11,1,7293,1293,2525,0
2,d,10000000,9998244,3162,1e-06,2500,3201,2500,646,11,1,7106,1933,2525,0
2,d,10000000,9998244,3162,1e-06,2500,3202,2500,3169,15,1,47535,-3,2525,0
2,d,10000000,9998244,3162,1e-06,2500,3203,2500,648,11,1,7128,29,2529,0
2,d,10000000,9998244,3162,1e-06,2500,3204,2500,663,11,1,7293,654,2529,0
2,d,10000000,9998244,3162,1e-06,2500,3205,2500,646,11,1,7106,1294,2529,0
2,d,10000000,9998244,3162,1e-06,2500,3206,2500,647,11,1,7117,1918,2529,0
2,d,10000000,9998244,3162,1e-06,2500,3207,2500,3170,15,1,47550,-3,2529,0
2,d,10000000,9998244,3162,1e-06,2500,3208,2500,648,11,1,7128,13,2533,0
2,d,10000000,9998244,3162,1e-06,2500,3209,2500,646,11,1,7106,638,2533,0
2,d,10000000,9998244,3162,1e-06,2500,3210,2500,663,11,1,7293,1261,2533,0
2,d,10000000,9998244,3162,1e-06,2500,3211,2500,648,11,1,7128,1901,2533,0
2,d,10000000,9998244,3162,1e-06,2500,3212,2500,3169,15,1,47535,-2,2533,0
2,d,10000000,9998244,3162,1e-06,2500,3213,2500,647,11,1,7117,-2,2537,0
2,d,10000000,9998244,3162,1e-06,2500,3214,2500,648,11,1,7128,621,2537,0
2,d,10000000,9998244,3162,1e-06,2500,3215,2500,648,11,1,7128,1245,2537,0
2,d,10000000,9998244,3162,1e-06,2500,3216,2500,631,11,1,6941,1870,2537,0
2,d,10000000,9998244,3162,1e-06,2500,3217,2500,653,11,1,7183,2477,2537,0
2,d,10000000,9998244,3162,1e-06,2500,3218,2500,3170,15,1,47550,-3,2537,0
2,d,10000000,9998244,3162,1e-06,2500,3219,2500,656,11,1,7216,576,2541,0
2,d,10000000,9998244,3162,1e-06,2500,3220,2500,648,11,1,7128,1213,2541,0
2,d,10000000,9998244,3162,1e-06,2500,3221,2500,647,11,1,7117,1838,2541,0
2,d,10000000,9998244,3162,1e-06,2500,3222,2500,647,11,1,7117,2461,2541,0
2,d,10000000,9998244,3162,1e-06,2500,3223,2500,3170,15,1,47550,-3,2541,0
2,d,10000000,9998244,3162,1e-06,2500,3224,2500,671,11,1,7381,548,2545,0
2,d,10000000,9998244,3162,1e-06,2500,3225,2500,648,11,1,7128,1197,2545,0
2,d,10000000,9998244,3162,1e-06,2500,3226,2500,662,11,1,7282,1823,2545,0
2,d,10000000,9998244,3162,1e-06,2500,3227,2500,647,11,1,7117,2461,2545,0
2,d,10000000,9998244,3162,1e-06,2500,3228,2500,3170,15,1,47550,-3,2545,0
2,d,10000000,9998244,3162,1e-06,2500,3229,2500,647,11,1,7117,542,2549,0
2,d,10000000,9998244,3162,1e-06,2500,3230,2500,648,11,1,7128,1165,2549,0
2,d,10000000,9998244,3162,1e-06,2500,3231,2500,632,11,1,6952,1789,2549,0
2,d,10000000,9998244,3162,1e-06,2500,3232,2500,648,11,1,7128,2397,2549,0
2,d,10000000,9998244,3162,1e-06,2500,3233,2500,3170,15,1,47550,-3,2549,0
2,d,10000000,9998244,3162,1e-06,2500,3234,2500,632,11,1,6952,493,2553,0
2,d,10000000,9998244,3162,1e-06,2500,3235,2500,628,11,1,6908,1105,2553,0
2,d,10000000,9998244,3162,1e-06,2500,3236,2500,661,11,1,7271,1712,2553,0
2,d,10000000,9998244,3162,1e-06,2500,3237,2500,630,11,1,6930,2350,2553,0
2,d,10000000,9998244,3162,1e-06,2500,3238,2500,3170,15,1,47550,-3,2553,0
2,d,10000000,9998244,3162,1e-06,2500,3239,2500,647,11,1,7117,430,2557,0
2,d,10000000,9998244,3162,1e-06,2500,3240,2500,645,11,1,7095,1054,2557,0
2,d,10000000,9998244,3162,1e-06,2500,3241,2500,647,11,1,7117,1678,2557,0
2,d,10000000,9998244,3162,1e-06,2500,3242,2500,676,11,1,7436,2305,2557,0
2,d,10000000,9998244,3162,1e-06,2500,3243,2500,3170,15,1,47550,-3,2557,0
2,d,10000000,9998244,3162,1e-06,2500,3244,2500,648,11,1,7128,429,2561,0
2,d,10000000,9998244,3162,1e-06,2500,3245,2500,655,11,1,7205,1062,2561,0
2,d,10000000,9998244,3162,1e-06,2500,3246,2500,645,11,1,7095,1696,2561,0
2,d,10000000,9998244,3162,1e-06,2500,3247,2500,661,11,1,7271,2318,2561,0
2,d,10000000,9998244,3162,1e-06,2500,3248,2500,3170,15,1,47550,-3,2561,0
2,d,10000000,9998244,3162,1e-06,2500,3249,2500,647,11,1,7117,430,2565,0
2,d,10000000,9998244,3162,1e-06,2500,3250,2500,648,11,1,7128,1053,2565,0
2,d,10000000,9998244,3162,1e-06,2500,3251,2500,663,11,1,7293,1677,2565,0
2,d,10000000,9998244,3162,1e-06,2500,3252,2500,644,11,1,7084,2320,2565,0
2,d,10000000,9998244,3162,1e-06,2500,3253,2500,3170,15,1,47550,-3,2565,0
2,d,10000000,9998244,3162,1e-06,2500,3254,2500,662,11,1,7282,381,2569,0
2,d,10000000,9998244,3162,1e-06,2500,3255,2500,648,11,1,7128,1021,2569,0
2,d,10000000,9998244,3162,1e-06,2500,3256,2500,648,11,1,7128,1645,2569,0
2,d,10000000,9998244,3162,1e-06,2500,3257,2500,648,11,1,7128,2285,2569,0
2,d,10000000,9998244,3162,1e-06,2500,3258,2500,3170,15,1,47550,-3,2569,0
2,d,10000000,9998244,3162,1e-06,2500,3259,2500,644,11,1,7084,367,2573,0
2,d,10000000,9998244,3162,1e-06,2500,3260,2500,632,11,1,6952,989,2573,0
2,d,10000000,9998244,3162,1e-06,2500,3261,2500,647,11,1,7117,1597,2573,0
2,d,10000000,9998244,3162,1e-06,2500,3262,2500,647,11,1,7117,2221,2573,0
2,d,10000000,9998244,3162,1e-06,2500,3263,2500,3170,15,1,47550,-3,2573,0
2,d,10000000,9998244,3162,1e-06,2500,3264,2500,646,11,1,7106,318,2577,0
2,d,10000000,9998244,3162,1e-06,2500,3265,2500,657,11,1,7227,941,2577,0
2,d,10000000,9998244,3162,1e-06,2500,3266,2500,631,11,1,6941,1582,2577,0
2,d,10000000,9998244,3162,1e-06,2500,3267,2500,676,11,1,7436,2190,2577,0
2,d,10000000,9998244,3162,1e-06,2500,3268,2500,3170,15,1,47550,-3,2577,0
2,d,10000000,9998244,3162,1e-06,2500,3269,2500,631,11,1,6941,301,2581,0
2,d,10000000,9998244,3162,1e-06,2500,3270,2500,648,11,1,7128,909,2581,0
2,d,10000000,9998244,3162,1e-06,2500,3271,2500,633,11,1,6963,1533,2581,0
2,d,10000000,9998244,3162,1e-06,2500,3272,2500,647,11,1,7117,2158,2581,0
2,d,10000000,9998244,3162,1e-06,2500,3273,2500,3169,15,1,47535,-2,2581,0
2,d,10000000,9998244,3162,1e-06,2500,3274,2500,645,11,1,7095,238,2585,0
2,d,10000000,9998244,3162,1e-06,2500,3275,2500,629,11,1,6919,864,2585,0
2,d,10000000,9998244,3162,1e-06,2500,3276,2500,647,11,1,7117,1469,2585,0
2,d,10000000,9998244,3162,1e-06,2500,3277,2500,641,11,1,7051,2100,2585,0
2,d,10000000,9998244,3162,1e-06,2500,3278,2500,3170,15,1,47550,-3,2585,0
2,d,10000000,9998244,3162,1e-06,2500,3279,2500,648,11,1,7128,173,2589,0
2,d,10000000,9998244,3162,1e-06,2500,3280,2500,646,11,1,7106,799,2589,0
2,d,10000000,9998244,3162,1e-06,2500,3281,2500,663,11,1,7293,1421,2589,0
2,d,10000000,9998244,3162,1e-06,2500,3282,2500,659,11,1,7249,2063,2589,0
2,d,10000000,9998244,3162,1e-06,2500,3283,2500,3169,15,1,47535,-2,2589,0
2,d,10000000,9998244,3162,1e-06,2500,3284,2500,632,11,1,6952,173,2593,0
2,d,10000000,9998244,3162,1e-06,2500,3285,2500,648,11,1,7128,781,2593,0
2,d,10000000,9998244,3162,1e-06,2500,3286,2500,631,11,1,6941,1406,2593,0
2,d,10000000,9998244,3162,1e-06,2500,3287,2500,653,11,1,7183,2017,2593,0
2,d,10000000,9998244,3162,1e-06,2500,3288,2500,3170,15,1,47550,-3,2593,0
2,d,10000000,9998244,3162,1e-06,2500,3289,2500,661,11,1,7271,111,2597,0
2,d,10000000,9998244,3162,1e-06,2500,3290,2500,632,11,1,6952,749,2597,0
2,d,10000000,9998244,3162,1e-06,2500,3291,2500,663,11,1,7293,1357,2597,0
2,d,10000000,9998244,3162,1e-06,2500,3292,2500,660,11,1,7260,2000,2597,0
2,d,10000000,9998244,3162,1e-06,2500,3293,2500,3169,15,1,47535,-3,2597,0
2,d,10000000,9998244,3162,1e-06,2500,3294,2500,677,11,1,7447,111,2601,0
2,d,10000000,9998244,3162,1e-06,2500,3295,2500,647,11,1,7117,765,2601,0
2,d,10000000,9998244,3162,1e-06,2500,3296,2500,632,11,1,6952,1389,2601,0
2,d,10000000,9998244,3162,1e-06,2500,3297,2500,662,11,1,7282,1998,2601,0
2,d,10000000,9998244,3162,1e-06,2500,3298,2500,3170,15,1,47550,-3,2601,0
2,d,10000000,9998244,3162,1e-06,2500,3299,2500,647,11,1,7117,94,2605,0
2,d,10000000,9998244,3162,1e-06,2500,3300,2500,663,11,1,7293,717,2605,0
2,d,10000000,9998244,3162,1e-06,2500,3301,2500,648,11,1,7128,1357,2605,0
2,d,10000000,9998244,3162,1e-06,2500,3302,2500,629,11,1,6919,1981,2605,0
2,d,10000000,9998244,3162,1e-06,2500,3303,2500,3169,15,1,47535,-3,2605,0
2,d,10000000,9998244,3162,1e-06,2500,3304,2500,632,11,1,6952,45,2609,0
2,d,10000000,9998244,3162,1e-06,2500,3305,2500,633,11,1,6963,667,2609,0
2,d,10000000,9998244,3162,1e-06,2500,3306,2500,630,11,1,6930,1279,2609,0
2,d,10000000,9998244,3162,1e-06,2500,3307,2500,630,11,1,6930,1887,2609,0
2,d,10000000,9998244,3162,1e-06,2500,3308,2500,648,11,1,7128,2493,2609,0
2,d,10000000,9998244,3162,1e-06,2500,3309,2500,3170,15,1,47550,-3,2609,0
2,d,10000000,9998244,3162,1e-06,2500,3310,2500,645,11,1,7095,575,2613,0
2,d,10000000,9998244,3162,1e-06,2500,3311,2500,648,11,1,7128,1197,2613,0
2,d,10000000,9998244,3162,1e-06,2500,3312,2500,648,11,1,7128,1821,2613,0
2,d,10000000,9998244,3162,1e-06,2500,3313,2500,647,11,1,7117,2446,2613,0
2,d,10000000,9998244,3162,1e-06,2500,3314,2500,3170,15,1,47550,-3,2613,0
2,d,10000000,9998244,3162,1e-06,2500,3315,2500,663,11,1,7293,525,2617,0
2,d,10000000,9998244,3162,1e-06,2500,3316,2500,662,11,1,7282,1166,2617,0
2,d,10000000,9998244,3162,1e-06,2500,3317,2500,648,11,1,7128,1805,2617,0
2,d,10000000,9998244,3162,1e-06,2500,3318,2500,648,11,1,7128,2429,2617,0
2,d,10000000,9998244,3162,1e-06,2500,3319,2500,3170,15,1,47550,-3,2617,0
2,d,10000000,9998244,3162,1e-06,2500,3320,2500,632,11,1,6952,525,2621,0
2,d,10000000,9998244,3162,1e-06,2500,3321,2500,646,11,1,7106,1135,2621,0
2,d,10000000,9998244,3162,1e-06,2500,3322,2500,664,11,1,7304,1757,2621,0
2,d,10000000,9998244,3162,1e-06,2500,3323,2500,644,11,1,7084,2401,2621,0
2,d,10000000,9998244,3162,1e-06,2500,3324,2500,3170,15,1,47550,-3,2621,0
2,d,10000000,9998244,3162,1e-06,2500,3325,2500,663,11,1,7293,494,2625,0
2,d,10000000,9998244,3162,1e-06,2500,3326,2500,659,11,1,7249,1134,2625,0
2,d,10000000,9998244,3162,1e-06,2500,3327,2500,646,11,1,7106,1773,2625,0
2,d,10000000,9998244,3162,1e-06,2500,3328,2500,647,11,1,7117,2397,2625,0
2,d,10000000,9998244,3162,1e-06,2500,3329,2500,3170,15,1,47550,-3,2625,0
2,d,10000000,9998244,3162,1e-06,2500,3330,2500,631,11,1,6941,478,2629,0
2,d,10000000,9998244,3162,1e-06,2500,3331,2500,648,11,1,7128,1085,2629,0
2,d,10000000,9998244,3162,1e-06,2500,3332,2500,632,11,1,6952,1709,2629,0
2,d,10000000,9998244,3162,1e-06,2500,3333,2500,648,11,1,7128,2317,2629,0
2,d,10000000,9998244,3162,1e-06,2500,3334,2500,3170,15,1,47550,-3,2629,0
2,d,10000000,9998244,3162,1e-06,2500,3335,2500,677,11,1,7447,398,2633,0
2,d,10000000,9998244,3162,1e-06,2500,3336,2500,663,11,1,7293,1053,2633,0
2,d,10000000,9998244,3162,1e-06,2500,3337,2500,663,11,1,7293,1694,2633,0
2,d,10000000,9998244,3162,1e-06,2500,3338,2500,647,11,1,7117,2334,2633,0
2,d,10000000,9998244,3162,1e-06,2500,3339,2500,3169,15,1,47535,-3,2633,0
2,d,10000000,9998244,3162,1e-06,2500,3340,2500,616,11,1,6776,445,2637,0
2,d,10000000,9998244,3162,1e-06,2500,3341,2500,664,11,1,7304,1037,2637,0
2,d,10000000,9998244,3162,1e-06,2500,3342,2500,645,11,1,7095,1677,2637,0
2,d,10000000,9998244,3162,1e-06,2500,3343,2500,631,11,1,6941,2302,2637,0
2,d,10000000,9998244,3162,1e-06,2500,3344,2500,3170,15,1,47550,-3,2637,0
2,d,10000000,9998244,3162,1e-06,2500,3345,2500,645,11,1,7095,365,2641,0
2,d,10000000,9998244,3162,1e-06,2500,3346,2500,648,11,1,7128,989,2641,0
2,d,10000000,9998244,3162,1e-06,2500,3347,2500,647,11,1,7117,1614,2641,0
2,d,10000000,9998244,3162,1e-06,2500,3348,2500,631,11,1,6941,2237,2641,0
2,d,10000000,9998244,3162,1e-06,2500,3349,2500,3170,15,1,47550,-3,2641,0
2,d,10000000,9998244,3162,1e-06,2500,3350,2500,647,11,1,7117,333,2645,0
2,d,10000000,9998244,3162,1e-06,2500,3351,2500,647,11,1,7117,958,2645,0
2,d,10000000,9998244,3162,1e-06,2500,3352,2500,646,11,1,7106,1582,2645,0
2,d,10000000,9998244,3162,1e-06,2500,3353,2500,648,11,1,7128,2205,2645,0
2,d,10000000,9998244,3162,1e-06,2500,3354,2500,3170,15,1,47550,-3,2645,0
2,d,10000000,9998244,3162,1e-06,2500,3355,2500,647,11,1,7117,317,2649,0
2,d,10000000,9998244,3162,1e-06,2500,3356,2500,632,11,1,6952,941,2649,0
2,d,10000000,9998244,3162,1e-06,2500,3357,2500,662,11,1,7282,1550,2649,0
2,d,10000000,9998244,3162,1e-06,2500,3358,2500,647,11,1,7117,2190,2649,0
2,d,10000000,9998244,3162,1e-06,2500,3359,2500,3170,15,1,47550,-3,2649,0
2,d,10000000,9998244,3162,1e-06,2500,3360,2500,664,11,1,7304,285,2653,0
2,d,10000000,9998244,3162,1e-06,2500,3361,2500,631,11,1,6941,926,2653,0
2,d,10000000,9998244,3162,1e-06,2500,3362,2500,632,11,1,6952,1533,2653,0
2,d,10000000,9998244,3162,1e-06,2500,3363,2500,648,11,1,7128,2141,2653,0
2,d,10000000,9998244,3162,1e-06,2500,3364,2500,3170,15,1,47550,-3,2653,0
2,d,10000000,9998244,3162,1e-06,2500,3365,2500,645,11,1,7095,237,2657,0
2,d,10000000,9998244,3162,1e-06,2500,3366,2500,648,11,1,7128,861,2657,0
2,d,10000000,9998244,3162,1e-06,2500,3367,2500,630,11,1,6930,1486,2657,0
2,d,10000000,9998244,3162,1e-06,2500,3368,2500,663,11,1,7293,2094,2657,0
2,d,10000000,9998244,3162,1e-06,2500,3369,2500,3170,15,1,47550,-3,2657,0
2,d,10000000,9998244,3162,1e-06,2500,3370,2500,662,11,1,7282,174,2661,0
2,d,10000000,9998244,3162,1e-06,2500,3371,2500,646,11,1,7106,814,2661,0
2,d,10000000,9998244,3162,1e-06,2500,3372,2500,662,11,1,7282,1438,2661,0
2,d,10000000,9998244,3162,1e-06,2500,3373,2500,647,11,1,7117,2077,2661,0
2,d,10000000,9998244,3162,1e-06,2500,3374,2500,3170,15,1,47550,-3,2661,0
2,d,10000000,9998244,3162,1e-06,2500,3375,2500,648,11,1,7128,157,2665,0
2,d,10000000,9998244,3162,1e-06,2500,3376,2500,647,11,1,7117,782,2665,0
2,d,10000000,9998244,3162,1e-06,2500,3377,2500,664,11,1,7304,1405,2665,0
2,d,10000000,9998244,3162,1e-06,2500,3378,2500,631,11,1,6941,2046,2665,0
2,d,10000000,9998244,3162,1e-06,2500,3379,2500,3170,15,1,47550,-3,2665,0
2,d,10000000,9998244,3162,1e-06,2500,3380,2500,646,11,1,7106,125,2669,0
2,d,10000000,9998244,3162,1e-06,2500,3381,2500,663,11,1,7293,750,2669,0
2,d,10000000,9998244,3162,1e-06,2500,3382,2500,648,11,1,7128,1389,2669,0
2,d,10000000,9998244,3162,1e-06,2500,3383,2500,631,11,1,6941,2014,2669,0
2,d,10000000,9998244,3162,1e-06,2500,3384,2500,3170,15,1,47550,-3,2669,0
2,d,10000000,9998244,3162,1e-06,2500,3385,2500,662,11,1,7282,95,2673,0
2,d,10000000,9998244,3162,1e-06,2500,3386,2500,664,11,1,7304,733,2673,0
2,d,10000000,9998244,3162,1e-06,2500,3387,2500,648,11,1,7128,1373,2673,0
2,d,10000000,9998244,3162,1e-06,2500,3388,2500,646,11,1,7106,1998,2673,0
2,d,10000000,9998244,3162,1e-06,2500,3389,2500,3170,15,1,47550,-3,2673,0
2,d,10000000,9998244,3162,1e-06,2500,3390,2500,646,11,1,7106,62,2677,0
2,d,10000000,9998244,3162,1e-06,2500,3391,2500,664,11,1,7304,685,2677,0
2,d,10000000,9998244,3162,1e-06,2500,3392,2500,656,11,1,7216,1326,2677,0
2,d,10000000,9998244,3162,1e-06,2500,3393,2500,632,11,1,6952,1965,2677,0
2,d,10000000,9998244,3162,1e-06,2500,3394,2500,3170,15,1,47550,-3,2677,0
2,d,10000000,9998244,3162,1e-06,2500,3395,2500,663,11,1,7293,46,2681,0
2,d,10000000,9998244,3162,1e-06,2500,3396,2500,648,11,1,7128,685,2681,0
2,d,10000000,9998244,3162,1e-06,2500,3397,2500,663,11,1,7293,1309,2681,0
2,d,10000000,9998244,3162,1e-06,2500,3398,2500,647,11,1,7117,1950,2681,0
2,d,10000000,9998244,3162,1e-06,2500,3399,2500,3170,15,1,47550,-3,2681,0
2,d,10000000,9998244,3162,1e-06,2500,3400,2500,647,11,1,7117,29,2685,0
2,d,10000000,9998244,3162,1e-06,2500,3401,2500,616,11,1,6776,653,2685,0
2,d,10000000,9998244,3162,1e-06,2500,3402,2500,663,11,1,7293,1246,2685,0
2,d,10000000,9998244,3162,1e-06,2500,3403,2500,648,11,1,7128,1885,2685,0
2,d,10000000,9998244,3162,1e-06,2500,3404,2500,648,11,1,7128,2519,2685,0
2,d,10000000,9998244,3162,1e-06,2500,3405,2500,3170,15,1,47550,-3,2685,0
2,d,10000000,9998244,3162,1e-06,2500,3406,2500,647,11,1,7117,605,2689,0
2,d,10000000,9998244,3162,1e-06,2500,3407,2500,646,11,1,7106,1229,2689,0
2,d,10000000,9998244,3162,1e-06,2500,3408,2500,648,11,1,7128,1853,2689,0
2,d,10000000,9998244,3162,1e-06,2500,3409,2500,661,11,1,7271,2477,2689,0
2,d,10000000,9998244,3162,1e-06,2500,3410,2500,3169,15,1,47535,-3,2689,0
2,d,10000000,9998244,3162,1e-06,2500,3411,2500,647,11,1,7117,574,2693,0
2,d,10000000,9998244,3162,1e-06,2500,3412,2500,661,11,1,7271,1198,2693,0
2,d,10000000,9998244,3162,1e-06,2500,3413,2500,647,11,1,7117,1837,2693,0
2,d,10000000,9998244,3162,1e-06,2500,3414,2500,648,11,1,7128,2461,2693,0
2,d,10000000,9998244,3162,1e-06,2500,3415,2500,3170,15,1,47550,-3,2693,0
2,d,10000000,9998244,3162,1e-06,2500,3416,2500,643,11,1,7073,574,2697,0
2,d,10000000,9998244,3162,1e-06,2500,3417,2500,662,11,1,7282,1198,2697,0
2,d,10000000,9998244,3162,1e-06,2500,3418,2500,663,11,1,7293,1837,2697,0
2,d,10000000,9998244,3162,1e-06,2500,3419,2500,647,11,1,7117,2477,2697,0
2,d,10000000,9998244,3162,1e-06,2500,3420,2500,3170,15,1,47550,-3,2697,0
2,d,10000000,9998244,3162,1e-06,2500,3421,2500,662,11,1,7282,558,2701,0
2,d,10000000,9998244,3162,1e-06,2500,3422,2500,648,11,1,7128,1197,2701,0
2,d,10000000,9998244,3162,1e-06,2500,3423,2500,648,11,1,7128,1837,2701,0
2,d,10000000,9998244,3162,1e-06,2500,3424,2500,627,11,1,6897,2466,2701,0
2,d,10000000,9998244,3162,1e-06,2500,3425,2500,3170,15,1,47550,-3,2701,0
2,d,10000000,9998244,3162,1e-06,2500,3426,2500,631,11,1,6941,542,2705,0
2,d,10000000,9998244,3162,1e-06,2500,3427,2500,672,11,1,7392,1152,2705,0
2,d,10000000,9998244,3162,1e-06,2500,3428,2500,648,11,1,7128,1805,2705,0
2,d,10000000,9998244,3162,1e-06,2500,3429,2500,647,11,1,7117,2429,2705,0
2,d,10000000,9998244,3162,1e-06,2500,3430,2500,3170,15,1,47550,-3,2705,0
2,d,10000000,9998244,3162,1e-06,2500,3431,2500,645,11,1,7095,512,2709,0
2,d,10000000,9998244,3162,1e-06,2500,3432,2500,661,11,1,7271,1135,2709,0
2,d,10000000,9998244,3162,1e-06,2500,3433,2500,646,11,1,7106,1774,2709,0
2,d,10000000,9998244,3162,1e-06,2500,3434,2500,631,11,1,6941,2398,2709,0
2,d,10000000,9998244,3162,1e-06,2500,3435,2500,3170,15,1,47550,-3,2709,0
2,d,10000000,9998244,3162,1e-06,2500,3436,2500,631,11,1,6941,478,2713,0
2,d,10000000,9998244,3162,1e-06,2500,3437,2500,658,11,1,7238,1091,2713,0
2,d,10000000,9998244,3162,1e-06,2500,3438,2500,632,11,1,6952,1725,2713,0
2,d,10000000,9998244,3162,1e-06,2500,3439,2500,648,11,1,7128,2333,2713,0
2,d,10000000,9998244,3162,1e-06,2500,3440,2500,3170,15,1,47550,-3,2713,0
2,d,10000000,9998244,3162,1e-06,2500,3441,2500,631,11,1,6941,414,2717,0
2,d,10000000,9998244,3162,1e-06,2500,3442,2500,645,11,1,7095,1022,2717,0
2,d,10000000,9998244,3162,1e-06,2500,3443,2500,647,11,1,7117,1645,2717,0
2,d,10000000,9998244,3162,1e-06,2500,3444,2500,647,11,1,7117,2270,2717,0
2,d,10000000,9998244,3162,1e-06,2500,3445,2500,3170,15,1,47550,-3,2717,0
2,d,10000000,9998244,3162,1e-06,2500,3446,2500,648,11,1,7128,365,2721,0
2,d,10000000,9998244,3162,1e-06,2500,3447,2500,648,11,1,7128,989,2721,0
2,d,10000000,9998244,3162,1e-06,2500,3448,2500,661,11,1,7271,1614,2721,0
2,d,10000000,9998244,3162,1e-06,2500,3449,2500,663,11,1,7293,2253,2721,0
2,d,10000000,9998244,3162,1e-06,2500,3450,2500,3170,15,1,47550,-3,2721,0
2,d,10000000,9998244,3162,1e-06,2500,3451,2500,648,11,1,7128,349,2725,0
2,d,10000000,9998244,3162,1e-06,2500,3452,2500,663,11,1,7293,973,2725,0
2,d,10000000,9998244,3162,1e-06,2500,3453,2500,648,11,1,7128,1613,2725,0
2,d,10000000,9998244,3162,1e-06,2500,3454,2500,647,11,1,7117,2238,2725,0
2,d,10000000,9998244,3162,1e-06,2500,3455,2500,3170,15,1,47550,-3,2725,0
2,d,10000000,9998244,3162,1e-06,2500,3456,2500,663,11,1,7293,333,2729,0
2,d,10000000,9998244,3162,1e-06,2500,3457,2500,662,11,1,7282,975,2729,0
2,d,10000000,9998244,3162,1e-06,2500,3458,2500,646,11,1,7106,1614,2729,0
2,d,10000000,9998244,3162,1e-06,2500,3459,2500,646,11,1,7106,2237,2729,0
2,d,10000000,9998244,3162,1e-06,2500,3460,2500,3169,15,1,47535,-3,2729,0
2,d,10000000,9998244,3162,1e-06,2500,3461,2500,647,11,1,7117,334,2733,0
2,d,10000000,9998244,3162,1e-06,2500,3462,2500,632,11,1,6952,957,2733,0
2,d,10000000,9998244,3162,1e-06,2500,3463,2500,648,11,1,7128,1565,2733,0
2,d,10000000,9998244,3162,1e-06,2500,3464,2500,632,11,1,6952,2189,2733,0
2,d,10000000,9998244,3162,1e-06,2500,3465,2500,3170,15,1,47550,-3,2733,0
2,d,10000000,9998244,3162,1e-06,2500,3466,2500,648,11,1,7128,285,2737,0
2,d,10000000,9998244,3162,1e-06,2500,3467,2500,648,11,1,7128,909,2737,0
2,d,10000000,9998244,3162,1e-06,2500,3468,2500,648,11,1,7128,1533,2737,0
2,d,10000000,9998244,3162,1e-06,2500,3469,2500,626,11,1,6886,2163,2737,0
2,d,10000000,9998244,3162,1e-06,2500,3470,2500,3169,15,1,47535,-2,2737,0
2,d,10000000,9998244,3162,1e-06,2500,3471,2500,647,11,1,7117,238,2741,0
2,d,10000000,9998244,3162,1e-06,2500,3472,2500,648,11,1,7128,861,2741,0
2,d,10000000,9998244,3162,1e-06,2500,3473,2500,662,11,1,7282,1485,2741,0
2,d,10000000,9998244,3162,1e-06,2500,3474,2500,661,11,1,7271,2125,2741,0
2,d,10000000,9998244,3162,1e-06,2500,3475,2500,3170,15,1,47550,-3,2741,0
2,d,10000000,9998244,3162,1e-06,2500,3476,2500,647,11,1,7117,221,2745,0
2,d,10000000,9998244,3162,1e-06,2500,3477,2500,648,11,1,7128,845,2745,0
2,d,10000000,9998244,3162,1e-06,2500,3478,2500,632,11,1,6952,1469,2745,0
2,d,10000000,9998244,3162,1e-06,2500,3479,2500,631,11,1,6941,2077,2745,0
2,d,10000000,9998244,3162,1e-06,2500,3480,2500,3170,15,1,47550,-3,2745,0
2,d,10000000,9998244,3162,1e-06,2500,3481,2500,632,11,1,6952,157,2749,0
2,d,10000000,9998244,3162,1e-06,2500,3482,2500,658,11,1,7238,766,2749,0
2,d,10000000,9998244,3162,1e-06,2500,3483,2500,631,11,1,6941,1405,2749,0
2,d,10000000,9998244,3162,1e-06,2500,3484,2500,648,11,1,7128,2013,2749,0
2,d,10000000,9998244,3162,1e-06,2500,3485,2500,3169,15,1,47535,-3,2749,0
2,d,10000000,9998244,3162,1e-06,2500,3486,2500,642,11,1,7062,93,2753,0
2,d,10000000,9998244,3162,1e-06,2500,3487,2500,648,11,1,7128,717,2753,0
2,d,10000000,9998244,3162,1e-06,2500,3488,2500,648,11,1,7128,1341,2753,0
2,d,10000000,9998244,3162,1e-06,2500,3489,2500,648,11,1,7128,1965,2753,0
2,d,10000000,9998244,3162,1e-06,2500,3490,2500,3169,15,1,47535,-2,2753,0
2,d,10000000,9998244,3162,1e-06,2500,3491,2500,648,11,1,7128,45,2757,0
2,d,10000000,9998244,3162,1e-06,2500,3492,2500,647,11,1,7117,669,2757,0
2,d,10000000,9998244,3162,1e-06,2500,3493,2500,631,11,1,6941,1293,2757,0
2,d,10000000,9998244,3162,1e-06,2500,3494,2500,631,11,1,6941,1902,2757,0
2,d,10000000,9998244,3162,1e-06,2500,3495,2500,658,11,1,7238,2509,2757,0
2,d,10000000,9998244,3162,1e-06,2500,3496,2500,3170,15,1,47550,-3,2757,0
2,d,10000000,9998244,3162,1e-06,2500,3497,2500,631,11,1,6941,590,2761,0
2,d,10000000,9998244,3162,1e-06,2500,3498,2500,647,11,1,7117,1197,2761,0
2,d,10000000,9998244,3162,1e-06,2500,3499,2500,632,11,1,6952,1821,2761,0
2,d,10000000,9998244,3162,1e-06,2500,3500,2500,648,11,1,7128,2429,2761,0
2,d,10000000,9998244,3162,1e-06,2500,3501,2500,3169,15,1,47535,-3,2761,0
2,d,10000000,9998244,3162,1e-06,2500,3502,2500,652,11,1,7172,525,2765,0
2,d,10000000,9998244,3162,1e-06,2500,3503,2500,616,11,1,6776,1165,2765,0
2,d,10000000,9998244,3162,1e-06,2500,3504,2500,661,11,1,7271,1760,2765,0
2,d,10000000,9998244,3162,1e-06,2500,3505,2500,647,11,1,7117,2398,2765,0
2,d,10000000,9998244,3162,1e-06,2500,3506,2500,3170,15,1,47550,-3,2765,0
2,d,10000000,9998244,3162,1e-06,2500,3507,2500,647,11,1,7117,477,2769,0
2,d,10000000,9998244,3162,1e-06,2500,3508,2500,646,11,1,7106,1102,2769,0
2,d,10000000,9998244,3162,1e-06,2500,3509,2500,629,11,1,6919,1725,2769,0
2,d,10000000,9998244,3162,1e-06,2500,3510,2500,664,11,1,7304,2333,2769,0
2,d,10000000,9998244,3162,1e-06,2500,3511,2500,3170,15,1,47550,-3,2769,0
2,d,10000000,9998244,3162,1e-06,2500,3512,2500,648,11,1,7128,429,2773,0
2,d,10000000,9998244,3162,1e-06,2500,3513,2500,660,11,1,7260,1056,2773,0
2,d,10000000,9998244,3162,1e-06,2500,3514,2500,643,11,1,7073,1693,2773,0
2,d,10000000,9998244,3162,1e-06,2500,3515,2500,632,11,1,6952,2317,2773,0
2,d,10000000,9998244,3162,1e-06,2500,3516,2500,3170,15,1,47550,-3,2773,0
2,d,10000000,9998244,3162,1e-06,2500,3517,2500,647,11,1,7117,397,2777,0
2,d,10000000,9998244,3162,1e-06,2500,3518,2500,647,11,1,7117,1021,2777,0
2,d,10000000,9998244,3162,1e-06,2500,3519,2500,647,11,1,7117,1646,2777,0
2,d,10000000,9998244,3162,1e-06,2500,3520,2500,647,11,1,7117,2270,2777,0
2,d,10000000,9998244,3162,1e-06,2500,3521,2500,3170,15,1,47550,-3,2777,0
2,d,10000000,9998244,3162,1e-06,2500,3522,2500,639,11,1,7029,349,2781,0
2,d,10000000,9998244,3162,1e-06,2500,3523,2500,632,11,1,6952,973,2781,0
2,d,10000000,9998244,3162,1e-06,2500,3524,2500,631,11,1,6941,1582,2781,0
2,d,10000000,9998244,3162,1e-06,2500,3525,2500,663,11,1,7293,2190,2781,0
2,d,10000000,9998244,3162,1e-06,2500,3526,2500,3170,15,1,47550,-3,2781,0
2,d,10000000,9998244,3162,1e-06,2500,3527,2500,652,11,1,7172,269,2785,0
2,d,10000000,9998244,3162,1e-06,2500,3528,2500,647,11,1,7117,909,2785,0
2,d,10000000,9998244,3162,1e-06,2500,3529,2500,676,11,1,7436,1533,2785,0
2,d,10000000,9998244,3162,1e-06,2500,3530,2500,627,11,1,6897,2189,2785,0
2,d,10000000,9998244,3162,1e-06,2500,3531,2500,3169,15,1,47535,-2,2785,0
2,d,10000000,9998244,3162,1e-06,2500,3532,2500,661,11,1,7271,240,2789,0
2,d,10000000,9998244,3162,1e-06,2500,3533,2500,632,11,1,6952,877,2789,0
2,d,10000000,9998244,3162,1e-06,2500,3534,2500,647,11,1,7117,1486,2789,0
2,d,10000000,9998244,3162,1e-06,2500,3535,2500,660,11,1,7260,2113,2789,0
2,d,10000000,9998244,3162,1e-06,2500,3536,2500,3170,15,1,47550,-3,2789,0
2,d,10000000,9998244,3162,1e-06,2500,3537,2500,632,11,1,6952,221,2793,0
2,d,10000000,9998244,3162,1e-06,2500,3538,2500,647,11,1,7117,829,2793,0
2,d,10000000,9998244,3162,1e-06,2500,3539,2500,663,11,1,7293,1453,2793,0
2,d,10000000,9998244,3162,1e-06,2500,3540,2500,646,11,1,7106,2093,2793,0
2,d,10000000,9998244,3162,1e-06,2500,3541,2500,3170,15,1,47550,-3,2793,0
2,d,10000000,9998244,3162,1e-06,2500,3542,2500,647,11,1,7117,190,2797,0
2,d,10000000,9998244,3162,1e-06,2500,3543,2500,646,11,1,7106,814,2797,0
2,d,10000000,9998244,3162,1e-06,2500,3544,2500,647,11,1,7117,1438,2797,0
2,d,10000000,9998244,3162,1e-06,2500,3545,2500,663,11,1,7293,2062,2797,0
2,d,10000000,9998244,3162,1e-06,2500,3546,2500,3170,15,1,47550,-3,2797,0
2,d,10000000,9998244,3162,1e-06,2500,3547,2500,647,11,1,7117,142,2801,0
2,d,10000000,9998244,3162,1e-06,2500,3548,2500,662,11,1,7282,767,2801,0
2,d,10000000,9998244,3162,1e-06,2500,3549,2500,661,11,1,7271,1405,2801,0
2,d,10000000,9998244,3162,1e-06,2500,3550,2500,647,11,1,7117,2045,2801,0
2,d,10000000,9998244,3162,1e-06,2500,3551,2500,3170,15,1,47550,-3,2801,0
2,d,10000000,9998244,3162,1e-06,2500,3552,2500,644,11,1,7084,143,2805,0
2,d,10000000,9998244,3162,1e-06,2500,3553,2500,631,11,1,6941,765,2805,0
2,d,10000000,9998244,3162,1e-06,2500,3554,2500,645,11,1,7095,1374,2805,0
2,d,10000000,9998244,3162,1e-06,2500,3555,2500,648,11,1,7128,1997,2805,0
2,d,10000000,9998244,3162,1e-06,2500,3556,2500,3170,15,1,47550,-3,2805,0
2,d,10000000,9998244,3162,1e-06,2500,3557,2500,646,11,1,7106,61,2809,0
2,d,10000000,9998244,3162,1e-06,2500,3558,2500,631,11,1,6941,685,2809,0
2,d,10000000,9998244,3162,1e-06,2500,3559,2500,647,11,1,7117,1294,2809,0
2,d,10000000,9998244,3162,1e-06,2500,3560,2500,647,11,1,7117,1917,2809,0
2,d,10000000,9998244,3162,1e-06,2500,3561,2500,3169,15,1,47535,-3,2809,0
2,d,10000000,9998244,3162,1e-06,2500,3562,2500,663,11,1,7293,-2,2813,0
2,d,10000000,9998244,3162,1e-06,2500,3563,2500,663,11,1,7293,637,2813,0
2,d,10000000,9998244,3162,1e-06,2500,3564,2500,648,11,1,7128,1277,2813,0
2,d,10000000,9998244,3162,1e-06,2500,3565,2500,648,11,1,7128,1901,2813,0
2,d,10000000,9998244,3162,1e-06,2500,3566,2500,632,11,1,6952,2525,2813,0
2,d,10000000,9998244,3162,1e-06,2500,3567,2500,3169,15,1,47535,-2,2813,0
2,d,10000000,9998244,3162,1e-06,2500,3568,2500,661,11,1,7271,592,2817,0
2,d,10000000,9998244,3162,1e-06,2500,3569,2500,646,11,1,7106,1231,2817,0
2,d,10000000,9998244,3162,1e-06,2500,3570,2500,664,11,1,7304,1853,2817,0
2,d,10000000,9998244,3162,1e-06,2500,3571,2500,645,11,1,7095,2493,2817,0
2,d,10000000,9998244,3162,1e-06,2500,3572,2500,3170,15,1,47550,-3,2817,0
2,d,10000000,9998244,3162,1e-06,2500,3573,2500,648,11,1,7128,573,2821,0
2,d,10000000,9998244,3162,1e-06,2500,3574,2500,663,11,1,7293,1197,2821,0
2,d,10000000,9998244,3162,1e-06,2500,3575,2500,632,11,1,6952,1837,2821,0
2,d,10000000,9998244,3162,1e-06,2500,3576,2500,663,11,1,7293,2446,2821,0
2,d,10000000,9998244,3162,1e-06,2500,3577,2500,3170,15,1,47550,-3,2821,0
2,d,10000000,9998244,3162,1e-06,2500,3578,2500,663,11,1,7293,541,2825,0
2,d,10000000,9998244,3162,1e-06,2500,3579,2500,628,11,1,6908,1181,2825,0
2,d,10000000,9998244,3162,1e-06,2500,3580,2500,647,11,1,7117,1790,2825,0
2,d,10000000,9998244,3162,1e-06,2500,3581,2500,648,11,1,7128,2413,2825,0
2,d,10000000,9998244,3162,1e-06,2500,3582,2500,3170,15,1,47550,-3,2825,0
2,d,10000000,9998244,3162,1e-06,2500,3583,2500,647,11,1,7117,509,2829,0
2,d,10000000,9998244,3162,1e-06,2500,3584,2500,632,11,1,6952,1133,2829,0
2,d,10000000,9998244,3162,1e-06,2500,3585,2500,647,11,1,7117,1741,2829,0
2,d,10000000,9998244,3162,1e-06,2500,3586,2500,631,11,1,6941,2366,2829,0
2,d,10000000,9998244,3162,1e-06,2500,3587,2500,3170,15,1,47550,-3,2829,0
2,d,10000000,9998244,3162,1e-06,2500,3588,2500,646,11,1,7106,430,2833,0
2,d,10000000,9998244,3162,1e-06,2500,3589,2500,646,11,1,7106,1054,2833,0
2,d,10000000,9998244,3162,1e-06,2500,3590,2500,647,11,1,7117,1677,2833,0
2,d,10000000,9998244,3162,1e-06,2500,3591,2500,631,11,1,6941,2301,2833,0
2,d,10000000,9998244,3162,1e-06,2500,3592,2500,3170,15,1,47550,-3,2833,0
2,d,10000000,9998244,3162,1e-06,2500,3593,2500,646,11,1,7106,382,2837,0
2,d,10000000,9998244,3162,1e-06,2500,3594,2500,661,11,1,7271,1008,2837,0
2,d,10000000,9998244,3162,1e-06,2500,3595,2500,653,11,1,7183,1646,2837,0
2,d,10000000,9998244,3162,1e-06,2500,3596,2500,632,11,1,6952,2285,2837,0
2,d,10000000,9998244,3162,1e-06,2500,3597,2500,3170,15,1,47550,-3,2837,0
2,d,10000000,9998244,3162,1e-06,2500,3598,2500,648,11,1,7128,333,2841,0
2,d,10000000,9998244,3162,1e-06,2500,3599,2500,648,11,1,7128,957,2841,0
2,d,10000000,9998244,3162,1e-06,2500,3600,2500,663,11,1,7293,1581,2841,0
2,d,10000000,9998244,3162,1e-06,2500,3601,2500,648,11,1,7128,2221,2841,0
2,d,10000000,9998244,3162,1e-06,2500,3602,2500,3170,15,1,47550,-3,2841,0
2,d,10000000,9998244,3162,1e-06,2500,3603,2500,634,11,1,6974,314,2845,0
2,d,10000000,9998244,3162,1e-06,2500,3604,2500,663,11,1,7293,925,2845,0
2,d,10000000,9998244,3162,1e-06,2500,3605,2500,630,11,1,6930,1566,2845,0
2,d,10000000,9998244,3162,1e-06,2500,3606,2500,663,11,1,7293,2173,2845,0
2,d,10000000,9998244,3162,1e-06,2500,3607,2500,3169,15,1,47535,-2,2845,0
2,d,10000000,9998244,3162,1e-06,2500,3608,2500,646,11,1,7106,285,2849,0
2,d,10000000,9998244,3162,1e-06,2500,3609,2500,648,11,1,7128,909,2849,0
2,d,10000000,9998244,3162,1e-06,2500,3610,2500,646,11,1,7106,1535,2849,0
2,d,10000000,9998244,3162,1e-06,2500,3611,2500,644,11,1,7084,2159,2849,0
2,d,10000000,9998244,3162,1e-06,2500,3612,2500,3170,15,1,47550,-3,2849,0
2,d,10000000,9998244,3162,1e-06,2500,3613,2500,647,11,1,7117,253,2853,0
2,d,10000000,9998244,3162,1e-06,2500,3614,2500,631,11,1,6941,878,2853,0
2,d,10000000,9998244,3162,1e-06,2500,3615,2500,645,11,1,7095,1488,2853,0
2,d,10000000,9998244,3162,1e-06,2500,3616,2500,615,11,1,6765,2109,2853,0
2,d,10000000,9998244,3162,1e-06,2500,3617,2500,3170,15,1,47550,-3,2853,0
2,d,10000000,9998244,3162,1e-06,2500,3618,2500,615,11,1,6765,158,2857,0
2,d,10000000,9998244,3162,1e-06,2500,3619,2500,661,11,1,7271,750,2857,0
2,d,10000000,9998244,3162,1e-06,2500,3620,2500,647,11,1,7117,1389,2857,0
2,d,10000000,9998244,3162,1e-06,2500,3621,2500,632,11,1,6952,2013,2857,0
2,d,10000000,9998244,3162,1e-06,2500,3622,2500,3170,15,1,47550,-3,2857,0
2,d,10000000,9998244,3162,1e-06,2500,3623,2500,632,11,1,6952,77,2861,0
2,d,10000000,9998244,3162,1e-06,2500,3624,2500,641,11,1,7051,692,2861,0
2,d,10000000,9998244,3162,1e-06,2500,3625,2500,648,11,1,7128,1309,2861,0
2,d,10000000,9998244,3162,1e-06,2500,3626,2500,648,11,1,7128,1933,2861,0
2,d,10000000,9998244,3162,1e-06,2500,3627,2500,3170,15,1,47550,-3,2861,0
2,d,10000000,9998244,3162,1e-06,2500,3628,2500,664,11,1,7304,-3,2865,0
2,d,10000000,9998244,3162,1e-06,2500,3629,2500,632,11,1,6952,637,2865,0
2,d,10000000,9998244,3162,1e-06,2500,3630,2500,660,11,1,7260,1248,2865,0
2,d,10000000,9998244,3162,1e-06,2500,3631,2500,647,11,1,7117,1885,2865,0
2,d,10000000,9998244,3162,1e-06,2500,3632,2500,630,11,1,6930,2510,2865,0
2,d,10000000,9998244,3162,1e-06,2500,3633,2500,3170,15,1,47550,-3,2865,0
2,d,10000000,9998244,3162,1e-06,2500,3634,2500,643,11,1,7073,578,2869,0
2,d,10000000,9998244,3162,1e-06,2500,3635,2500,647,11,1,7117,1198,2869,0
2,d,10000000,9998244,3162,1e-06,2500,3636,2500,644,11,1,7084,1821,2869,0
2,d,10000000,9998244,3162,1e-06,2500,3637,2500,663,11,1,7293,2445,2869,0
2,d,10000000,9998244,3162,1e-06,2500,3638,2500,3170,15,1,47550,-3,2869,0
2,d,10000000,9998244,3162,1e-06,2500,3639,2500,663,11,1,7293,557,2873,0
2,d,10000000,9998244,3162,1e-06,2500,3640,2500,630,11,1,6930,1197,2873,0
2,d,10000000,9998244,3162,1e-06,2500,3641,2500,632,11,1,6952,1805,2873,0
2,d,10000000,9998244,3162,1e-06,2500,3642,2500,664,11,1,7304,2413,2873,0
2,d,10000000,9998244,3162,1e-06,2500,3643,2500,3169,15,1,47535,-3,2873,0
2,d,10000000,9998244,3162,1e-06,2500,3644,2500,643,11,1,7073,514,2877,0
2,d,10000000,9998244,3162,1e-06,2500,3645,2500,660,11,1,7260,1136,2877,0
2,d,10000000,9998244,3162,1e-06,2500,3646,2500,662,11,1,7282,1774,2877,0
2,d,10000000,9998244,3162,1e-06,2500,3647,2500,648,11,1,7128,2413,2877,0
2,d,10000000,9998244,3162,1e-06,2500,3648,2500,3168,15,1,47520,-2,2877,0
2,d,10000000,9998244,3162,1e-06,2500,3649,2500,647,11,1,7117,510,2881,0
2,d,10000000,9998244,3162,1e-06,2500,3650,2500,632,11,1,6952,1133,2881,0
2,d,10000000,9998244,3162,1e-06,2500,3651,2500,648,11,1,7128,1741,2881,0
2,d,10000000,9998244,3162,1e-06,2500,3652,2500,664,11,1,7304,2365,2881,0
2,d,10000000,9998244,3162,1e-06,2500,3653,2500,3170,15,1,47550,-3,2881,0
2,d,10000000,9998244,3162,1e-06,2500,3654,2500,631,11,1,6941,462,2885,0
2,d,10000000,9998244,3162,1e-06,2500,3655,2500,678,11,1,7458,1071,2885,0
2,d,10000000,9998244,3162,1e-06,2500,3656,2500,648,11,1,7128,1725,2885,0
2,d,10000000,9998244,3162,1e-06,2500,3657,2500,646,11,1,7106,2366,2885,0
2,d,10000000,9998244,3162,1e-06,2500,3658,2500,3169,15,1,47535,-2,2885,0
2,d,10000000,9998244,3162,1e-06,2500,3659,2500,664,11,1,7304,445,2889,0
2,d,10000000,9998244,3162,1e-06,2500,3660,2500,664,11,1,7304,1085,2889,0
2,d,10000000,9998244,3162,1e-06,2500,3661,2500,647,11,1,7117,1725,2889,0
2,d,10000000,9998244,3162,1e-06,2500,3662,2500,663,11,1,7293,2349,2889,0
2,d,10000000,9998244,3162,1e-06,2500,3663,2500,3170,15,1,47550,-3,2889,0
2,d,10000000,9998244,3162,1e-06,2500,3664,2500,662,11,1,7282,462,2893,0
2,d,10000000,9998244,3162,1e-06,2500,3665,2500,663,11,1,7293,1101,2893,0
2,d,10000000,9998244,3162,1e-06,2500,3666,2500,648,11,1,7128,1741,2893,0
2,d,10000000,9998244,3162,1e-06,2500,3667,2500,661,11,1,7271,2367,2893,0
2,d,10000000,9998244,3162,1e-06,2500,3668,2500,3170,15,1,47550,-3,2893,0
2,d,10000000,9998244,3162,1e-06,2500,3669,2500,647,11,1,7117,445,2897,0
2,d,10000000,9998244,3162,1e-06,2500,3670,2500,648,11,1,7128,1069,2897,0
2,d,10000000,9998244,3162,1e-06,2500,3671,2500,632,11,1,6952,1693,2897,0
2,d,10000000,9998244,3162,1e-06,2500,3672,2500,645,11,1,7095,2303,2897,0
2,d,10000000,9998244,3162,1e-06,2500,3673,2500,3170,15,1,47550,-3,2897,0
2,d,10000000,9998244,3162,1e-06,2500,3674,2500,664,11,1,7304,397,2901,0
2,d,10000000,9998244,3162,1e-06,2500,3675,2500,664,11,1,7304,1037,2901,0
2,d,10000000,9998244,3162,1e-06,2500,3676,2500,667,11,1,7337,1678,2901,0
2,d,10000000,9998244,3162,1e-06,2500,3677,2500,646,11,1,7106,2334,2901,0
2,d,10000000,9998244,3162,1e-06,2500,3678,2500,3169,15,1,47535,-3,2901,0
2,d,10000000,9998244,3162,1e-06,2500,3679,2500,636,11,1,6996,409,2905,0
2,d,10000000,9998244,3162,1e-06,2500,3680,2500,648,11,1,7128,1021,2905,0
2,d,10000000,9998244,3162,1e-06,2500,3681,2500,646,11,1,7106,1647,2905,0
2,d,10000000,9998244,3162,1e-06,2500,3682,2500,648,11,1,7128,2269,2905,0
2,d,10000000,9998244,3162,1e-06,2500,3683,2500,3169,15,1,47535,-2,2905,0
2,d,10000000,9998244,3162,1e-06,2500,3684,2500,663,11,1,7293,381,2909,0
2,d,10000000,9998244,3162,1e-06,2500,3685,2500,647,11,1,7117,1022,2909,0
2,d,10000000,9998244,3162,1e-06,2500,3686,2500,646,11,1,7106,1646,2909,0
2,d,10000000,9998244,3162,1e-06,2500,3687,2500,648,11,1,7128,2269,2909,0
2,d,10000000,9998244,3162,1e-06,2500,3688,2500,3170,15,1,47550,-3,2909,0
2,d,10000000,9998244,3162,1e-06,2500,3689,2500,630,11,1,6930,350,2913,0
2,d,10000000,9998244,3162,1e-06,2500,3690,2500,660,11,1,7260,961,2913,0
2,d,10000000,9998244,3162,1e-06,2500,3691,2500,632,11,1,6952,1597,2913,0
2,d,10000000,9998244,3162,1e-06,2500,3692,2500,648,11,1,7128,2221,2913,0
2,d,10000000,9998244,3162,1e-06,2500,3693,2500,3170,15,1,47550,-3,2913,0
2,d,10000000,9998244,3162,1e-06,2500,3694,2500,662,11,1,7282,303,2917,0
2,d,10000000,9998244,3162,1e-06,2500,3695,2500,647,11,1,7117,941,2917,0
2,d,10000000,9998244,3162,1e-06,2500,3696,2500,632,11,1,6952,1565,2917,0
2,d,10000000,9998244,3162,1e-06,2500,3697,2500,631,11,1,6941,2190,2917,0
2,d,10000000,9998244,3162,1e-06,2500,3698,2500,3169,15,1,47535,-3,2917,0
2,d,10000000,9998244,3162,1e-06,2500,3699,2500,630,11,1,6930,270,2921,0
2,d,10000000,9998244,3162,1e-06,2500,3700,2500,648,11,1,7128,877,2921,0
2,d,10000000,9998244,3162,1e-06,2500,3701,2500,648,11,1,7128,1501,2921,0
2,d,10000000,9998244,3162,1e-06,2500,3702,2500,647,11,1,7117,2126,2921,0
2,d,10000000,9998244,3162,1e-06,2500,3703,2500,3170,15,1,47550,-3,2921,0
2,d,10000000,9998244,3162,1e-06,2500,3704,2500,646,11,1,7106,207,2925,0
2,d,10000000,9998244,3162,1e-06,2500,3705,2500,648,11,1,7128,829,2925,0
2,d,10000000,9998244,3162,1e-06,2500,3706,2500,646,11,1,7106,1453,2925,0
2,d,10000000,9998244,3162,1e-06,2500,3707,2500,631,11,1,6941,2077,2925,0
2,d,10000000,9998244,3162,1e-06,2500,3708,2500,3169,15,1,47535,-2,2925,0
2,d,10000000,9998244,3162,1e-06,2500,3709,2500,648,11,1,7128,157,2929,0
2,d,10000000,9998244,3162,1e-06,2500,3710,2500,615,11,1,6765,781,2929,0
2,d,10000000,9998244,3162,1e-06,2500,3711,2500,647,11,1,7117,1389,2929,0
2,d,10000000,9998244,3162,1e-06,2500,3712,2500,632,11,1,6952,2013,2929,0
2,d,10000000,9998244,3162,1e-06,2500,3713,2500,3169,15,1,47535,-3,2929,0
2,d,10000000,9998244,3162,1e-06,2500,3714,2500,646,11,1,7106,78,2933,0
2,d,10000000,9998244,3162,1e-06,2500,3715,2500,648,11,1,7128,701,2933,0
2,d,10000000,9998244,3162,1e-06,2500,3716,2500,647,11,1,7117,1325,2933,0
2,d,10000000,9998244,3162,1e-06,2500,3717,2500,648,11,1,7128,1949,2933,0
2,d,10000000,9998244,3162,1e-06,2500,3718,2500,3170,15,1,47550,-3,2933,0
2,d,10000000,9998244,3162,1e-06,2500,3719,2500,632,11,1,6952,45,2937,0
2,d,10000000,9998244,3162,1e-06,2500,3720,2500,647,11,1,7117,654,2937,0
2,d,10000000,9998244,3162,1e-06,2500,3721,2500,647,11,1,7117,1278,2937,0
2,d,10000000,9998244,3162,1e-06,2500,3722,2500,663,11,1,7293,1901,2937,0
2,d,10000000,9998244,3162,1e-06,2500,3723,2500,626,11,1,6886,2541,2937,0
2,d,10000000,9998244,3162,1e-06,2500,3724,2500,3170,15,1,47550,-3,2937,0
2,d,10000000,9998244,3162,1e-06,2500,3725,2500,648,11,1,7128,621,2941,0
2,d,10000000,9998244,3162,1e-06,2500,3726,2500,647,11,1,7117,1246,2941,0
2,d,10000000,9998244,3162,1e-06,2500,3727,2500,648,11,1,7128,1869,2941,0
2,d,10000000,9998244,3162,1e-06,2500,3728,2500,646,11,1,7106,2494,2941,0
2,d,10000000,9998244,3162,1e-06,2500,3729,2500,3169,15,1,47535,-3,2941,0
2,d,10000000,9998244,3162,1e-06,2500,3730,2500,622,11,1,6842,557,2945,0
2,d,10000000,9998244,3162,1e-06,2500,3731,2500,646,11,1,7106,1166,2945,0
2,d,10000000,9998244,3162,1e-06,2500,3732,2500,663,11,1,7293,1789,2945,0
2,d,10000000,9998244,3162,1e-06,2500,3733,2500,647,11,1,7117,2430,2945,0
2,d,10000000,9998244,3162,1e-06,2500,3734,2500,3170,15,1,47550,-3,2945,0
2,d,10000000,9998244,3162,1e-06,2500,3735,2500,660,11,1,7260,525,2949,0
2,d,10000000,9998244,3162,1e-06,2500,3736,2500,616,11,1,6776,1165,2949,0
2,d,10000000,9998244,3162,1e-06,2500,3737,2500,640,11,1,7040,1765,2949,0
2,d,10000000,9998244,3162,1e-06,2500,3738,2500,648,11,1,7128,2381,2949,0
2,d,10000000,9998244,3162,1e-06,2500,3739,2500,3169,15,1,47535,-3,2949,0
2,d,10000000,9998244,3162,1e-06,2500,3740,2500,655,11,1,7205,485,2953,0
2,d,10000000,9998244,3162,1e-06,2500,3741,2500,645,11,1,7095,1117,2953,0
2,d,10000000,9998244,3162,1e-06,2500,3742,2500,632,11,1,6952,1741,2953,0
2,d,10000000,9998244,3162,1e-06,2500,3743,2500,631,11,1,6941,2350,2953,0
2,d,10000000,9998244,3162,1e-06,2500,3744,2500,3170,15,1,47550,-3,2953,0
2,d,10000000,9998244,3162,1e-06,2500,3745,2500,659,11,1,7249,445,2957,0
2,d,10000000,9998244,3162,1e-06,2500,3746,2500,631,11,1,6941,1086,2957,0
2,d,10000000,9998244,3162,1e-06,2500,3747,2500,663,11,1,7293,1694,2957,0
2,d,10000000,9998244,3162,1e-06,2500,3748,2500,647,11,1,7117,2333,2957,0
2,d,10000000,9998244,3162,1e-06,2500,3749,2500,3170,15,1,47550,-3,2957,0
2,d,10000000,9998244,3162,1e-06,2500,3750,2500,643,11,1,7073,417,2961,0
2,d,10000000,9998244,3162,1e-06,2500,3751,2500,632,11,1,6952,1037,2961,0
2,d,10000000,9998244,3162,1e-06,2500,3752,2500,632,11,1,6952,1661,2961,0
2,d,10000000,9998244,3162,1e-06,2500,3753,2500,645,11,1,7095,2270,2961,0
2,d,10000000,9998244,3162,1e-06,2500,3754,2500,3170,15,1,47550,-3,2961,0
2,d,10000000,9998244,3162,1e-06,2500,3755,2500,641,11,1,7051,350,2965,0
2,d,10000000,9998244,3162,1e-06,2500,3756,2500,664,11,1,7304,973,2965,0
2,d,10000000,9998244,3162,1e-06,2500,3757,2500,631,11,1,6941,1614,2965,0
2,d,10000000,9998244,3162,1e-06,2500,3758,2500,631,11,1,6941,2222,2965,0
2,d,10000000,9998244,3162,1e-06,2500,3759,2500,3169,15,1,47535,-3,2965,0
2,d,10000000,9998244,3162,1e-06,2500,3760,2500,648,11,1,7128,301,2969,0
2,d,10000000,9998244,3162,1e-06,2500,3761,2500,661,11,1,7271,928,2969,0
2,d,10000000,9998244,3162,1e-06,2500,3762,2500,647,11,1,7117,1566,2969,0
2,d,10000000,9998244,3162,1e-06,2500,3763,2500,646,11,1,7106,2191,2969,0
2,d,10000000,9998244,3162,1e-06,2500,3764,2500,3170,15,1,47550,-3,2969,0
2,d,10000000,9998244,3162,1e-06,2500,3765,2500,632,11,1,6952,269,2973,0
2,d,10000000,9998244,3162,1e-06,2500,3766,2500,644,11,1,7084,879,2973,0
2,d,10000000,9998244,3162,1e-06,2500,3767,2500,632,11,1,6952,1501,2973,0
2,d,10000000,9998244,3162,1e-06,2500,3768,2500,660,11,1,7260,2110,2973,0
2,d,10000000,9998244,3162,1e-06,2500,3769,2500,3170,15,1,47550,-3,2973,0
2,d,10000000,9998244,3162,1e-06,2500,3770,2500,647,11,1,7117,221,2977,0
2,d,10000000,9998244,3162,1e-06,2500,3771,2500,631,11,1,6941,845,2977,0
2,d,10000000,9998244,3162,1e-06,2500,3772,2500,647,11,1,7117,1454,2977,0
2,d,10000000,9998244,3162,1e-06,2500,3773,2500,648,11,1,7128,2077,2977,0
2,d,10000000,9998244,3162,1e-06,2500,3774,2500,3170,15,1,47550,-3,2977,0
2,d,10000000,9998244,3162,1e-06,2500,3775,2500,631,11,1,6941,174,2981,0
2,d,10000000,9998244,3162,1e-06,2500,3776,2500,648,11,1,7128,781,2981,0
2,d,10000000,9998244,3162,1e-06,2500,3777,2500,640,11,1,7040,1413,2981,0
2,d,10000000,9998244,3162,1e-06,2500,3778,2500,650,11,1,7150,2043,2981,0
2,d,10000000,9998244,3162,1e-06,2500,3779,2500,3170,15,1,47550,-3,2981,0
2,d,10000000,9998244,3162,1e-06,2500,3780,2500,632,11,1,6952,141,2985,0
2,d,10000000,9998244,3162,1e-06,2500,3781,2500,662,11,1,7282,750,2985,0
2,d,10000000,9998244,3162,1e-06,2500,3782,2500,656,11,1,7216,1389,2985,0
2,d,10000000,9998244,3162,1e-06,2500,3783,2500,631,11,1,6941,2029,2985,0
2,d,10000000,9998244,3162,1e-06,2500,3784,2500,3169,15,1,47535,-2,2985,0
2,d,10000000,9998244,3162,1e-06,2500,3785,2500,648,11,1,7128,93,2989,0
2,d,10000000,9998244,3162,1e-06,2500,3786,2500,647,11,1,7117,718,2989,0
2,d,10000000,9998244,3162,1e-06,2500,3787,2500,646,11,1,7106,1341,2989,0
2,d,10000000,9998244,3162,1e-06,2500,3788,2500,647,11,1,7117,1966,2989,0
2,d,10000000,9998244,3162,1e-06,2500,3789,2500,3170,15,1,47550,-3,2989,0
2,d,10000000,9998244,3162,1e-06,2500,3790,2500,635,11,1,6985,42,2993,0
2,d,10000000,9998244,3162,1e-06,2500,3791,2500,664,11,1,7304,653,2993,0
2,d,10000000,9998244,3162,1e-06,2500,3792,2500,631,11,1,6941,1294,2993,0
2,d,10000000,9998244,3162,1e-06,2500,3793,2500,632,11,1,6952,1901,2993,0
2,d,10000000,9998244,3162,1e-06,2500,3794,2500,647,11,1,7117,2509,2993,0
2,d,10000000,9998244,3162,1e-06,2500,3795,2500,3170,15,1,47550,-3,2993,0
2,d,10000000,9998244,3162,1e-06,2500,3796,2500,628,11,1,6908,605,2997,0
2,d,10000000,9998244,3162,1e-06,2500,3797,2500,663,11,1,7293,1213,2997,0
2,d,10000000,9998244,3162,1e-06,2500,3798,2500,663,11,1,7293,1853,2997,0
2,d,10000000,9998244,3162,1e-06,2500,3799,2500,663,11,1,7293,2493,2997,0
2,d,10000000,9998244,3162,1e-06,2500,3800,2500,3170,15,1,47550,-3,2997,0
2,d,10000000,9998244,3162,1e-06,2500,3801,2500,647,11,1,7117,605,3001,0
2,d,10000000,9998244,3162,1e-06,2500,3802,2500,631,11,1,6941,1230,3001,0
2,d,10000000,9998244,3162,1e-06,2500,3803,2500,650,11,1,7150,1841,3001,0
2,d,10000000,9998244,3162,1e-06,2500,3804,2500,631,11,1,6941,2477,3001,0
2,d,10000000,9998244,3162,1e-06,2500,3805,2500,3170,15,1,47550,-3,3001,0
2,d,10000000,9998244,3162,1e-06,2500,3806,2500,648,11,1,7128,557,3005,0
2,d,10000000,9998244,3162,1e-06,2500,3807,2500,663,11,1,7293,1181,3005,0
2,d,10000000,9998244,3162,1e-06,2500,3808,2500,632,11,1,6952,1821,3005,0
2,d,10000000,9998244,3162,1e-06,2500,3809,2500,635,11,1,6985,2441,3005,0
2,d,10000000,9998244,3162,1e-06,2500,3810,2500,3169,15,1,47535,-2,3005,0
2,d,10000000,9998244,3162,1e-06,2500,3811,2500,646,11,1,7106,525,3009,0
2,d,10000000,9998244,3162,1e-06,2500,3812,2500,647,11,1,7117,1149,3009,0
2,d,10000000,9998244,3162,1e-06,2500,3813,2500,632,11,1,6952,1773,3009,0
2,d,10000000,9998244,3162,1e-06,2500,3814,2500,659,11,1,7249,2385,3009,0
2,d,10000000,9998244,3162,1e-06,2500,3815,2500,3169,15,1,47535,-3,3009,0
2,d,10000000,9998244,3162,1e-06,2500,3816,2500,631,11,1,6941,478,3013,0
2,d,10000000,9998244,3162,1e-06,2500,3817,2500,647,11,1,7117,1086,3013,0
2,d,10000000,9998244,3162,1e-06,2500,3818,2500,661,11,1,7271,1709,3013,0
2,d,10000000,9998244,3162,1e-06,2500,3819,2500,631,11,1,6941,2349,3013,0
2,d,10000000,9998244,3162,1e-06,2500,3820,2500,3170,15,1,47550,-3,3013,0
2,d,10000000,9998244,3162,1e-06,2500,3821,2500,664,11,1,7304,429,3017,0
2,d,10000000,9998244,3162,1e-06,2500,3822,2500,647,11,1,7117,1069,3017,0
2,d,10000000,9998244,3162,1e-06,2500,3823,2500,631,11,1,6941,1693,3017,0
2,d,10000000,9998244,3162,1e-06,2500,3824,2500,645,11,1,7095,2304,3017,0
2,d,10000000,9998244,3162,1e-06,2500,3825,2500,3169,15,1,47535,-2,3017,0
2,d,10000000,9998244,3162,1e-06,2500,3826,2500,664,11,1,7304,365,3021,0
2,d,10000000,9998244,3162,1e-06,2500,3827,2500,664,11,1,7304,1005,3021,0
2,d,10000000,9998244,3162,1e-06,2500,3828,2500,647,11,1,7117,1645,3021,0
2,d,10000000,9998244,3162,1e-06,2500,3829,2500,663,11,1,7293,2269,3021,0
2,d,10000000,9998244,3162,1e-06,2500,3830,2500,3170,15,1,47550,-3,3021,0
2,d,10000000,9998244,3162,1e-06,2500,3831,2500,632,11,1,6952,397,3025,0
2,d,10000000,9998244,3162,1e-06,2500,3832,2500,647,11,1,7117,1005,3025,0
2,d,10000000,9998244,3162,1e-06,2500,3833,2500,662,11,1,7282,1629,3025,0
2,d,10000000,9998244,3162,1e-06,2500,3834,2500,648,11,1,7128,2269,3025,0
2,d,10000000,9998244,3162,1e-06,2500,3835,2500,3169,15,1,47535,-2,3025,0
2,d,10000000,9998244,3162,1e-06,2500,3836,2500,663,11,1,7293,366,3029,0
2,d,10000000,9998244,3162,1e-06,2500,3837,2500,648,11,1,7128,1005,3029,0
2,d,10000000,9998244,3162,1e-06,2500,3838,2500,661,11,1,7271,1631,3029,0
2,d,10000000,9998244,3162,1e-06,2500,3839,2500,632,11,1,6952,2269,3029,0
2,d,10000000,9998244,3162,1e-06,2500,3840,2500,3169,15,1,47535,-3,3029,0
2,d,10000000,9998244,3162,1e-06,2500,3841,2500,632,11,1,6952,349,3033,0
2,d,10000000,9998244,3162,1e-06,2500,3842,2500,662,11,1,7282,958,3033,0
2,d,10000000,9998244,3162,1e-06,2500,3843,2500,646,11,1,7106,1598,3033,0
2,d,10000000,9998244,3162,1e-06,2500,3844,2500,645,11,1,7095,2221,3033,0
2,d,10000000,9998244,3162,1e-06,2500,3845,2500,3170,15,1,47550,-3,3033,0
2,d,10000000,9998244,3162,1e-06,2500,3846,2500,648,11,1,7128,317,3037,0
2,d,10000000,9998244,3162,1e-06,2500,3847,2500,648,11,1,7128,941,3037,0
2,d,10000000,9998244,3162,1e-06,2500,3848,2500,657,11,1,7227,1571,3037,0
2,d,10000000,9998244,3162,1e-06,2500,3849,2500,648,11,1,7128,2205,3037,0
2,d,10000000,9998244,3162,1e-06,2500,3850,2500,3170,15,1,47550,-3,3037,0
2,d,10000000,9998244,3162,1e-06,2500,3851,2500,648,11,1,7128,285,3041,0
2,d,10000000,9998244,3162,1e-06,2500,3852,2500,648,11,1,7128,909,3041,0
2,d,10000000,9998244,3162,1e-06,2500,3853,2500,646,11,1,7106,1538,3041,0
2,d,10000000,9998244,3162,1e-06,2500,3854,2500,647,11,1,7117,2173,3041,0
2,d,10000000,9998244,3162,1e-06,2500,3855,2500,3170,15,1,47550,-3,3041,0
2,d,10000000,9998244,3162,1e-06,2500,3856,2500,648,11,1,7128,253,3045,0
2,d,10000000,9998244,3162,1e-06,2500,3857,2500,632,11,1,6952,877,3045,0
2,d,10000000,9998244,3162,1e-06,2500,3858,2500,648,11,1,7128,1485,3045,0
2,d,10000000,9998244,3162,1e-06,2500,3859,2500,631,11,1,6941,2109,3045,0
2,d,10000000,9998244,3162,1e-06,2500,3860,2500,3170,15,1,47550,-3,3045,0
2,d,10000000,9998244,3162,1e-06,2500,3861,2500,632,11,1,6952,173,3049,0
2,d,10000000,9998244,3162,1e-06,2500,3862,2500,646,11,1,7106,782,3049,0
2,d,10000000,9998244,3162,1e-06,2500,3863,2500,647,11,1,7117,1406,3049,0
2,d,10000000,9998244,3162,1e-06,2500,3864,2500,646,11,1,7106,2030,3049,0
2,d,10000000,9998244,3162,1e-06,2500,3865,2500,3170,15,1,47550,-3,3049,0
2,d,10000000,9998244,3162,1e-06,2500,3866,2500,663,11,1,7293,109,3053,0
2,d,10000000,9998244,3162,1e-06,2500,3867,2500,632,11,1,6952,749,3053,0
2,d,10000000,9998244,3162,1e-06,2500,3868,2500,663,11,1,7293,1358,3053,0
2,d,10000000,9998244,3162,1e-06,2500,3869,2500,647,11,1,7117,1998,3053,0
2,d,10000000,9998244,3162,1e-06,2500,3870,2500,3170,15,1,47550,-3,3053,0
2,d,10000000,9998244,3162,1e-06,2500,3871,2500,632,11,1,6952,93,3057,0
2,d,10000000,9998244,3162,1e-06,2500,3872,2500,646,11,1,7106,701,3057,0
2,d,10000000,9998244,3162,1e-06,2500,3873,2500,647,11,1,7117,1325,3057,0
2,d,10000000,9998244,3162,1e-06,2500,3874,2500,647,11,1,7117,1949,3057,0
2,d,10000000,9998244,3162,1e-06,2500,3875,2500,3169,15,1,47535,-3,3057,0
2,d,10000000,9998244,3162,1e-06,2500,3876,2500,632,11,1,6952,13,3061,0
2,d,10000000,9998244,3162,1e-06,2500,3877,2500,648,11,1,7128,621,3061,0
2,d,10000000,9998244,3162,1e-06,2500,3878,2500,663,11,1,7293,1246,3061,0
2,d,10000000,9998244,3162,1e-06,2500,3879,2500,647,11,1,7117,1885,3061,0
2,d,10000000,9998244,3162,1e-06,2500,3880,2500,646,11,1,7106,2510,3061,0
2,d,10000000,9998244,3162,1e-06,2500,3881,2500,3170,15,1,47550,-3,3061,0
2,d,10000000,9998244,3162,1e-06,2500,3882,2500,647,11,1,7117,590,3065,0
2,d,10000000,9998244,3162,1e-06,2500,3883,2500,675,11,1,7425,1215,3065,0
2,d,10000000,9998244,3162,1e-06,2500,3884,2500,647,11,1,7117,1869,3065,0
2,d,10000000,9998244,3162,1e-06,2500,3885,2500,648,11,1,7128,2493,3065,0
2,d,10000000,9998244,3162,1e-06,2500,3886,2500,3170,15,1,47550,-3,3065,0
2,d,10000000,9998244,3162,1e-06,2500,3887,2500,646,11,1,7106,573,3069,0
2,d,10000000,9998244,3162,1e-06,2500,3888,2500,631,11,1,6941,1198,3069,0
2,d,10000000,9998244,3162,1e-06,2500,3889,2500,645,11,1,7095,1808,3069,0
2,d,10000000,9998244,3162,1e-06,2500,3890,2500,644,11,1,7084,2431,3069,0
2,d,10000000,9998244,3162,1e-06,2500,3891,2500,3170,15,1,47550,-3,3069,0
2,d,10000000,9998244,3162,1e-06,2500,3892,2500,647,11,1,7117,509,3073,0
2,d,10000000,9998244,3162,1e-06,2500,3893,2500,663,11,1,7293,1133,3073,0
2,d,10000000,9998244,3162,1e-06,2500,3894,2500,632,11,1,6952,1773,3073,0
2,d,10000000,9998244,3162,1e-06,2500,3895,2500,647,11,1,7117,2382,3073,0
2,d,10000000,9998244,3162,1e-06,2500,3896,2500,3170,15,1,47550,-3,3073,0
2,d,10000000,9998244,3162,1e-06,2500,3897,2500,632,11,1,6952,461,3077,0
2,d,10000000,9998244,3162,1e-06,2500,3898,2500,648,11,1,7128,1069,3077,0
2,d,10000000,9998244,3162,1e-06,2500,3899,2500,632,11,1,6952,1693,3077,0
2,d,10000000,9998244,3162,1e-06,2500,3900,2500,663,11,1,7293,2302,3077,0
2,d,10000000,9998244,3162,1e-06,2500,3901,2500,3170,15,1,47550,-3,3077,0
2,d,10000000,9998244,3162,1e-06,2500,3902,2500,645,11,1,7095,416,3081,0
2,d,10000000,9998244,3162,1e-06,2500,3903,2500,647,11,1,7117,1038,3081,0
2,d,10000000,9998244,3162,1e-06,2500,3904,2500,648,11,1,7128,1677,3081,0
2,d,10000000,9998244,3162,1e-06,2500,3905,2500,648,11,1,7128,2301,3081,0
2,d,10000000,9998244,3162,1e-06,2500,3906,2500,3168,15,1,47520,-2,3081,0
2,d,10000000,9998244,3162,1e-06,2500,3907,2500,646,11,1,7106,397,3085,0
2,d,10000000,9998244,3162,1e-06,2500,3908,2500,647,11,1,7117,1021,3085,0
2,d,10000000,9998244,3162,1e-06,2500,3909,2500,632,11,1,6952,1645,3085,0
2,d,10000000,9998244,3162,1e-06,2500,3910,2500,663,11,1,7293,2253,3085,0
2,d,10000000,9998244,3162,1e-06,2500,3911,2500,3170,15,1,47550,-3,3085,0
2,d,10000000,9998244,3162,1e-06,2500,3912,2500,664,11,1,7304,365,3089,0
2,d,10000000,9998244,3162,1e-06,2500,3913,2500,647,11,1,7117,1005,3089,0
2,d,10000000,9998244,3162,1e-06,2500,3914,2500,632,11,1,6952,1629,3089,0
2,d,10000000,9998244,3162,1e-06,2500,3915,2500,646,11,1,7106,2238,3089,0
2,d,10000000,9998244,3162,1e-06,2500,3916,2500,3170,15,1,47550,-3,3089,0
2,d,10000000,9998244,3162,1e-06,2500,3917,2500,646,11,1,7106,334,3093,0
2,d,10000000,9998244,3162,1e-06,2500,3918,2500,647,11,1,7117,957,3093,0
2,d,10000000,9998244,3162,1e-06,2500,3919,2500,647,11,1,7117,1582,3093,0
2,d,10000000,9998244,3162,1e-06,2500,3920,2500,648,11,1,7128,2205,3093,0
2,d,10000000,9998244,3162,1e-06,2500,3921,2500,3169,15,1,47535,-3,3093,0
2,d,10000000,9998244,3162,1e-06,2500,3922,2500,632,11,1,6952,301,3097,0
2,d,10000000,9998244,3162,1e-06,2500,3923,2500,648,11,1,7128,909,3097,0
2,d,10000000,9998244,3162,1e-06,2500,3924,2500,664,11,1,7304,1533,3097,0
2,d,10000000,9998244,3162,1e-06,2500,3925,2500,647,11,1,7117,2174,3097,0
2,d,10000000,9998244,3162,1e-06,2500,3926,2500,3170,15,1,47550,-3,3097,0
2,d,10000000,9998244,3162,1e-06,2500,3927,2500,615,11,1,6765,270,3101,0
2,d,10000000,9998244,3162,1e-06,2500,3928,2500,664,11,1,7304,861,3101,0
2,d,10000000,9998244,3162,1e-06,2500,3929,2500,632,11,1,6952,1501,3101,0
2,d,10000000,9998244,3162,1e-06,2500,3930,2500,671,11,1,7381,2118,3101,0
2,d,10000000,9998244,3162,1e-06,2500,3931,2500,3170,15,1,47550,-3,3101,0
2,d,10000000,9998244,3162,1e-06,2500,3932,2500,631,11,1,6941,222,3105,0
2,d,10000000,9998244,3162,1e-06,2500,3933,2500,663,11,1,7293,829,3105,0
2,d,10000000,9998244,3162,1e-06,2500,3934,2500,631,11,1,6941,1469,3105,0
2,d,10000000,9998244,3162,1e-06,2500,3935,2500,632,11,1,6952,2077,3105,0
2,d,10000000,9998244,3162,1e-06,2500,3936,2500,3170,15,1,47550,-3,3105,0
2,d,10000000,9998244,3162,1e-06,2500,3937,2500,645,11,1,7095,157,3109,0
2,d,10000000,9998244,3162,1e-06,2500,3938,2500,648,11,1,7128,781,3109,0
2,d,10000000,9998244,3162,1e-06,2500,3939,2500,663,11,1,7293,1406,3109,0
2,d,10000000,9998244,3162,1e-06,2500,3940,2500,648,11,1,7128,2045,3109,0
2,d,10000000,9998244,3162,1e-06,2500,3941,2500,3170,15,1,47550,-3,3109,0
2,d,10000000,9998244,3162,1e-06,2500,3942,2500,647,11,1,7117,158,3113,0
2,d,10000000,9998244,3162,1e-06,2500,3943,2500,628,11,1,6908,783,3113,0
2,d,10000000,9998244,3162,1e-06,2500,3944,2500,644,11,1,7084,1389,3113,0
2,d,10000000,9998244,3162,1e-06,2500,3945,2500,647,11,1,7117,2014,3113,0
2,d,10000000,9998244,3162,1e-06,2500,3946,2500,3169,15,1,47535,-3,3113,0
2,d,10000000,9998244,3162,1e-06,2500,3947,2500,630,11,1,6930,109,3117,0
2,d,10000000,9998244,3162,1e-06,2500,3948,2500,646,11,1,7106,719,3117,0
2,d,10000000,9998244,3162,1e-06,2500,3949,2500,647,11,1,7117,1341,3117,0
2,d,10000000,9998244,3162,1e-06,2500,3950,2500,648,11,1,7128,1965,3117,0
2,d,10000000,9998244,3162,1e-06,2500,3951,2500,3170,15,1,47550,-3,3117,0
2,d,10000000,9998244,3162,1e-06,2500,3952,2500,616,11,1,6776,45,3121,0
2,d,10000000,9998244,3162,1e-06,2500,3953,2500,663,11,1,7293,637,3121,0
2,d,10000000,9998244,3162,1e-06,2500,3954,2500,645,11,1,7095,1277,3121,0
2,d,10000000,9998244,3162,1e-06,2500,3955,2500,632,11,1,6952,1901,3121,0
2,d,10000000,9998244,3162,1e-06,2500,3956,2500,648,11,1,7128,2509,3121,0
2,d,10000000,9998244,3162,1e-06,2500,3957,2500,3169,15,1,47535,-3,3121,0
2,d,10000000,9998244,3162,1e-06,2500,3958,2500,664,11,1,7304,589,3125,0
2,d,10000000,9998244,3162,1e-06,2500,3959,2500,647,11,1,7117,1229,3125,0
2,d,10000000,9998244,3162,1e-06,2500,3960,2500,647,11,1,7117,1853,3125,0
2,d,10000000,9998244,3162,1e-06,2500,3961,2500,646,11,1,7106,2479,3125,0
2,d,10000000,9998244,3162,1e-06,2500,3962,2500,3169,15,1,47535,-2,3125,0
2,d,10000000,9998244,3162,1e-06,2500,3963,2500,648,11,1,7128,557,3129,0
2,d,10000000,9998244,3162,1e-06,2500,3964,2500,631,11,1,6941,1182,3129,0
2,d,10000000,9998244,3162,1e-06,2500,3965,2500,626,11,1,6886,1795,3129,0
2,d,10000000,9998244,3162,1e-06,2500,3966,2500,661,11,1,7271,2399,3129,0
2,d,10000000,9998244,3162,1e-06,2500,3967,2500,3170,15,1,47550,-3,3129,0
2,d,10000000,9998244,3162,1e-06,2500,3968,2500,631,11,1,6941,493,3133,0
2,d,10000000,9998244,3162,1e-06,2500,3969,2500,647,11,1,7117,1102,3133,0
2,d,10000000,9998244,3162,1e-06,2500,3970,2500,646,11,1,7106,1726,3133,0
2,d,10000000,9998244,3162,1e-06,2500,3971,2500,647,11,1,7117,2350,3133,0
2,d,10000000,9998244,3162,1e-06,2500,3972,2500,3170,15,1,47550,-3,3133,0
2,d,10000000,9998244,3162,1e-06,2500,3973,2500,632,11,1,6952,445,3137,0
2,d,10000000,9998244,3162,1e-06,2500,3974,2500,664,11,1,7304,1069,3137,0
2,d,10000000,9998244,3162,1e-06,2500,3975,2500,631,11,1,6941,1710,3137,0
2,d,10000000,9998244,3162,1e-06,2500,3976,2500,658,11,1,7238,2323,3137,0
2,d,10000000,9998244,3162,1e-06,2500,3977,2500,3169,15,1,47535,-2,3137,0
2,d,10000000,9998244,3162,1e-06,2500,3978,2500,664,11,1,7304,413,3141,0
2,d,10000000,9998244,3162,1e-06,2500,3979,2500,647,11,1,7117,1054,3141,0
2,d,10000000,9998244,3162,1e-06,2500,3980,2500,632,11,1,6952,1677,3141,0
2,d,10000000,9998244,3162,1e-06,2500,3981,2500,661,11,1,7271,2286,3141,0
2,d,10000000,9998244,3162,1e-06,2500,3982,2500,3170,15,1,47550,-3,3141,0
2,d,10000000,9998244,3162,1e-06,2500,3983,2500,648,11,1,7128,381,3145,0
2,d,10000000,9998244,3162,1e-06,2500,3984,2500,677,11,1,7447,1008,3145,0
2,d,10000000,9998244,3162,1e-06,2500,3985,2500,664,11,1,7304,1661,3145,0
2,d,10000000,9998244,3162,1e-06,2500,3986,2500,648,11,1,7128,2301,3145,0
2,d,10000000,9998244,3162,1e-06,2500,3987,2500,3170,15,1,47550,-3,3145,0
2,d,10000000,9998244,3162,1e-06,2500,3988,2500,664,11,1,7304,381,3149,0
2,d,10000000,9998244,3162,1e-06,2500,3989,2500,632,11,1,6952,1021,3149,0
2,d,10000000,9998244,3162,1e-06,2500,3990,2500,647,11,1,7117,1629,3149,0
2,d,10000000,9998244,3162,1e-06,2500,3991,2500,647,11,1,7117,2254,3149,0
2,d,10000000,9998244,3162,1e-06,2500,3992,2500,3170,15,1,47550,-3,3149,0
2,d,10000000,9998244,3162,1e-06,2500,3993,2500,660,11,1,7260,320,3153,0
2,d,10000000,9998244,3162,1e-06,2500,3994,2500,647,11,1,7117,957,3153,0
2,d,10000000,9998244,3162,1e-06,2500,3995,2500,647,11,1,7117,1582,3153,0
2,d,10000000,9998244,3162,1e-06,2500,3996,2500,664,11,1,7304,2205,3153,0
2,d,10000000,9998244,3162,1e-06,2500,3997,2500,3170,13,1,41210,-3,3153,0
2,d,10000000,9998244,3162,1e-06,2500,3998,2500,1287,9,1,11583,637,3157,0
2,d,10000000,9998244,3162,1e-06,2500,3999,2500,1265,9,1,11385,1902,3157,0
